"Observation.No";"Observed.y";"Predicted.Prob";"Predicted.y"
2258;0;0,498882813827653;0
1073;1;0,290794499590905;0
793;1;0,448842606237878;0
1328;1;0,49484809181647;0
1454;0;0,319318561761663;0
1556;1;0,464521688312019;0
1889;0;0,581770812089294;1
1375;1;0,612661719884603;1
513;0;0,367418928321165;0
310;1;0,531149846762604;1
1087;0;0,501883394269581;1
1940;1;0,367085321513154;0
1699;1;0,558518649269156;1
778;1;0,553966463639566;1
1822;1;0,305655455501404;0
681;0;0,561253817801864;1
2314;1;0,552037481775969;1
108;0;0,464976435157748;0
1453;0;0,454437337240651;0
1951;0;0,570496719567859;1
713;1;0,358880631931258;0
2087;1;0,355816706137926;0
2157;0;0,308659436959669;0
948;0;0,653747895971137;1
625;0;0,505396380255156;1
1733;0;0,281741850210128;0
641;1;0,498882813827653;0
699;0;0,127129814287146;0
1442;0;0,302784643221032;0
1605;0;0,507618665177209;1
951;1;0,347839757167171;0
44;1;0,348419272553247;0
642;1;0,28728435042028;0
2027;0;0,336220611394964;0
1565;0;0,531149846762604;1
558;0;0,643089880612591;1
588;1;0,685457838585946;1
163;1;0,446898207795264;0
2275;1;0,441665348561039;0
520;0;0,454437337240651;0
2039;1;0,684404781619107;1
48;0;0,238121988451719;0
327;0;0,31224049396112;0
193;0;0,304933445654791;0
453;0;0,501883394269581;1
2353;1;0,489144280963764;0
2175;0;0,520819973922093;1
866;1;0,700654955110375;1
1102;1;0,522183799236127;1
650;1;0,417573624833094;0
791;0;0,584704487527066;1
617;1;0,58870162795558;1
354;1;0,528587729899677;1
1789;1;0,336741671877507;0
2290;1;0,42808076987715;0
2336;0;0,46411005164794;0
1262;0;0,465076538776238;0
1530;0;0,555400984065461;1
1731;0;0,336741671877507;0
828;0;0,34644626101607;0
1242;0;0,347213284122068;0
384;0;0,645512266975027;1
932;0;0,492076530706406;0
2170;0;0,4600249768329;0
167;1;0,520046055657084;1
300;0;0,466742081851526;0
1441;1;0,446465152150604;0
532;1;0,5732115059556;1
5;0;0,30330101056156;0
589;1;0,446465152150604;0
1136;1;0,355052856797874;0
889;0;0,345558936332149;0
2137;0;0,376957923482912;0
1069;0;0,30696194165562;0
2142;1;0,503524530600119;1
1235;0;0,419424828963009;0
1210;0;0,283991109825824;0
1989;0;0,329565468520642;0
2286;0;0,216098116806864;0
134;0;0,447879697071227;0
1113;0;0,349197481489385;0
937;1;0,553966463639566;1
1589;0;0,37252703577655;0
1688;1;0,527029216077758;1
32;0;0,525330948740578;1
1166;1;0,505262163486443;1
565;0;0,319318561761663;0
1189;0;0,530319466782138;1
154;1;0,364387371870195;0
2138;1;0,462628082269442;0
583;1;0,472339956545391;0
1234;1;0,595962914586171;1
2211;1;0,44268987737045;0
987;1;0,689260662254834;1
623;0;0,505396380255156;1
155;1;0,624841272799804;1
1582;1;0,37252703577655;0
970;0;0,364217131732528;0
1941;1;0,69790753754881;1
217;0;0,651582318514769;1
39;1;0,441665348561039;0
690;0;0,310899177483958;0
2130;1;0,732375872768005;1
1388;1;0,445259510797334;0
550;0;0,450623175308483;0
1249;0;0,374030862521779;0
1223;1;0,212413420028583;0
70;0;0,54956794356954;1
2292;0;0,216098116806864;0
658;0;0,510573214914577;1
1583;1;0,710505988198332;1
605;1;0,400305660700013;0
395;1;0,616321612005716;1
382;0;0,513395781441253;1
1193;0;0,465912332812747;0
1926;1;0,446276308974867;0
1771;1;0,696281460542912;1
2299;0;0,480848035546938;0
1476;0;0,627563642687546;1
1485;0;0,627563642687546;1
89;0;0,390020328300414;0
2259;1;0,309085119509568;0
1599;0;0,640204430412516;1
1825;0;0,579572074604823;1
2313;0;0,342058881766404;0
1462;0;0,297106381577713;0
564;0;0,319318561761663;0
433;0;0,30330101056156;0
2294;1;0,178327636840205;0
772;0;0,225609352723289;0
989;0;0,509010464835993;1
1000;0;0,333653048306265;0
84;0;0,242469201444294;0
235;0;0,362177707856482;0
1214;0;0,609200214975167;1
1851;1;0,616363250557399;1
2343;1;0,511588233809188;1
1488;0;0,500258300281557;1
2176;0;0,292440315576828;0
820;1;0,598496893441412;1
42;0;0,349197481489385;0
1144;0;0,197526890217437;0
322;1;0,378427728054033;0
1502;0;0,414399565559059;0
1905;0;0,383736887309379;0
706;0;0,632116120409037;1
945;1;0,466051440173972;0
2334;0;0,214117142499681;0
2007;0;0,228163798733367;0
1457;0;0,337310530754353;0
1163;0;0,465912332812747;0
1519;0;0,299318473518737;0
1047;0;0,30696194165562;0
1310;1;0,245706886364006;0
1585;1;0,633004807083834;1
262;1;0,467029426763046;0
2274;1;0,497350706825351;0
1884;0;0,410898740203337;0
767;1;0,531149846762604;1
1054;0;0,290794499590905;0
2329;1;0,593134519164348;1
2195;0;0,264072012955535;0
984;1;0,332978304022139;0
716;1;0,48253201320392;0
1932;1;0,460935095753807;0
2324;0;0,300827417284047;0
1165;1;0,512310071991876;1
777;0;0,192558543795603;0
1106;1;0,364158884758897;0
1668;0;0,184661713052799;0
1138;0;0,243160785662581;0
337;1;0,335044802589725;0
2321;1;0,623010214023481;1
2225;0;0,460520356543805;0
1440;0;0,185393516797559;0
611;1;0,560196665587593;1
1622;1;0,547229337245296;1
456;0;0,501883394269581;1
1240;1;0,283991109825824;0
1980;1;0,497350706825351;0
1643;0;0,310899177483958;0
2322;1;0,433100230762643;0
255;1;0,540284269288627;1
2316;0;0,425210620507677;0
592;0;0,446465152150604;0
1762;0;0,54956794356954;1
2363;0;0,509456416412365;1
525;1;0,582271500233822;1
614;0;0,5107548393049;1
238;1;0,327458178903867;0
1514;0;0,525330948740578;1
182;1;0,4816202819417;0
1168;0;0,243160785662581;0
30;0;0,627563642687546;1
2189;0;0,361701485645508;0
308;0;0,593172755510152;1
14;0;0,501883394269581;1
849;0;0,161370108881039;0
2191;0;0,561160501048331;1
997;1;0,376957923482912;0
2019;1;0,641969068208905;1
455;0;0,329423214213126;0
885;0;0,506095585416458;1
132;1;0,625761962848295;1
902;0;0,345558936332149;0
226;1;0,345675866123453;0
1013;1;0,625761962848295;1
814;0;0,362964478952653;0
1105;0;0,345558936332149;0
432;0;0,467029426763046;0
1126;1;0,680817063199661;1
512;0;0,46699982230293;0
1241;0;0,476820385428683;0
2376;0;0,284850276010172;0
2288;0;0,319729362396528;0
1730;0;0,314676725882746;0
543;0;0,469790396485869;0
818;0;0,49581361751648;0
1772;1;0,30330101056156;0
1767;1;0,13870856471451;0
2063;0;0,314676725882746;0
1380;0;0,296088327492429;0
1433;0;0,560196665587593;1
651;0;0,353462736332287;0
941;0;0,458046571301515;0
2344;0;0,593134519164348;1
548;0;0,376374594780624;0
297;1;0,728318901056687;1
284;1;0,30330101056156;0
928;0;0,453763530915303;0
415;1;0,11796220771571;0
1377;1;0,641969068208905;1
313;0;0,37252703577655;0
91;0;0,490972493015058;0
1403;0;0,50953539810818;1
212;0;0,345675866123453;0
910;0;0,462628082269442;0
1681;1;0,450856931783053;0
200;1;0,494962623418197;0
422;0;0,364454594356898;0
2111;0;0,407059609354849;0
1230;0;0,512388300858962;1
1608;0;0,350765762417071;0
703;0;0,309085119509568;0
2150;1;0,503524530600119;1
1026;0;0,492745940129524;0
159;1;0,651582318514769;1
1682;0;0,27937357816368;0
903;0;0,463503618162325;0
1332;1;0,544463706917784;1
81;0;0,464976435157748;0
1071;0;0,458046571301515;0
1568;0;0,513143061433547;1
1428;1;0,446465152150604;0
2270;0;0,544772524441219;1
2168;0;0,303611332318991;0
302;0;0,355816706137926;0
423;0;0,336741671877507;0
1741;1;0,625761962848295;1
1896;1;0,383736887309379;0
1816;1;0,520895695580546;1
1635;1;0,50196122799026;1
161;1;0,520046055657084;1
486;0;0,311654098420224;0
2339;0;0,46411005164794;0
1017;1;0,336741671877507;0
1592;0;0,334511183613735;0
444;0;0,424711080469313;0
1964;1;0,400305660700013;0
2206;0;0,602023959959863;1
2009;1;0,50953539810818;1
189;0;0,573323589910273;1
397;0;0,283388990448948;0
518;0;0,319318561761663;0
1038;1;0,48253201320392;0
672;0;0,467029426763046;0
670;0;0,355896266233966;0
1499;0;0,525330948740578;1
770;1;0,487854064038582;0
999;0;0,368669348765252;0
1546;0;0,31142471479151;0
1081;0;0,30696194165562;0
1806;1;0,552446708993951;1
1408;1;0,551323803914427;1
1458;0;0,400305660700013;0
664;0;0,435983240573797;0
133;0;0,30330101056156;0
967;1;0,339677303996337;0
891;1;0,437711329256842;0
1197;0;0,223038849803882;0
1019;0;0,435983240573797;0
1304;1;0,688604657916805;1
176;0;0,362177707856482;0
2110;0;0,287246468587827;0
319;0;0,528587729899677;1
2100;0;0,33734011266239;0
1655;0;0,702807685131746;1
883;1;0,466742081851526;0
1843;1;0,454743167998281;0
2197;0;0,277766877053045;0
876;0;0,293198910840765;0
281;0;0,382508551938933;0
1627;1;0,376957923482912;0
125;1;0,370869922560609;0
2128;0;0,488612751111283;0
1009;1;0,509010464835993;1
1798;0;0,583210667517146;1
1750;0;0,66003266966956;1
2005;0;0,228163798733367;0
500;0;0,240738966246413;0
2222;1;0,423744675939828;0
400;0;0,420077144914516;0
2320;1;0,623010214023481;1
1768;0;0,197630871783098;0
31;0;0,602761606794999;1
2172;1;0,308659436959669;0
2369;1;0,342058881766404;0
1701;1;0,462628082269442;0
392;1;0,488306766835226;0
2179;0;0,303611332318991;0
1995;1;0,383407037839547;0
2153;1;0,5711528486969;1
123;1;0,296578706946081;0
2125;1;0,226917409232767;0
2145;0;0,464183057652579;0
1944;0;0,705679615518466;1
1083;1;0,584704487527066;1
2056;0;0,638153989159556;1
1410;1;0,562592627617033;1
440;1;0,473934454242226;0
682;0;0,629154347965038;1
1659;1;0,466742081851526;0
101;0;0,446972149134129;0
1919;0;0,391380950281775;0
2098;0;0,380850020685487;0
2317;0;0,27937357816368;0
1097;0;0,437711329256842;0
1132;0;0,22924216590755;0
294;0;0,178572358930218;0
930;0;0,625761962848295;1
2069;0;0,167162212469374;0
609;1;0,5107548393049;1
177;1;0,701260825105456;1
1646;1;0,732375872768005;1
1281;0;0,444844291332313;0
477;0;0,5514343809107;1
533;1;0,671578818468717;1
1551;0;0,362964478952653;0
1316;0;0,344704357898667;0
277;1;0,506095585416458;1
1418;1;0,435382146611067;0
349;0;0,370126034190107;0
1029;1;0,33734011266239;0
790;1;0,411580007674963;0
740;0;0,452341599680981;0
341;0;0,464183057652579;0
1931;1;0,46894676481817;0
2208;1;0,28687622598724;0
436;0;0,390915589151428;0
596;1;0,597663597888296;1
786;0;0,458046571301515;0
1259;0;0,53275033741925;1
1787;0;0,30330101056156;0
1280;0;0,346912816347168;0
1228;0;0,595962914586171;1
1500;0;0,507307982217169;1
2040;0;0,529816106148781;1
168;1;0,494962623418197;0
485;0;0,295344841935874;0
36;0;0,357296036355158;0
829;1;0,464521688312019;0
667;0;0,30330101056156;0
1287;0;0,458068098340878;0
1067;1;0,584704487527066;1
447;0;0,371748015224489;0
567;0;0,185393516797559;0
1820;1;0,652354765358571;1
339;1;0,417573624833094;0
1863;1;0,42162529675268;0
21;1;0,367085321513154;0
348;1;0,548778276751144;1
1880;0;0,296946822771318;0
1766;0;0,29830272874922;0
1937;0;0,525330948740578;1
1338;1;0,347213284122068;0
1192;0;0,371748015224489;0
2;0;0,320815838180643;0
1292;1;0,661099498206798;1
2260;0;0,34284968059262;0
198;1;0,345675866123453;0
65;1;0,602501633149357;1
1726;0;0,352034978788748;0
1279;0;0,50337864871295;1
2141;0;0,389261794689241;0
1591;1;0,466742081851526;0
1075;0;0,329565468520642;0
943;1;0,497350706825351;0
696;1;0,305020666193066;0
445;0;0,313735156826828;0
1401;1;0,484447219751471;0
1949;1;0,467029426763046;0
1306;0;0,365376940566059;0
425;1;0,281741850210128;0
1744;1;0,669128567666987;1
913;1;0,333653048306265;0
2086;1;0,380850020685487;0
220;0;0,381151200064513;0
1265;1;0,546017160388617;1
2018;0;0,445259510797334;0
1849;0;0,491912606855196;0
1185;0;0,485974199785513;0
838;1;0,356048608256789;0
1943;1;0,587525847622069;1
1033;0;0,304842760919597;0
1423;0;0,215684250680244;0
1946;0;0,309441704984897;0
1331;0;0,385130919792713;0
1300;0;0,458068098340878;0
325;0;0,335044802589725;0
1317;1;0,474055039984915;0
839;0;0,431193977856345;0
364;0;0,528587729899677;1
568;1;0,400305660700013;0
1237;1;0,526555364635908;1
2163;0;0,473315310052598;0
424;0;0,52379035590757;1
1652;0;0,420077144914516;0
401;0;0,492745940129524;0
988;0;0,449621444250096;0
692;1;0,240738966246413;0
768;0;0,332978304022139;0
1634;0;0,462628082269442;0
615;0;0,542386984677652;1
2257;0;0,473812443367118;0
1910;0;0,391380950281775;0
2136;1;0,647906709026632;1
316;0;0,551323803914427;1
358;1;0,490175397348594;0
1841;0;0,355124558403223;0
1921;0;0,186550433361891;0
127;1;0,355124558403223;0
1973;0;0,418829611617585;0
408;0;0,314453456009793;0
52;1;0,685457838585946;1
371;0;0,31224049396112;0
109;1;0,210156465385423;0
700;0;0,44268987737045;0
927;0;0,336741671877507;0
723;1;0,434635865827291;0
2331;1;0,433100230762643;0
191;1;0,651582318514769;1
844;1;0,698621199148681;1
1492;1;0,460935095753807;0
50;1;0,643089880612591;1
1362;0;0,125425244378487;0
1404;1;0,301755485157056;0
68;1;0,726912603658094;1
1847;1;0,505262163486443;1
1253;0;0,296662658904054;0
1277;1;0,465076538776238;0
990;0;0,527029216077758;1
1950;0;0,514519518619688;1
247;1;0,362177707856482;0
986;0;0,441665348561039;0
460;0;0,483844877219816;0
1641;1;0,488612751111283;0
4;0;0,435983240573797;0
1215;1;0,559413090352782;1
1133;0;0,197526890217437;0
2010;0;0,491493224083813;0
2341;0;0,334126146907113;0
320;0;0,370126034190107;0
1704;1;0,558518649269156;1
1657;0;0,735604978316569;1
906;1;0,376957923482912;0
1339;1;0,45651325018955;0
98;0;0,370869922560609;0
1156;1;0,371748015224489;0
2105;1;0,355816706137926;0
825;1;0,652354765358571;1
1284;0;0,295738055673277;0
1018;0;0,216098116806864;0
1060;0;0,30696194165562;0
147;0;0,484005684577152;0
2223;1;0,28728435042028;0
1524;1;0,449078803024835;0
1990;1;0,522429971283103;1
940;1;0,458046571301515;0
1996;0;0,31224049396112;0
2240;0;0,28728435042028;0
607;1;0,353628853760917;0
887;0;0,580224540979252;1
895;1;0,5514343809107;1
2129;0;0,488612751111283;0
2278;0;0,480810901187973;0
717;0;0,443365996448955;0
1006;1;0,470643486309122;0
1305;0;0,50337864871295;1
629;0;0,487355135389752;0
2149;0;0,659316610535244;1
1974;0;0,400305660700013;0
2122;1;0,50196122799026;1
260;0;0,320815838180643;0
850;0;0,438711750601535;0
254;1;0,520046055657084;1
304;0;0,633004807083834;1
1270;1;0,295738055673277;0
1125;1;0,348743796009457;0
248;1;0,4816202819417;0
1160;1;0,592367920612234;1
2043;0;0,445259510797334;0
474;0;0,522183799236127;1
1983;0;0,446908185805506;0
135;0;0,336741671877507;0
2348;0;0,450856931783053;0
874;0;0,528587729899677;1
178;0;0,520046055657084;1
59;0;0,586191869477599;1
946;0;0,728745715790243;1
1938;0;0,309441704984897;0
754;0;0,355816706137926;0
1824;1;0,362964478952653;0
345;0;0,472201729006887;0
909;1;0,657910585937595;1
393;1;0,488306766835226;0
2337;1;0,295852588988912;0
2024;0;0,352514254864188;0
1748;0;0,66003266966956;1
271;0;0,506095585416458;1
1976;1;0,599973504894938;1
2220;0;0,201984029779939;0
992;0;0,294612518390472;0
94;1;0,66003266966956;1
2008;0;0,484447219751471;0
1127;0;0,348743796009457;0
859;1;0,472201729006887;0
1101;1;0,476805708384357;0
1351;0;0,123836478098604;0
2327;0;0,489144280963764;0
1470;0;0,22983180371471;0
833;1;0,230895995752381;0
1251;0;0,523495247185508;1
1;1;0,492076530706406;0
1079;1;0,497350706825351;0
601;1;0,560196665587593;1
822;1;0,305655455501404;0
1724;1;0,629154347965038;1
1908;0;0,446276308974867;0
2298;0;0,310033081411192;0
1346;1;0,438711750601535;0
1258;0;0,313012361183321;0
1117;1;0,555400984065461;1
915;1;0,699341737776142;1
1431;1;0,319318561761663;0
521;1;0,472339956545391;0
935;1;0,203312440577773;0
557;1;0,492712863211838;0
2144;1;0,560060016769646;1
1130;0;0,465912332812747;0
765;0;0,593172755510152;1
1058;1;0,383407037839547;0
1548;0;0,371200206362039;0
112;0;0,370869922560609;0
390;0;0,645512266975027;1
1118;1;0,441172966027468;0
2371;1;0,489144280963764;0
569;1;0,472339956545391;0
1493;1;0,6563758594438;1
90;1;0,312925840978759;0
1319;0;0,336741671877507;0
1834;0;0,512388300858962;1
1725;0;0,50196122799026;1
420;1;0,492076530706406;0
1893;0;0,28210255243885;0
347;1;0,378427728054033;0
2188;0;0,28687622598724;0
668;1;0,474055039984915;0
1628;1;0,368669348765252;0
1445;0;0,319318561761663;0
1835;1;0,467029426763046;0
1385;1;0,436521334805266;0
711;0;0,397296944524801;0
1487;0;0,500258300281557;1
2126;1;0,41605354866858;0
1745;1;0,281741850210128;0
1606;1;0,31659719536724;0
2315;1;0,450856931783053;0
1297;0;0,561642193355146;1
799;1;0,464521688312019;0
2030;1;0,453227794721234;0
62;1;0,309085119509568;0
323;0;0,630612204638474;1
1714;1;0,462628082269442;0
2209;0;0,602023959959863;1
158;1;0,584704487527066;1
1878;0;0,366722127654309;0
892;1;0,564604259745552;1
1649;0;0,310899177483958;0
1269;0;0,210054014459762;0
526;0;0,476820385428683;0
1572;0;0,474765790124582;0
487;1;0,311654098420224;0
1808;0;0,305655455501404;0
291;0;0,6563758594438;1
172;1;0,582382938329291;1
764;1;0,551323803914427;1
427;0;0,13870856471451;0
2199;0;0,28687622598724;0
1567;0;0,355816706137926;0
1070;1;0,372636499324389;0
2242;0;0,326777297904358;0
1195;0;0,33758631232204;0
1129;1;0,608724688833258;1
2073;0;0,182177459671034;0
289;0;0,467029426763046;0
1206;0;0,3392226436591;0
1765;0;0,281741850210128;0
140;1;0,625761962848295;1
1791;0;0,669128567666987;1
897;0;0,289748119904694;0
1020;1;0,54171225799402;1
722;1;0,610840198047398;1
71;0;0,631354862134395;1
324;1;0,733599766510819;1
1244;0;0,45651325018955;0
911;1;0,707092403406447;1
2205;0;0,178035633811391;0
346;1;0,528587729899677;1
192;0;0,582382938329291;1
2173;0;0,388486042469852;0
1002;1;0,732375872768005;1
1689;1;0,589175612105642;1
385;0;0,339677303996337;0
1335;1;0,438711750601535;0
1505;1;0,285906900183679;0
1525;0;0,364217131732528;0
1141;1;0,197526890217437;0
301;0;0,33734011266239;0
15;0;0,289748119904694;0
868;0;0,302667573217521;0
2230;0;0,38895987720028;0
1963;0;0,485666073518316;0
22;0;0,442957737217899;0
515;1;0,638153989159556;1
1970;0;0,400305660700013;0
763;1;0,633004807083834;1
1570;0;0,243774900887077;0
1247;0;0,483070205012172;0
1216;1;0,707843290270269;1
556;1;0,542386984677652;1
627;1;0,638153989159556;1
1962;0;0,446465152150604;0
1815;1;0,456520629567766;0
1780;0;0,595962914586171;1
688;1;0,547229337245296;1
1875;1;0,408660210578641;0
920;0;0,368669348765252;0
1673;0;0,407573129357522;0
923;1;0,535806649234135;1
980;1;0,474975105128089;0
170;1;0,362177707856482;0
845;1;0,3392226436591;0
2221;1;0,434759547985789;0
146;0;0,571681367606387;1
223;0;0,362177707856482;0
1303;1;0,274504669532235;0
2349;1;0,47113056925993;0
103;1;0,73422263285691;1
231;1;0,597678580097289;1
2134;1;0,576191073960391;1
2135;1;0,294612518390472;0
184;1;0,651582318514769;1
1587;1;0,633004807083834;1
1916;0;0,581770812089294;1
1654;0;0,355816706137926;0
1906;1;0,550982399609878;1
1595;0;0,196049454657089;0
1152;0;0,319586727308057;0
2066;0;0,638153989159556;1
2359;0;0,334126146907113;0
2218;1;0,38895987720028;0
1140;0;0,336595202596707;0
1576;1;0,474765790124582;0
1897;0;0,296946822771318;0
2216;0;0,38895987720028;0
165;0;0,582382938329291;1
303;1;0,391709732853552;0
2032;0;0,572114203849745;1
1663;1;0,661623052760006;1
196;1;0,344547909140313;0
652;0;0,134040249811299;0
1579;0;0,33734011266239;0
2169;0;0,220403307014981;0
1078;0;0,30696194165562;0
1495;1;0,6563758594438;1
1348;0;0,3392226436591;0
2234;1;0,178327636840205;0
1687;1;0,489144280963764;0
2003;0;0,473430666292551;0
476;1;0,463503618162325;0
1580;0;0,531149846762604;1
1624;0;0,444639157579497;0
2362;0;0,593134519164348;1
1528;0;0,441665348561039;0
2365;1;0,334126146907113;0
1557;1;0,445388855669386;0
846;0;0,706382640957622;1
34;0;0,449621444250096;0
1516;1;0,562799173268599;1
2031;0;0,471123912457468;0
2370;0;0,511588233809188;1
1490;1;0,486910835236532;0
1449;0;0,58870162795558;1
201;0;0,4816202819417;0
162;0;0,370405963368844;0
1323;0;0,299318473518737;0
503;0;0,470643486309122;0
2015;1;0,612661719884603;1
1968;0;0,170168353519422;0
1309;1;0,636288086930973;1
1914;0;0,42162529675268;0
508;1;0,451471096336023;0
202;1;0,409268434318474;0
450;0;0,336595202596707;0
25;0;0,367085321513154;0
43;1;0,391816252872208;0
296;1;0,735604978316569;1
2001;0;0,446465152150604;0
527;0;0,413094915129133;0
2011;0;0,301755485157056;0
744;0;0,31659719536724;0
1263;0;0,274504669532235;0
1158;1;0,530319466782138;1
673;0;0,625761962848295;1
1861;1;0,477815160937005;0
686;1;0,725034071951009;1
38;1;0,568545523914875;1
45;1;0,580081552918179;1
209;0;0,362177707856482;0
442;0;0,371748015224489;0
1895;1;0,383736887309379;0
899;1;0,605372554044813;1
819;1;0,456520629567766;0
378;1;0,695651999877566;1
1028;0;0,506095585416458;1
1275;0;0,281792382413949;0
171;0;0,622599272467578;1
809;0;0,456520629567766;0
1376;1;0,453227794721234;0
1915;1;0,495801782326538;0
2148;0;0,503524530600119;1
1004;0;0,629154347965038;1
996;0;0,368669348765252;0
620;1;0,449127326848292;0
1674;0;0,489144280963764;0
1290;0;0,50337864871295;1
1823;1;0,476538921799798;0
2161;0;0,326338757966885;0
1267;1;0,483070205012172;0
1364;0;0,296088327492429;0
257;1;0,281741850210128;0
472;0;0,522183799236127;1
2236;0;0,632116120409037;1
58;0;0,34284968059262;0
2269;1;0,237384163563842;0
1899;1;0,42162529675268;0
1644;1;0,707092403406447;1
37;0;0,293062163892799;0
1612;1;0,48253201320392;0
1315;1;0,579572074604823;1
1924;0;0,296946822771318;0
731;1;0,196049454657089;0
695;1;0,41605354866858;0
975;1;0,56679659079005;1
2020;1;0,50953539810818;1
1211;1;0,515158232426808;1
875;0;0,333124899684181;0
360;1;0,370126034190107;0
1299;0;0,483070205012172;0
1669;1;0,334126146907113;0
1611;0;0,334511183613735;0
1088;0;0,391816252872208;0
1720;0;0,310899177483958;0
47;1;0,289748119904694;0
761;0;0,506095585416458;1
1135;0;0,355052856797874;0
931;0;0,545746860884873;1
1935;0;0,367085321513154;0
1379;1;0,445259510797334;0
2239;0;0,675128674909244;1
370;0;0,335044802589725;0
1039;0;0,334511183613735;0
344;0;0,510573214914577;1
138;0;0,266392145697262;0
104;1;0,615473405565811;1
2037;0;0,318258858253496;0
250;0;0,622599272467578;1
1788;0;0,492076530706406;0
2109;0;0,159875177746382;0
2164;1;0,342400541448029;0
199;1;0,4816202819417;0
1881;0;0,509151117990839;1
2151;0;0,389261794689241;0
462;0;0,501883394269581;1
208;1;0,651582318514769;1
1561;0;0,3203121705955;0
1302;1;0,427140200917022;0
934;1;0,570496719567859;1
2194;1;0,342400541448029;0
2083;0;0,37252703577655;0
1170;0;0,371748015224489;0
1052;0;0,329565468520642;0
318;1;0,661623052760006;1
1537;1;0,293062163892799;0
213;0;0,455676124287992;0
475;0;0,35689742720811;0
735;0;0,527905197004124;1
1933;1;0,574526821671081;1
586;0;0,400305660700013;0
959;1;0,542656064878559;1
75;1;0,73422263285691;1
1337;0;0,3392226436591;0
362;0;0,700654955110375;1
1801;1;0,583210667517146;1
1666;0;0,270412127594232;0
1065;0;0,246401808765911;0
535;0;0,274938053242846;0
1276;0;0,419278862702723;0
544;1;0,515158232426808;1
368;0;0,510573214914577;1
878;0;0,474765790124582;0
1231;1;0,644588960918394;1
1575;1;0,531149846762604;1
1874;0;0,42162529675268;0
858;1;0,503524530600119;1
482;1;0,605372554044813;1
1032;1;0,661623052760006;1
1391;1;0,54117555974734;1
506;1;0,589175612105642;1
1872;0;0,383736887309379;0
900;0;0,634902762062308;1
1640;0;0,368669348765252;0
211;0;0,463675009665688;0
1149;1;0,530319466782138;1
714;1;0,469213440233147;0
2276;0;0,526186811809829;1
1056;0;0,728745715790243;1
8;0;0,281741850210128;0
529;1;0,438711750601535;0
2180;0;0,342400541448029;0
631;0;0,332458851294931;0
1225;1;0,435983240573797;0
1037;1;0,610840198047398;1
1325;0;0,438711750601535;0
1320;0;0,512388300858962;1
82;0;0,631354862134395;1
1314;0;0,174372916548027;0
2355;0;0,425210620507677;0
1656;0;0,355816706137926;0
394;0;0,338558792887436;0
367;1;0,659316610535244;1
628;0;0,505396380255156;1
813;0;0,623398836588832;1
353;0;0,335044802589725;0
105;1;0,615473405565811;1
406;1;0,661623052760006;1
166;0;0,370405963368844;0
921;1;0,512388300858962;1
1800;1;0,502863690745066;1
758;1;0,243774900887077;0
1717;0;0,707092403406447;1
721;1;0,716865266741443;1
1703;0;0,629154347965038;1
2307;0;0,300827417284047;0
1953;1;0,336741671877507;0
1257;0;0,617282448655839;1
1702;1;0,629154347965038;1
1025;1;0,281741850210128;0
879;0;0,661623052760006;1
807;0;0,464521688312019;0
17;1;0,367085321513154;0
434;1;0,494226029423659;0
1679;0;0,116746866787114;0
245;1;0,606575666881638;1
355;1;0,548778276751144;1
926;0;0,336741671877507;0
1055;1;0,571681367606387;1
1183;1;0,313735156826828;0
18;0;0,525330948740578;1
292;0;0,46894676481817;0
1219;0;0,293062163892799;0
950;0;0,176872724453839;0
1742;0;0,467029426763046;0
2213;0;0,120824779537598;0
1397;1;0,710845777319169;1
1695;0;0,220758983247083;0
1987;1;0,290794499590905;0
151;0;0,364387371870195;0
579;0;0,435382146611067;0
1907;0;0,314186367821998;0
1792;1;0,696281460542912;1
1511;0;0,33214032056597;0
593;0;0,297106381577713;0
510;1;0,348743796009457;0
1112;1;0,332978304022139;0
893;0;0,345558936332149;0
1814;1;0,456520629567766;0
359;0;0,528587729899677;1
2078;1;0,638153989159556;1
1340;1;0,30564914329009;0
2219;1;0,702008455927638;1
332;1;0,630612204638474;1
27;1;0,545541057246956;1
794;1;0,653747895971137;1
1016;0;0,492076530706406;0
2300;1;0,480848035546938;0
1957;0;0,457102819872888;0
363;1;0,528587729899677;1
1128;1;0,348743796009457;0
1543;0;0,401138136731272;0
561;1;0,542386984677652;1
1198;0;0,491912606855196;0
1862;0;0,42162529675268;0
1664;1;0,506095585416458;1
1406;0;0,50953539810818;1
633;0;0,46699982230293;0
2097;0;0,243774900887077;0
1036;0;0,451327963480502;0
1444;0;0,446465152150604;0
1480;0;0,486910835236532;0
2120;0;0,576191073960391;1
1359;0;0,296088327492429;0
2146;1;0,577717391190279;1
56;0;0,302784643221032;0
1547;1;0,598496893441412;1
142;1;0,458046571301515;0
11;1;0,501883394269581;1
2354;0;0,334126146907113;0
286;0;0,492076530706406;0
1521;1;0,488306766835226;0
2285;1;0,55493719840905;1
2183;0;0,602023959959863;1
738;1;0,507618665177209;1
580;1;0,531031532821124;1
995;1;0,732375872768005;1
671;0;0,11796220771571;0
1830;1;0,453763530915303;0
1691;0;0,310899177483958;0
60;0;0,473812443367118;0
1312;0;0,336607797354106;0
207;1;0,362177707856482;0
317;0;0,506095585416458;1
848;0;0,161370108881039;0
1650;1;0,352034978788748;0
1876;1;0,570992251175336;1
1282;1;0,465076538776238;0
369;0;0,472201729006887;0
448;0;0,632229916013206;1
677;0;0,52379035590757;1
1394;1;0,54117555974734;1
1784;0;0,266392145697262;0
150;1;0,458046571301515;0
542;0;0,469790396485869;0
1779;0;0,625761962848295;1
484;0;0,712185375830333;1
1541;0;0,371200206362039;0
2025;1;0,36064710495661;0
1402;1;0,491493224083813;0
1145;0;0,313735156826828;0
1842;0;0,371748015224489;0
107;0;0,312925840978759;0
1757;1;0,390020328300414;0
2254;1;0,577155155907929;1
2178;0;0,4600249768329;0
1188;1;0,485974199785513;0
375;0;0,321620361279437;0
747;0;0,48957661403122;0
1383;1;0,50953539810818;1
12;0;0,712185375830333;1
1607;1;0,507618665177209;1
977;1;0,316457311988726;0
1642;1;0,310899177483958;0
1227;0;0,42808076987715;0
1883;1;0,550982399609878;1
1186;1;0,66087621523911;1
739;1;0,716865266741443;1
1022;1;0,625761962848295;1
2310;1;0,318264654920707;0
1479;1;0,386160254818378;0
1405;1;0,710845777319169;1
972;0;0,339677303996337;0
1545;1;0,482470251004451;0
880;1;0,506095585416458;1
1386;1;0,612661719884603;1
153;1;0,653747895971137;1
418;0;0,373775605063952;0
2065;0;0,348743796009457;0
10;1;0,329423214213126;0
2074;0;0,441172966027468;0
1569;0;0,314453456009793;0
1426;0;0,492712863211838;0
1474;1;0,46894676481817;0
185;1;0,502012644477146;1
2182;1;0,602023959959863;1
164;0;0,463675009665688;0
643;1;0,709718910895311;1
857;1;0,577717391190279;1
274;0;0,33734011266239;0
1098;0;0,501883394269581;1
2004;1;0,641969068208905;1
873;0;0,630612204638474;1
227;0;0,4816202819417;0
1382;0;0,427408786552832;0
1890;0;0,383736887309379;0
1675;0;0,195776907467476;0
2312;0;0,201418557285842;0
962;0;0,542656064878559;1
871;1;0,630612204638474;1
13;0;0,437711329256842;0
517;1;0,554907823309698;1
1645;0;0,509010464835993;1
1095;1;0,522183799236127;1
1761;0;0,330476344314633;0
965;1;0,217602812892081;0
19;0;0,545541057246956;1
479;1;0,445653050077283;0
2096;1;0,492745940129524;0
252;0;0,502012644477146;1
657;1;0,335044802589725;0
613;1;0,337310530754353;0
290;0;0,309441704984897;0
145;0;0,329565468520642;0
1417;1;0,643089880612591;1
795;1;0,484005684577152;0
632;1;0,348743796009457;0
1903;0;0,391380950281775;0
2095;1;0,661623052760006;1
608;1;0,643089880612591;1
137;0;0,320815838180643;0
785;1;0,703258249011345;1
1966;0;0,391423957209033;0
124;1;0,591459309399186;1
547;1;0,3392226436591;0
1288;1;0,32873831554456;0
810;0;0,502863690745066;1
1694;0;0,369622403664036;0
922;1;0,492076530706406;0
1345;0;0,598629981871569;1
966;0;0,449078803024835;0
261;1;0,545746860884873;1
2156;1;0,201662797550564;0
242;0;0,362177707856482;0
755;1;0,661623052760006;1
1367;1;0,352514254864188;0
804;0;0,49581361751648;0
612;1;0,643089880612591;1
1518;0;0,440325167911963;0
1044;0;0,364387371870195;0
365;1;0,630612204638474;1
1409;1;0,661623052760006;1
649;0;0,464183057652579;0
2080;0;0,348743796009457;0
618;0;0,348743796009457;0
2058;0;0,194651947251389;0
1727;1;0,608724688833258;1
1598;1;0,48253201320392;0
538;1;0,647125102168342;1
1137;1;0,505262163486443;1
1967;1;0,719405379092561;1
2113;1;0,462628082269442;0
1436;0;0,209747973685465;0
1094;1;0,445653050077283;0
1901;1;0,28210255243885;0
587;1;0,454437337240651;0
675;0;0,625761962848295;1
1393;0;0,484447219751471;0
1015;1;0,467029426763046;0
2330;1;0,425210620507677;0
788;0;0,30696194165562;0
1555;0;0,381954505615222;0
783;1;0,383407037839547;0
2119;1;0,133316055271688;0
464;0;0,501883394269581;1
1877;0;0,175122427809245;0
1471;0;0,211336704310483;0
570;1;0,400305660700013;0
1939;1;0,460935095753807;0
2171;0;0,360924243624412;0
1434;0;0,61381908799919;1
33;1;0,707843290270269;1
407;0;0,314453456009793;0
1199;1;0,454743167998281;0
1809;0;0,438575366527598;0
431;0;0,42808076987715;0
2252;0;0,44268987737045;0
584;1;0,454437337240651;0
562;1;0,573308348232044;1
1562;0;0,633004807083834;1
759;0;0,37252703577655;0
599;1;0,466420926179763;0
998;1;0,527029216077758;1
2190;1;0,360924243624412;0
1293;1;0,458068098340878;0
1111;0;0,349197481489385;0
2262;0;0,602501633149357;1
2048;0;0,50953539810818;1
1264;0;0,50337864871295;1
847;0;0,469790396485869;0
2038;1;0,318258858253496;0
1984;1;0,290794499590905;0
121;0;0,51137021002202;1
1324;0;0,347213284122068;0
2046;1;0,529816106148781;1
266;0;0,320815838180643;0
1900;0;0,383736887309379;0
35;0;0,657149646314934;1
1927;0;0,446276308974867;0
1710;0;0,310899177483958;0
2226;0;0,309085119509568;0
67;1;0,560845739571073;1
606;0;0,643089880612591;1
1119;0;0,554907823309698;1
1045;0;0,571681367606387;1
1833;1;0,492076530706406;0
230;0;0,446898207795264;0
963;1;0,504400770760332;1
152;1;0,728745715790243;1
1660;0;0,531149846762604;1
870;0;0,590688385627821;1
2160;0;0,602023959959863;1
1817;0;0,482470251004451;0
582;0;0,454437337240651;0
598;0;0,428603437503989;0
2184;0;0,547969852777727;1
287;1;0,281741850210128;0
1161;0;0,371748015224489;0
1553;1;0,362964478952653;0
663;1;0,512388300858962;1
729;1;0,507618665177209;1
148;0;0,347839757167171;0
784;0;0,458046571301515;0
1593;1;0,469213440233147;0
949;0;0,522429971283103;1
2181;0;0,342400541448029;0
622;0;0,505396380255156;1
1200;1;0,371748015224489;0
1952;0;0,453763530915303;0
1542;0;0,362964478952653;0
863;1;0,389261794689241;0
496;1;0,41605354866858;0
1092;1;0,605372554044813;1
1534;0;0,315107536278813;0
575;1;0,643089880612591;1
2333;1;0,416570443586381;0
1072;1;0,497350706825351;0
2140;1;0,310899177483958;0
577;0;0,287803289472782;0
712;0;0,690735231881633;1
1515;1;0,69790753754881;1
1468;1;0,304842760919597;0
376;1;0,575892007560713;1
80;1;0,370869922560609;0
293;1;0,6563758594438;1
1732;0;0,41040923180656;0
603;0;0,61381908799919;1
269;0;0,211336704310483;0
1415;1;0,355816706137926;0
1747;1;0,66003266966956;1
102;1;0,73422263285691;1
720;1;0,48957661403122;0
944;0;0,522429971283103;1
1381;0;0,471123912457468;0
2006;0;0,50953539810818;1
655;0;0,370126034190107;0
1008;0;0,629154347965038;1
9;0;0,55493719840905;1
399;0;0,449078803024835;0
1778;0;0,42808076987715;0
1734;0;0,447879697071227;0
2271;0;0,466051440173972;0
1465;0;0,211336704310483;0
2200;0;0,631652277880109;1
976;1;0,513395781441253;1
2062;0;0,292648614998544;0
181;1;0,502012644477146;1
1677;1;0,433100230762643;0
481;1;0,580081552918179;1
1372;0;0,296088327492429;0
978;0;0,575892007560713;1
366;0;0,614718278224403;1
797;1;0,484005684577152;0
1334;1;0,515158232426808;1
645;0;0,473812443367118;0
1486;1;0,627563642687546;1
801;0;0,328208338178481;0
581;1;0,5107548393049;1
1728;1;0,554907823309698;1
1794;1;0,456520629567766;0
1349;1;0,593134519164348;1
743;0;0,469213440233147;0
827;0;0,464521688312019;0
2185;1;0,342400541448029;0
1100;0;0,463503618162325;0
1222;0;0,638614982653552;1
1955;0;0,387795881253163;0
1283;1;0,458068098340878;0
66;1;0,472996713364825;0
1134;1;0,530319466782138;1
1997;1;0,229024291843326;0
2077;1;0,487355135389752;0
1062;0;0,364387371870195;0
1709;0;0,50196122799026;1
1617;1;0,507618665177209;1
1173;1;0,473934454242226;0
1182;0;0,632229916013206;1
1774;1;0,677298702088407;1
539;0;0,43079759854678;0
2255;1;0,561651508803727;1
693;1;0,657910585937595;1
872;0;0,548778276751144;1
463;0;0,383002609753926;0
2116;1;0,310899177483958;0
1708;1;0,310899177483958;0
1832;0;0,281741850210128;0
1107;1;0,564604259745552;1
1358;0;0,395647403743151;0
1913;0;0,181838790153129;0
1291;0;0,438983165997499;0
467;0;0,311654098420224;0
1584;1;0,438846491260589;0
1898;0;0,466433651160985;0
1390;0;0,390262157517281;0
95;1;0,490972493015058;0
1209;0;0,49484809181647;0
882;1;0,593172755510152;1
985;0;0,461585485007831;0
1213;0;0,30564914329009;0
111;1;0,529382429331059;1
268;1;0,52379035590757;1
1369;0;0,214859910837861;0
1631;1;0,470643486309122;0
194;0;0,409268434318474;0
1091;0;0,289748119904694;0
2177;0;0,308659436959669;0
2347;0;0,201418557285842;0
2057;1;0,449127326848292;0
412;1;0,661623052760006;1
1422;1;0,400305660700013;0
537;0;0,422127269493743;0
1460;0;0,297106381577713;0
206;0;0,569340638469343;1
1690;0;0,462628082269442;0
1513;1;0,520561667146364;1
1229;0;0,435983240573797;0
1357;1;0,293062163892799;0
1366;0;0,296088327492429;0
1243;1;0,706382640957622;1
2023;1;0,54117555974734;1
646;0;0,350880390277216;0
1783;1;0,287246468587827;0
1142;0;0,355052856797874;0
573;0;0,446465152150604;0
53;0;0,573308348232044;1
662;1;0,41040923180656;0
1063;0;0,372636499324389;0
781;0;0,30696194165562;0
2154;0;0,580224540979252;1
120;1;0,66003266966956;1
403;1;0,562592627617033;1
1653;0;0,633004807083834;1
2282;0;0,395647403743151;0
626;1;0,480312420259787;0
1879;1;0,466433651160985;0
279;1;0,30330101056156;0
1255;0;0,401715458041728;0
719;0;0,570235758041695;1
83;1;0,472996713364825;0
1852;1;0,616363250557399;1
708;0;0,28523795894143;0
2147;1;0,490175397348594;0
417;0;0,453763530915303;0
528;0;0,706382640957622;1
2162;1;0,388486042469852;0
214;1;0,520046055657084;1
1169;1;0,371748015224489;0
1286;0;0,295738055673277;0
1350;1;0,450856931783053;0
1023;0;0,336741671877507;0
590;1;0,466420926179763;0
2357;0;0,284850276010172;0
836;1;0,495354970363524;0
2326;1;0,623010214023481;1
1278;1;0,587253559379882;1
551;1;0,438711750601535;0
1812;1;0,701973509875566;1
78;0;0,464976435157748;0
276;1;0,474765790124582;0
1005;0;0,410291409023971;0
1554;0;0,34644626101607;0
1977;1;0,484005684577152;0
1508;0;0,574526821671081;1
1435;1;0,492712863211838;0
2323;0;0,284850276010172;0
2229;0;0,28728435042028;0
106;1;0,70904432094668;1
1167;0;0,592367920612234;1
333;1;0,659316610535244;1
1923;1;0,664354532468401;1
2108;0;0,382508551938933;0
769;1;0,568545523914875;1
732;1;0,48253201320392;0
540;1;0,671578818468717;1
2356;1;0,301761114286835;0
1296;1;0,483070205012172;0
890;0;0,605372554044813;1
1670;0;0,593134519164348;1
1159;1;0,702110820409562;1
981;0;0,321620361279437;0
429;0;0,625761962848295;1
2085;1;0,513143061433547;1
1407;0;0,37252703577655;0
808;1;0,541129694722161;1
1084;0;0,30696194165562;0
1064;0;0,458046571301515;0
465;1;0,289748119904694;0
1686;1;0,201418557285842;0
2342;1;0,567619391348325;1
402;1;0,338332297166995;0
117;1;0,54956794356954;1
1472;1;0,513143061433547;1
2060;0;0,167162212469374;0
2079;0;0,332534923727389;0
2202;1;0,498384290616834;0
1273;0;0,514791879343999;1
2364;0;0,37974107368225;0
2014;0;0,352514254864188;0
1509;0;0,507307982217169;1
1637;0;0,240738966246413;0
2084;1;0,332048230263754;0
2224;1;0,473812443367118;0
1342;1;0,3392226436591;0
1982;0;0,504400770760332;1
1174;1;0,380064137506383;0
697;0;0,488306766835226;0
160;1;0,542402449282999;1
374;1;0,659316610535244;1
272;0;0,531149846762604;1
1577;0;0,531149846762604;1
141;1;0,435983240573797;0
572;0;0,564199452637254;1
864;0;0,464183057652579;0
2121;1;0,462628082269442;0
507;0;0,376957923482912;0
335;0;0,528587729899677;1
852;1;0,469790396485869;0
2042;1;0,529816106148781;1
1978;0;0,497350706825351;0
1887;1;0,627198121099464;1
2016;0;0,380780006190928;0
1735;0;0,453763530915303;0
63;1;0,44268987737045;0
357;0;0,472201729006887;0
1844;1;0,709819721563086;1
1204;0;0,465912332812747;0
2013;1;0,50953539810818;1
1749;1;0,490972493015058;0
1626;1;0,50196122799026;1
1307;0;0,295738055673277;0
1093;0;0,391816252872208;0
973;0;0,600202624598392;1
1918;0;0,441557093195548;0
1202;1;0,505262163486443;1
288;0;0,467029426763046;0
173;1;0,693422754276772;1
114;0;0,370869922560609;0
1999;1;0,560196665587593;1
656;1;0,31224049396112;0
2187;0;0,220403307014981;0
126;0;0,50432186056555;1
1648;1;0,41605354866858;0
2335;0;0,318264654920707;0
1412;0;0,553433160786259;1
1864;0;0,499867408423943;0
263;0;0,320815838180643;0
751;0;0,466742081851526;0
1920;0;0,550982399609878;1
1602;1;0,585659773488133;1
1692;1;0,488612751111283;0
2107;0;0,453763530915303;0
653;0;0,503524530600119;1
139;0;0,492076530706406;0
1053;0;0,290794499590905;0
1639;1;0,444639157579497;0
379;1;0,321620361279437;0
118;1;0,529382429331059;1
1419;1;0,353628853760917;0
1838;1;0,512388300858962;1
2251;0;0,480848035546938;0
541;1;0,217982361668775;0
817;0;0,502863690745066;1
2328;0;0,425210620507677;0
457;1;0,445653050077283;0
2158;0;0,547969852777727;1
730;0;0,443365996448955;0
1143;0;0,371748015224489;0
733;0;0,451327963480502;0
130;0;0,435983240573797;0
1080;0;0,364387371870195;0
877;0;0,506095585416458;1
991;0;0,368669348765252;0
116;0;0,701323488272804;1
666;1;0,304239044235273;0
1027;1;0,37252703577655;0
1236;0;0,647125102168342;1
1573;1;0,580224540979252;1
1722;0;0,310899177483958;0
1327;1;0,3392226436591;0
1220;1;0,526186811809829;1
1517;0;0,562799173268599;1
383;0;0,449078803024835;0
2233;0;0,361384327876872;0
704;0;0,602501633149357;1
1885;0;0,160114639470998;0
1371;1;0,335107706231444;0
222;1;0,597678580097289;1
942;0;0,30696194165562;0
2104;0;0,466742081851526;0
835;1;0,299318473518737;0
489;0;0,437711329256842;0
51;1;0,353628853760917;0
1031;0;0,198055914435374;0
2318;0;0,195776907467476;0
787;0;0,411580007674963;0
1089;1;0,5514343809107;1
1104;0;0,463503618162325;0
61;1;0,498882813827653;0
1697;1;0,589175612105642;1
505;1;0,310899177483958;0
55;1;0,58870162795558;1
1586;0;0,474765790124582;0
246;0;0,463675009665688;0
2319;1;0,334126146907113;0
1148;0;0,223038849803882;0
1853;1;0,632229916013206;1
1481;0;0,525330948740578;1
602;1;0,485666073518316;0
798;1;0,653747895971137;1
691;0;0,310899177483958;0
901;1;0,311654098420224;0
1638;0;0,226917409232767;0
1301;1;0,427140200917022;0
2217;1;0,632116120409037;1
3;1;0,453763530915303;0
1667;0;0,201418557285842;0
516;1;0,583500714427942;1
2091;1;0,492745940129524;0
1860;0;0,446276308974867;0
1785;0;0,30330101056156;0
1452;0;0,354564863599286;0
918;1;0,604391465622886;1
1590;0;0,633004807083834;1
509;1;0,527029216077758;1
6;0;0,492076530706406;0
1559;1;0,37252703577655;0
1311;0;0,374030862521779;0
1936;1;0,367085321513154;0
49;1;0,643089880612591;1
834;1;0,402845748834957;0
1003;1;0,470643486309122;0
1123;0;0,505396380255156;1
1535;0;0,395647403743151;0
501;0;0,310899177483958;0
775;0;0,30696194165562;0
478;0;0,445653050077283;0
1384;0;0,352514254864188;0
1295;1;0,661099498206798;1
2167;1;0,520819973922093;1
2000;0;0,361773050930746;0
115;0;0,418349537468623;0
2345;0;0,416570443586381;0
2360;1;0,300827417284047;0
258;0;0,435983240573797;0
2235;0;0,632116120409037;1
1680;0;0,317182784125415;0
796;0;0,466051440173972;0
660;1;0,241883839028689;0
1491;1;0,6563758594438;1
705;0;0,278167097130644;0
1848;0;0,505262163486443;1
1224;0;0,336741671877507;0
974;0;0,449078803024835;0
1712;0;0,41605354866858;0
2123;0;0,576191073960391;1
1274;1;0,374030862521779;0
842;0;0,217982361668775;0
312;0;0,314453456009793;0
466;0;0,345558936332149;0
1971;0;0,297106381577713;0
386;0;0,513395781441253;1
2228;0;0,34284968059262;0
585;0;0,719405379092561;1
2033;0;0,353448927732496;0
2071;0;0,348743796009457;0
1448;1;0,643089880612591;1
253;0;0,502012644477146;1
624;0;0,449127326848292;0
449;0;0,400601811694693;0
490;0;0,345558936332149;0
1059;0;0,466051440173972;0
1560;1;0,492745940129524;0
218;1;0,463675009665688;0
1960;0;0,485666073518316;0
2124;1;0,657910585937595;1
1207;1;0,45651325018955;0
1411;1;0,492745940129524;0
600;1;0,492712863211838;0
2082;1;0,395170013500117;0
2375;0;0,509456416412365;1
2186;0;0,473315310052598;0
1040;0;0,507618665177209;1
2289;0;0,595962914586171;1
373;1;0,3523230519428;0
665;0;0,11796220771571;0
1532;0;0,609200214975167;1
1256;0;0,295738055673277;0
886;0;0,37252703577655;0
1581;1;0,593172755510152;1
830;1;0,456520629567766;0
1723;0;0,41605354866858;0
1272;0;0,587253559379882;1
904;0;0,445653050077283;0
1116;0;0,609200214975167;1
1443;1;0,573308348232044;1
824;0;0,328208338178481;0
619;1;0,592497565217749;1
1387;1;0,453227794721234;0
1790;0;0,281741850210128;0
136;0;0,274287571785301;0
2295;0;0,521317615683362;1
2272;0;0,30696194165562;0
896;1;0,685812734189867;1
283;1;0,55493719840905;1
205;1;0,597678580097289;1
2247;1;0,702008455927638;1
1775;1;0,30330101056156;0
2243;0;0,220746137009588;0
2035;1;0,572114203849745;1
438;1;0,313735156826828;0
340;1;0,659316610535244;1
413;1;0,735604978316569;1
1456;0;0,170168353519422;0
2301;1;0,34284968059262;0
488;1;0,501883394269581;1
2067;0;0,430119251216429;0
953;0;0,522429971283103;1
1615;0;0,213568983829061;0
1356;0;0,293062163892799;0
727;0;0,311477759220074;0
54;1;0,719405379092561;1
1698;0;0,179573724262687;0
2174;1;0,342400541448029;0
1845;1;0,530319466782138;1
1232;0;0,281741850210128;0
1934;0;0,414399565559059;0
1466;0;0,314453456009793;0
2207;1;0,561160501048331;1
259;0;0,474055039984915;0
1451;0;0,336195845154271;0
2112;1;0,527029216077758;1
1108;0;0,704513158719957;1
2268;1;0,347839757167171;0
1494;1;0,602761606794999;1
760;1;0,466742081851526;0
1683;0;0,433100230762643;0
523;0;0,353628853760917;0
707;0;0,178327636840205;0
1187;1;0,66087621523911;1
1041;1;0,443365996448955;0
377;0;0,562799173268599;1
1057;1;0,584704487527066;1
1828;1;0,336741671877507;0
1986;0;0,297480855918239;0
2302;1;0,632116120409037;1
1450;0;0,391423957209033;0
1467;0;0,211336704310483;0
715;1;0,716865266741443;1
2198;0;0,264400544083765;0
2028;0;0,572114203849745;1
674;0;0,492076530706406;0
439;1;0,371748015224489;0
1729;1;0,348743796009457;0
1074;0;0,30696194165562;0
636;1;0,548463743690184;1
243;0;0,651582318514769;1
186;0;0,520046055657084;1
725;0;0,350765762417071;0
1870;1;0,408660210578641;0
504;1;0,19544220455075;0
924;0;0,512388300858962;1
1676;0;0,158305517839278;0
1077;1;0,458046571301515;0
2368;1;0,433100230762643;0
2246;1;0,702008455927638;1
1131;1;0,66087621523911;1
1218;1;0,349197481489385;0
299;0;0,506095585416458;1
1239;1;0,5732115059556;1
750;1;0,710505988198332;1
546;1;0,3392226436591;0
2165;0;0,37970054194779;0
1355;0;0,182475170586502;0
419;1;0,570496719567859;1
2283;1;0,441665348561039;0
594;0;0,61381908799919;1
752;1;0,651670261448716;1
578;0;0,185393516797559;0
1477;1;0,367085321513154;0
1268;0;0,561642193355146;1
1526;1;0,349197481489385;0
2351;0;0,433100230762643;0
1066;0;0,504400770760332;1
1090;0;0,345558936332149;0
1147;1;0,491912606855196;0
2253;0;0,201984029779939;0
1469;0;0,455569992762613;0
1596;1;0,570235758041695;1
638;0;0,370784264312237;0
694;0;0,376957923482912;0
749;1;0,420077144914516;0
678;0;0,462628082269442;0
961;1;0,703258249011345;1
823;0;0,652354765358571;1
1739;0;0,336741671877507;0
305;0;0,466742081851526;0
724;1;0,640204430412516;1
2273;1;0,364387371870195;0
1363;0;0,318258858253496;0
1736;0;0,336741671877507;0
1854;0;0,408660210578641;0
2054;1;0,645512266975027;1
1510;0;0,309441704984897;0
1529;1;0,505895552069692;1
1711;1;0,310899177483958;0
2306;1;0,498882813827653;0
79;0;0,529382429331059;1
113;0;0,551678842669584;1
1979;1;0,466051440173972;0
1109;1;0,609200214975167;1
1205;1;0,274938053242846;0
267;1;0,216098116806864;0
156;1;0,624841272799804;1
1981;0;0,522429971283103;1
326;0;0,180496866226023;0
861;0;0,370126034190107;0
498;1;0,576191073960391;1
69;0;0,490972493015058;0
2076;0;0,608724688833258;1
534;0;0,268564682545619;0
604;1;0,485666073518316;0
676;1;0,492076530706406;0
1360;0;0,453227794721234;0
1114;0;0,555400984065461;1
2139;1;0,657910585937595;1
2256;0;0,702008455927638;1
2305;0;0,326777297904358;0
2297;0;0,539250718091931;1
1343;0;0,628354991253309;1
2068;0;0,348743796009457;0
689;0;0,240738966246413;0
1836;1;0,320815838180643;0
1285;1;0,514791879343999;1
2132;1;0,462628082269442;0
2261;0;0,34284968059262;0
2094;1;0,661623052760006;1
1840;0;0,435983240573797;0
270;1;0,608338979029836;1
1858;1;0,656023115941769;1
1707;1;0,657910585937595;1
1769;0;0,355124558403223;0
511;1;0,53706095966075;1
1882;0;0,635840150264965;1
2266;0;0,473812443367118;0
2212;1;0,350880390277216;0
215;0;0,362177707856482;0
1392;1;0,352514254864188;0
1776;1;0,382508551938933;0
746;0;0,451327963480502;0
470;1;0,704513158719957;1
410;1;0,593172755510152;1
1855;0;0,304400377899303;0
451;0;0,22924216590755;0
685;0;0,310899177483958;0
2117;0;0,462628082269442;0
1512;0;0,6563758594438;1
1759;1;0,54956794356954;1
2081;1;0,298277833987867;0
1661;0;0,314453456009793;0
86;1;0,379178257189217;0
195;0;0,191077619440865;0
1164;0;0,505262163486443;1
1483;0;0,6563758594438;1
947;1;0,624841272799804;1
1805;0;0,362964478952653;0
499;0;0,240738966246413;0
919;1;0,444639157579497;0
1463;0;0,338332297166995;0
1068;0;0,484005684577152;0
1086;0;0,721342219285761;1
381;0;0,513395781441253;1
74;1;0,296578706946081;0
1420;1;0,446465152150604;0
1461;1;0,685457838585946;1
745;0;0,547920548661134;1
2203;1;0,442197956323992;0
372;0;0,528587729899677;1
88;0;0,379178257189217;0
2059;0;0,225260658611828;0
1540;1;0,456520629567766;0
435;0;0,371748015224489;0
1527;0;0,441665348561039;0
1929;0;0,296946822771318;0
1455;0;0,454437337240651;0
2338;1;0,461887763219602;0
2332;0;0,334126146907113;0
779;1;0,584704487527066;1
1439;1;0,337310530754353;0
1873;0;0,314186367821998;0
591;0;0,372415989273504;0
240;1;0,520046055657084;1
2366;1;0,701627162060873;1
2101;0;0,466742081851526;0
800;1;0,191604360067535;0
1891;1;0,391380950281775;0
560;0;0,5107548393049;1
298;0;0,531149846762604;1
917;1;0,657910585937595;1
1522;0;0,449078803024835;0
2373;1;0,576710434194834;1
774;0;0,584704487527066;1
563;0;0,472339956545391;0
1610;0;0,48253201320392;0
669;1;0,579572074604823;1
1110;1;0,449621444250096;0
1475;0;0,46894676481817;0
640;1;0,434759547985789;0
1196;1;0,632229916013206;1
1947;0;0,281741850210128;0
1370;0;0,318258858253496;0
143;0;0,32433585411754;0
85;1;0,446972149134129;0
64;1;0,602501633149357;1
566;1;0,361773050930746;0
1321;0;0,402845748834957;0
1601;0;0,469213440233147;0
1250;1;0,32873831554456;0
1484;1;0,375359457145132;0
1850;1;0,371748015224489;0
244;1;0,693422754276772;1
1600;0;0,469213440233147;0
1341;0;0,283991109825824;0
1190;1;0,243160785662581;0
552;0;0,515158232426808;1
661;1;0,474055039984915;0
2159;1;0,602023959959863;1
1992;1;0,695449825235779;1
1245;1;0,628354991253309;1
2237;1;0,326777297904358;0
1894;0;0,446276308974867;0
1609;0;0,527905197004124;1
2075;1;0,505396380255156;1
251;0;0,362177707856482;0
1942;1;0,486910835236532;0
701;0;0,34284968059262;0
1629;1;0,576191073960391;1
2070;0;0,315634002750219;0
1139;1;0,371748015224489;0
396;1;0,364217131732528;0
1802;0;0,371200206362039;0
1252;0;0,483070205012172;0
639;0;0,34284968059262;0
856;1;0,590688385627821;1
16;0;0,528477696662444;1
1658;0;0,314453456009793;0
1993;1;0,497350706825351;0
969;1;0,591258532193097;1
2166;1;0,360924243624412;0
2044;0;0,572114203849745;1
1945;1;0,48097565016205;0
1289;0;0,32873831554456;0
264;1;0,467029426763046;0
2346;0;0,623010214023481;1
1618;0;0,610840198047398;1
183;0;0,2356591120582;0
331;1;0,630612204638474;1
1539;1;0,583210667517146;1
1497;0;0,6563758594438;1
2245;1;0,361384327876872;0
237;0;0,322245930923494;0
197;0;0,502012644477146;1
273;0;0,492745940129524;0
1846;1;0,355052856797874;0
1998;0;0,560196665587593;1
853;0;0,49484809181647;0
1248;1;0,570763874983308;1
1012;1;0,42808076987715;0
1266;0;0,32873831554456;0
1614;1;0,451327963480502;0
1124;1;0,554907823309698;1
2293;1;0,281741850210128;0
493;1;0,407059609354849;0
1859;0;0,408660210578641;0
1430;1;0,685457838585946;1
1804;0;0,574156145474026;1
1871;0;0,203601195640394;0
737;0;0,350765762417071;0
414;1;0,506095585416458;1
742;1;0,70926687388754;1
555;1;0,5107548393049;1
1414;1;0,551323803914427;1
149;0;0,329565468520642;0
2264;0;0,519188353040263;1
2304;0;0,498882813827653;0
239;1;0,362177707856482;0
2277;0;0,357296036355158;0
1737;1;0,54171225799402;1
309;1;0,531149846762604;1
1177;0;0,473934454242226;0
2192;0;0,498384290616834;0
1818;1;0,328208338178481;0
2308;1;0,46411005164794;0
1684;1;0,342058881766404;0
1399;1;0,718419287426541;1
1753;1;0,50432186056555;1
1203;0;0,512310071991876;1
1496;0;0,525330948740578;1
2227;0;0,309085119509568;0
912;1;0,629154347965038;1
1550;0;0,362964478952653;0
409;1;0,198055914435374;0
280;0;0,287246468587827;0
982;1;0,488306766835226;0
1520;0;0,276245601532669;0
1208;0;0,283991109825824;0
1503;1;0,500258300281557;1
1564;0;0,420077144914516;0
229;1;0,719417956161628;1
2249;1;0,548463743690184;1
1925;0;0,48986169108891;0
1326;0;0,476820385428683;0
954;0;0,599973504894938;1
1506;0;0,48097565016205;0
100;1;0,464976435157748;0
1604;0;0,42553295330182;0
960;0;0,599973504894938;1
1446;0;0,454437337240651;0
1574;1;0,710505988198332;1
1181;0;0,592367920612234;1
2325;0;0,433100230762643;0
1050;1;0,458046571301515;0
635;1;0,480848035546938;0
1336;0;0,3392226436591;0
1781;0;0,174372916548027;0
2267;1;0,30696194165562;0
1665;0;0,693794505953222;1
1969;1;0,542386984677652;1
1888;0;0,509151117990839;1
2099;1;0,474765790124582;0
232;1;0,651582318514769;1
41;1;0,526186811809829;1
2102;1;0,33734011266239;0
2350;1;0,46411005164794;0
955;0;0,653747895971137;1
1636;1;0,647906709026632;1
1034;1;0,551323803914427;1
1678;1;0,46411005164794;0
1201;0;0,530319466782138;1
939;0;0,205565195644457;0
709;0;0,350765762417071;0
821;1;0,362964478952653;0
1620;1;0,48253201320392;0
311;0;0,506095585416458;1
1122;1;0,638153989159556;1
497;0;0,333653048306265;0
1763;0;0,379178257189217;0
1261;0;0,53275033741925;1
1866;1;0,28210255243885;0
1438;0;0,564199452637254;1
1752;1;0,312925840978759;0
404;1;0,198055914435374;0
2367;0;0,489144280963764;0
916;1;0,462628082269442;0
1886;1;0,296946822771318;0
776;0;0,364387371870195;0
1212;1;0,3392226436591;0
1856;0;0,265873895906972;0
1473;1;0,556838374620489;1
1395;1;0,612661719884603;1
826;1;0,464521688312019;0
1482;1;0,525330948740578;1
1120;1;0,487355135389752;0
524;1;0,30564914329009;0
110;1;0,472996713364825;0
1865;0;0,408660210578641;0
494;0;0,50196122799026;1
1719;0;0,310899177483958;0
295;0;0,587525847622069;1
710;1;0,469213440233147;0
545;1;0,199395051665092;0
1647;1;0,732375872768005;1
443;0;0,550498916388258;1
718;0;0,235556219951768;0
72;1;0,54956794356954;1
806;1;0,570175139249172;1
1588;1;0,506095585416458;1
391;0;0,338558792887436;0
473;0;0,476805708384357;0
1347;0;0,438711750601535;0
559;1;0,418829611617585;0
1911;0;0,466433651160985;0
1176;0;0,371748015224489;0
1368;0;0,319221956426353;0
843;0;0,438711750601535;0
865;1;0,605885689296348;1
2114;0;0,328390342128963;0
840;1;0,299318473518737;0
1892;0;0,266740494379393;0
2026;0;0,243720166468109;0
634;0;0,675128674909244;1
1751;0;0,370869922560609;0
314;0;0,182023231336793;0
1773;0;0,474055039984915;0
860;0;0,378427728054033;0
454;0;0,5514343809107;1
2092;1;0,661623052760006;1
1797;1;0,362964478952653;0
468;1;0,345558936332149;0
1429;0;0,485666073518316;0
421;1;0,474055039984915;0
1194;1;0,465912332812747;0
1829;0;0,52379035590757;1
458;0;0,289748119904694;0
1696;0;0,240738966246413;0
175;0;0,463675009665688;0
1867;0;0,383736887309379;0
1764;1;0,370869922560609;0
1991;1;0,458046571301515;0
2279;0;0,526186811809829;1
1799;0;0,541129694722161;1
1716;1;0,310899177483958;0
2072;1;0,449127326848292;0
380;1;0,545009284346856;1
1175;1;0,550498916388258;1
1051;0;0,30696194165562;0
1233;1;0,41040923180656;0
958;1;0,237384163563842;0
1715;0;0,470643486309122;0
1374;1;0,36064710495661;0
726;1;0,358880631931258;0
2244;0;0,460520356543805;0
1478;1;0,194373315459265;0
73;0;0,318769328180605;0
1437;0;0,297106381577713;0
1758;0;0,472996713364825;0
2361;0;0,201418557285842;0
1150;0;0,419265129624318;0
461;0;0,289748119904694;0
188;0;0,304933445654791;0
1378;1;0,612661719884603;1
23;1;0,367085321513154;0
1157;1;0,530319466782138;1
275;0;0,448726768493919;0
536;1;0,671578818468717;1
122;0;0,354191966732271;0
816;0;0,482470251004451;0
1754;1;0,490972493015058;0
1811;0;0,236272853566594;0
330;1;0,503524530600119;1
1621;1;0,725034071951009;1
307;0;0,380850020685487;0
20;1;0,525330948740578;1
648;1;0,510573214914577;1
1042;1;0,640204430412516;1
336;1;0,528587729899677;1
1755;0;0,390020328300414;0
1988;0;0,31274475364552;0
659;1;0,472201729006887;0
2265;0;0,561651508803727;1
1103;1;0,437711329256842;0
343;1;0,329771008258407;0
480;1;0,437711329256842;0
96;0;0,591459309399186;1
225;1;0,345675866123453;0
2053;1;0,356048608256789;0
157;0;0,449260679996879;0
441;0;0,134849139578007;0
684;1;0,732375872768005;1
77;1;0,615473405565811;1
766;1;0,506095585416458;1
1507;0;0,556838374620489;1
2281;1;0,467496915715017;0
1238;1;0,49484809181647;0
1633;0;0,310899177483958;0
762;0;0,466742081851526;0
256;0;0,327458178903867;0
1616;1;0,48253201320392;0
128;1;0,336741671877507;0
1007;0;0,50196122799026;1
933;0;0,272733183672799;0
1985;0;0,131199560219494;0
2352;0;0,318264654920707;0
855;0;0,357667931775026;0
502;0;0,41605354866858;0
862;1;0,503524530600119;1
411;1;0,380850020685487;0
812;0;0,305655455501404;0
925;1;0,669128567666987;1
1333;1;0,49484809181647;0
87;0;0,418349537468623;0
265;0;0,186434819909159;0
2210;0;0,308659436959669;0
1827;1;0,453763530915303;0
549;0;0,438711750601535;0
1632;0;0,368669348765252;0
1770;0;0,595962914586171;1
679;0;0,310899177483958;0
531;1;0,544463706917784;1
2045;0;0,50953539810818;1
698;0;0,299318473518737;0
26;0;0,6563758594438;1
792;1;0,30696194165562;0
1538;0;0,441665348561039;0
28;1;0,525330948740578;1
1922;1;0,375389064204315;0
2090;1;0,506095585416458;1
1760;0;0,370869922560609;0
595;1;0,428603437503989;0
1868;0;0,340078323859842;0
2303;1;0,675128674909244;1
2196;1;0,4342695724713;0
1217;0;0,467496915715017;0
234;1;0,606575666881638;1
2055;1;0,395170013500117;0
702;1;0,602501633149357;1
2287;0;0,320815838180643;0
1705;0;0,179573724262687;0
2002;0;0,631759935328142;1
971;1;0,591258532193097;1
321;0;0,510573214914577;1
1531;1;0,638614982653552;1
2152;0;0,371748015224489;0
805;0;0,520895695580546;1
190;0;0,463675009665688;0
1902;1;0,550982399609878;1
929;1;0,512388300858962;1
938;1;0,653747895971137;1
1623;0;0,61323616545119;1
1782;0;0,281741850210128;0
361;1;0,659316610535244;1
734;1;0,271313118657627;0
1625;1;0,444639157579497;0
1693;1;0,629154347965038;1
753;0;0,33734011266239;0
99;1;0,73422263285691;1
2041;0;0,596489640867328;1
1928;1;0,340078323859842;0
2127;1;0,19544220455075;0
2021;1;0,352514254864188;0
233;0;0,310695175022716;0
1613;0;0,350765762417071;0
2017;0;0,318258858253496;0
1001;0;0,451471096336023;0
356;0;0,31224049396112;0
888;0;0,474765790124582;0
2215;0;0,552488010750388;1
469;0;0,437711329256842;0
1904;0;0,265873895906972;0
1948;0;0,625761962848295;1
2284;0;0,395647403743151;0
2052;0;0,453227794721234;0
1162;1;0,579412253125811;1
782;1;0,522429971283103;1
993;1;0,19544220455075;0
1954;0;0,453763530915303;0
471;0;0,345558936332149;0
2050;0;0,243720166468109;0
1178;0;0,371748015224489;0
328;0;0,370126034190107;0
241;1;0,622599272467578;1
1096;0;0,437711329256842;0
174;1;0,540284269288627;1
1172;0;0,727658675433063;1
2377;0;0,444980084407003;0
430;1;0,545746860884873;1
216;0;0,569340638469343;1
1740;0;0,203312440577773;0
2143;0;0,370126034190107;0
1821;0;0,694145982407191;1
1738;0;0,42808076987715;0
495;1;0,732375872768005;1
1533;0;0,349197481489385;0
514;0;0,167162212469374;0
789;1;0,575658805686264;1
228;1;0,651582318514769;1
76;0;0,370869922560609;0
815;0;0,49581361751648;0
437;1;0,491912606855196;0
884;0;0,37252703577655;0
315;0;0,37252703577655;0
1049;0;0,30696194165562;0
1700;0;0,41605354866858;0
1504;0;0,574526821671081;1
1566;0;0,37252703577655;0
983;0;0,449078803024835;0
654;0;0,335044802589725;0
1544;0;0,362964478952653;0
1010;0;0,595962914586171;1
1021;0;0,281741850210128;0
530;0;0,175975015072234;0
452;1;0,437711329256842;0
756;0;0,314453456009793;0
491;0;0,445653050077283;0
728;0;0,547920548661134;1
1344;0;0,49484809181647;0
811;1;0,623398836588832;1
957;0;0,542656064878559;1
780;1;0,484005684577152;0
637;0;0,473812443367118;0
1756;1;0,490972493015058;0
1803;1;0,34644626101607;0
1961;1;0,472339956545391;0
1718;0;0,352034978788748;0
898;0;0,289748119904694;0
1011;1;0,281741850210128;0
1043;0;0,443365996448955;0
1571;1;0,710505988198332;1
405;1;0,33734011266239;0
687;1;0,629154347965038;1
1831;0;0,281741850210128;0
2022;0;0,54117555974734;1
2232;1;0,675128674909244;1
2047;0;0,318258858253496;0
1154;0;0,336595202596707;0
748;1;0,451327963480502;0
1994;0;0,30696194165562;0
616;0;0,428603437503989;0
867;0;0,503524530600119;1
351;1;0,472201729006887;0
2248;1;0,42606916751915;0
1597;1;0,369487740634829;0
2214;1;0,44268987737045;0
459;1;0,653524521987802;1
964;0;0,365335762950686;0
1786;0;0,512388300858962;1
1191;0;0,505262163486443;1
1930;1;0,225724674997631;0
1226;1;0,595962914586171;1
1662;1;0,661623052760006;1
2291;0;0,336741671877507;0
2089;1;0,492745940129524;0
446;0;0,313735156826828;0
388;1;0,299318473518737;0
1298;1;0,427140200917022;0
1857;0;0,550982399609878;1
1563;1;0,580224540979252;1
881;0;0,661623052760006;1
2061;1;0,65669958621829;1
1099;1;0,346485036112414;0
1246;1;0,50337864871295;1
630;0;0,480312420259787;0
1313;0;0,465076538776238;0
334;1;0,510573214914577;1
1425;1;0,446465152150604;0
2093;1;0,355816706137926;0
221;0;0,409268434318474;0
979;0;0,339677303996337;0
57;0;0,215684250680244;0
576;1;0,719405379092561;1
350;1;0,370126034190107;0
282;0;0,453763530915303;0
352;0;0,370126034190107;0
1353;0;0,315107536278813;0
387;0;0,545009284346856;1
1330;1;0,515158232426808;1
1389;1;0,572114203849745;1
1171;1;0,336595202596707;0
803;0;0,607387771234947;1
2049;0;0,296088327492429;0
1413;1;0,661623052760006;1
1819;1;0,694145982407191;1
1464;0;0,355816706137926;0
1807;1;0,652354765358571;1
1155;1;0,243160785662581;0
1373;1;0,471123912457468;0
553;0;0,3392226436591;0
2296;0;0,34284968059262;0
1837;0;0,29830272874922;0
1030;0;0,314453456009793;0
1672;1;0,264105457008852;0
1685;0;0,35244212256609;0
2115;0;0,41605354866858;0
1826;1;0,492076530706406;0
1179;0;0,419265129624318;0
1959;1;0,319318561761663;0
2309;0;0,489144280963764;0
2051;1;0,572114203849745;1
119;0;0,390020328300414;0
2250;0;0,519188353040263;1
1671;0;0,27937357816368;0
771;0;0,441665348561039;0
1014;0;0,336741671877507;0
2088;1;0,474765790124582;0
2238;1;0,498882813827653;0
610;1;0,353628853760917;0
1396;0;0,208940278023786;0
1721;1;0,462628082269442;0
1400;1;0,491493224083813;0
1796;0;0,456520629567766;0
869;1;0,45537836336198;0
832;0;0,402845748834957;0
1254;1;0,546017160388617;1
773;0;0,30696194165562;0
1424;0;0,5107548393049;1
1024;1;0,42808076987715;0
1536;0;0,638614982653552;1
1869;0;0,265873895906972;0
187;0;0,455676124287992;0
285;0;0,512388300858962;1
342;0;0,590688385627821;1
169;1;0,310695175022716;0
2374;1;0,37974107368225;0
2106;0;0,545746860884873;1
1354;1;0,467496915715017;0
428;1;0,42808076987715;0
1813;1;0,520895695580546;1
7;1;0,492076530706406;0
2133;0;0,470643486309122;0
736;0;0,585659773488133;1
131;0;0,625761962848295;1
426;0;0,467029426763046;0
1352;1;0,657149646314934;1
338;0;0,335044802589725;0
894;0;0,345558936332149;0
1552;1;0,482470251004451;0
1777;0;0,42808076987715;0
854;0;0,438711750601535;0
680;0;0,50196122799026;1
952;1;0,411580007674963;0
1956;0;0,174372916548027;0
1459;0;0,533155507805845;1
831;0;0,623398836588832;1
1793;1;0,289748119904694;0
46;1;0,364158884758897;0
1329;1;0,535238225813193;1
1146;1;0,491912606855196;0
597;1;0,492712863211838;0
389;0;0,600202624598392;1
1180;0;0,550498916388258;1
905;1;0,462628082269442;0
416;0;0,281741850210128;0
1416;1;0,492745940129524;0
1501;1;0,460935095753807;0
203;1;0,726853218205816;1
210;0;0,463675009665688;0
1917;1;0,304400377899303;0
914;0;0,19544220455075;0
1085;0;0,30696194165562;0
1523;0;0,449078803024835;0
29;1;0,367085321513154;0
2358;1;0,433100230762643;0
1489;1;0,46894676481817;0
1958;1;0,446465152150604;0
1651;0;0,310899177483958;0
1153;1;0,66087621523911;1
2241;0;0,498882813827653;0
968;0;0,186995132119016;0
1558;0;0,305655455501404;0
2263;1;0,519188353040263;1
2340;1;0,46411005164794;0
1743;0;0,474055039984915;0
93;0;0,228578212436581;0
1318;0;0,42808076987715;0
1308;0;0,514791879343999;1
1603;0;0,507618665177209;1
1048;0;0,522429971283103;1
571;0;0,428603437503989;0
129;1;0,320815838180643;0
1365;0;0,335107706231444;0
2231;0;0,44268987737045;0
647;1;0,614718278224403;1
1271;1;0,32873831554456;0
180;0;0,362177707856482;0
1121;0;0,348743796009457;0
2204;0;0,28687622598724;0
1447;0;0,428603437503989;0
398;0;0,364217131732528;0
1115;0;0,315107536278813;0
1184;1;0,632229916013206;1
2372;0;0,27937357816368;0
1975;0;0,329565468520642;0
2064;0;0,348743796009457;0
1810;0;0,362964478952653;0
522;0;0,353628853760917;0
1498;1;0,6563758594438;1
24;0;0,367085321513154;0
519;1;0,711847753417212;1
2201;1;0,342400541448029;0
1294;0;0,427140200917022;0
224;1;0,597678580097289;1
841;0;0,628354991253309;1
1912;0;0,446276308974867;0
851;1;0,49484809181647;0
1965;1;0,643089880612591;1
278;0;0,216098116806864;0
1221;1;0,182475170586502;0
1061;0;0,504400770760332;1
1549;1;0,598496893441412;1
2131;0;0,462628082269442;0
2118;1;0,509010464835993;1
1398;1;0,641969068208905;1
1909;1;0,581770812089294;1
554;0;0,400305660700013;0
1594;1;0,610840198047398;1
2103;1;0,661623052760006;1
483;1;0,704513158719957;1
621;1;0,395170013500117;0
2311;0;0,300827417284047;0
236;0;0,362177707856482;0
1361;1;0,484447219751471;0
1578;0;0,33734011266239;0
956;1;0,440089897342143;0
329;1;0,370126034190107;0
907;1;0,604391465622886;1
492;0;0,222817669463336;0
1082;0;0,575658805686264;1
144;0;0,364387371870195;0
1427;1;0,198034896434069;0
2193;0;0,28687622598724;0
204;0;0,455676124287992;0
936;0;0,504400770760332;1
1421;0;0,632894431452648;1
1035;0;0,610840198047398;1
1432;0;0,400305660700013;0
97;1;0,472996713364825;0
1260;0;0,114262808467394;0
1706;0;0,462628082269442;0
1322;0;0,449078803024835;0
741;0;0,507618665177209;1
1151;0;0,243160785662581;0
1746;1;0,30330101056156;0
1619;0;0,31659719536724;0
802;0;0,623398836588832;1
2155;1;0,308659436959669;0
574;0;0,381931259468624;0
92;0;0,370869922560609;0
683;1;0,352034978788748;0
2012;0;0,352514254864188;0
757;1;0,551323803914427;1
219;1;0,719417956161628;1
1713;0;0,576191073960391;1
1839;1;0,492076530706406;0
908;1;0,61323616545119;1
249;0;0,502012644477146;1
1972;0;0,5107548393049;1
994;0;0,629154347965038;1
1076;0;0,30696194165562;0
2034;0;0,336220611394964;0
644;0;0,201984029779939;0
2029;1;0,445259510797334;0
1795;0;0,623398836588832;1
306;0;0,474765790124582;0
1046;1;0,542656064878559;1
2036;0;0,296088327492429;0
179;1;0,463675009665688;0
40;0;0,332978304022139;0
1630;1;0,488612751111283;0
2280;1;0,638614982653552;1
837;0;0,321620361279437;0
