"";"Observation.No";"Observed.y";"Predicted.Prob";"Predicted.y"
"2007";1532;1;0,463295474871936;0
"2028";1550;0;0,520036758751321;1
"1103";836;0;0,3273699250622;0
"1751";1327;0;0,605126545675196;1
"1041";792;1;0,354120157919989;0
"1283";981;1;0,576129003495703;1
"1489";1137;0;0,408276545320709;0
"2930";2227;0;0,356208779947454;0
"960";729;0;0,308809394202868;0
"2045";1560;1;0,536210575687202;1
"1322";1012;1;0,603597325645349;1
"2411";1848;0;0,620449160966901;1
"2319";1774;0;0,335479833695243;0
"1578";1199;0;0,339217020487124;0
"738";564;0;0,465151426096934;0
"1545";1172;0;0,134126382797159;0
"2906";2208;0;0,263975664431882;0
"2962";2245;0;0,446590142267075;0
"2969";2250;0;0,435189845784441;0
"431";337;0;0,240835691391428;0
"655";504;1;0,567133223086053;1
"2240";1711;0;0,482994294316717;0
"594";456;1;0,462771135760981;0
"1441";1103;0;0,342928499263244;0
"3069";2323;1;0,709342820257191;1
"1645";1248;1;0,34930440861886;0
"550";424;0;0,234481794259573;0
"2501";1913;0;0,327912783266144;0
"1797";1364;1;0,346912626067888;0
"2476";1895;1;0,548930369219237;1
"80";59;0;0,300726431510464;0
"2456";1878;0;0,305003710423984;0
"1089";824;0;0,512678281955304;1
"2154";1642;0;0,541282814482832;1
"324";248;0;0,462126501004564;0
"2393";1833;1;0,411504493676188;0
"1653";1255;1;0,626694845672621;1
"3101";2344;1;0,636352860130877;1
"24";17;0;0,450340025774312;0
"239";177;1;0,479656258320553;0
"1130";860;0;0,214713008275222;0
"33";24;0;0,511521039502039;1
"2692";2049;0;0,338540052711276;0
"838";641;1;0,217222976919945;0
"1264";963;1;0,439418745077096;0
"1183";897;1;0,190939652130256;0
"2992";2268;1;0,413408704634775;0
"1142";869;0;0,300864715978751;0
"185";132;0;0,349147528458565;0
"607";468;0;0,414522592923208;0
"459";359;1;0,614472676587255;1
"566";435;0;0,544071900752122;1
"2056";1567;1;0,241098548851497;0
"1556";1181;0;0,345670337299982;0
"1569";1192;0;0,352033354941261;0
"2811";2138;0;0,343695912139031;0
"492";382;0;0,515402119402347;1
"951";722;1;0,483554307189871;0
"2144";1635;1;0,494618474251895;0
"1049";797;1;0,406987287661692;0
"658";507;1;0,402275757948193;0
"624";480;1;0,522558475988996;1
"1438";1100;0;0,506338807259642;1
"853";651;1;0,717915276272486;1
"266";202;0;0,707891121709689;1
"2169";1653;0;0,472032416177369;0
"1213";920;0;0,289809998433493;0
"1465";1118;1;0,444226544998292;0
"3026";2294;0;0,719706752923617;1
"2053";1564;0;0,454258189908282;0
"2710";2063;0;0,330694015238706;0
"2788";2121;0;0,428127694556546;0
"1206";914;1;0,479928409095694;0
"316";240;0;0,361578833218536;0
"1435";1098;0;0,353507369802416;0
"2679";2039;1;0,485647987254834;0
"2919";2219;1;0,489831326196807;0
"2602";1983;1;0,334392923903029;0
"3030";2298;0;0,518938928945959;1
"2835";2159;1;0,205421411992443;0
"2966";2248;1;0,505582254369737;1
"1671";1267;1;0,721109695730327;1
"1263";962;0;0,32066619790694;0
"2754";2091;1;0,45675237763674;0
"38";27;1;0,302821767128179;0
"1842";1402;0;0,435768391998145;0
"317";241;1;0,367041520542825;0
"2987";2264;1;0,31534965704642;0
"1698";1283;0;0,250726035794392;0
"3034";2300;0;0,396106298946214;0
"937";710;0;0,264514897966833;0
"50";36;0;0,278084481054102;0
"1289";986;0;0,31247170135575;0
"2477";1896;1;0,420567440202344;0
"2497";1909;1;0,590238734972245;1
"3019";2290;1;0,328907537279221;0
"1998";1526;0;0,396702025538983;0
"1164";885;0;0,396383668487869;0
"1006";762;0;0,521912594671323;1
"3060";2319;0;0,425049882326162;0
"1927";1470;0;0,54826789665512;1
"583";446;0;0,310249173558992;0
"466";363;1;0,537562327739544;1
"921";698;0;0,257002393665856;0
"2186";1668;1;0,642833928076777;1
"2733";2076;0;0,164171413653852;0
"1436";1099;0;0,335529879725501;0
"366";282;1;0,562278053836879;1
"271";207;1;0,647650161490245;1
"1736";1315;1;0,354814272384166;0
"1763";1337;0;0,301037325415038;0
"1161";883;1;0,567346190455659;1
"2921";2221;1;0,613197691407491;1
"2582";1967;0;0,491956289400375;0
"2784";2118;1;0,609727131206378;1
"2805";2135;1;0,746018679090356;1
"553";427;1;0,649483609829074;1
"1997";1525;0;0,495313236323075;0
"961";730;0;0,460011178370065;0
"3008";2282;1;0,427330994790403;0
"906";690;0;0,393804350145413;0
"1379";1056;0;0,644131225017573;1
"96";71;1;0,586240009377286;1
"62";46;0;0,363563092288373;0
"2880";2190;1;0,348081480894486;0
"1419";1086;1;0,680359955916766;1
"973";738;0;0,369182381306206;0
"1859";1416;1;0,47813703837074;0
"805";615;1;0,663467683096372;1
"227";165;1;0,39427632183398;0
"1833";1394;1;0,511920703921355;1
"1717";1301;1;0,497953865020212;0
"1348";1032;1;0,723982659156698;1
"2444";1870;0;0,550000562555102;1
"549";423;1;0,479039614108227;0
"2356";1801;0;0,614759425048045;1
"745";570;1;0,567638257105191;1
"2798";2128;0;0,480664784066957;0
"1651";1253;1;0,375966416390815;0
"2298";1758;0;0,382335577943728;0
"2245";1714;1;0,300475246379783;0
"1737";1316;0;0,333713775233204;0
"3124";2363;1;0,319544331370889;0
"2366";1809;1;0,459350783512116;0
"1559";1184;1;0,463544593067276;0
"1262";961;1;0,408493356592936;0
"570";438;1;0,294692467168516;0
"1315";1007;0;0,370187029049521;0
"1087";823;0;0,312316020746917;0
"2378";1819;1;0,3047383804579;0
"3090";2336;0;0,294688761772492;0
"2975";2255;0;0,159574983348868;0
"807";617;0;0,368366702739254;0
"1522";1156;1;0,49330276231058;0
"2473";1892;1;0,498171550152311;0
"2363";1806;0;0,450003783908976;0
"3132";2368;0;0,43934184968625;0
"2704";2058;1;0,595528317576142;1
"2339";1790;1;0,722093954931856;1
"855";653;0;0,417165980802019;0
"1180";894;0;0,365137498801798;0
"2839";2163;0;0,286733264253026;0
"1048";796;0;0,33604850446538;0
"1845";1404;0;0,360674578715317;0
"177";128;1;0,349591597872181;0
"1785";1354;1;0,57003608541972;1
"2462";1882;0;0,451676825197932;0
"1325";1014;1;0,665360463246473;1
"422";328;1;0,471999010527012;0
"1422";1088;0;0,307847460645824;0
"259";196;1;0,244212394121065;0
"892";680;0;0,683673759077255;1
"1962";1498;0;0,357126355743494;0
"3013";2286;1;0,564480824330915;1
"1897";1447;1;0,457186138023584;0
"3095";2341;0;0,523776753331706;1
"2204";1683;1;0,674681579736876;1
"439";343;1;0,572244801011336;1
"3016";2289;0;0,47274978291624;0
"908";691;0;0,188739912679218;0
"212";154;1;0,554017624039864;1
"2276";1740;1;0,72210797926401;1
"1155";878;1;0,399607465356261;0
"2309";1766;0;0,352363142780661;0
"629";485;1;0,527121488291372;1
"2163";1649;1;0,507161367712221;1
"209";152;0;0,71133455847479;1
"692";532;1;0,399962965322438;0
"930";704;0;0,287253737115365;0
"3127";2365;1;0,588078993858216;1
"1584";1204;0;0,560090753127151;1
"1820";1385;0;0,556917787748868;1
"1601";1217;1;0,439531722445341;0
"519";404;0;0,632755693168133;1
"2481";1899;1;0,62124458083605;1
"298";224;0;0,367988319537412;0
"2883";2192;0;0,478974574859422;0
"2155";1643;0;0,339520190841482;0
"1243";946;1;0,572878907775949;1
"2414";1851;0;0,108453009903375;0
"2973";2253;1;0,311200734676309;0
"671";516;1;0,298249144289307;0
"2577";1963;0;0,524106329851665;1
"503";391;1;0,408471075889484;0
"994";752;1;0,340970840044036;0
"513";400;1;0,199312079700756;0
"1860";1417;0;0,396501576015201;0
"244";182;1;0,419324017042161;0
"396";308;0;0,294320961820796;0
"1255";956;1;0,755786980514345;1
"272";208;1;0,619497744561908;1
"2262";1727;1;0,507889489626762;1
"894";681;0;0,610409766318094;1
"1296";992;0;0,380298042050335;0
"436";341;1;0,514479120346125;1
"285";217;1;0,524567925394747;1
"2988";2265;1;0,48582682653657;0
"352";272;1;0,737923613354659;1
"2087";1593;0;0,410542835342443;0
"392";304;0;0,630587262864448;1
"1008";764;1;0,651460551515486;1
"1816";1382;0;0,56045971664902;1
"2559";1951;0;0,553082189791671;1
"1154";877;1;0,576177566471127;1
"1223";927;1;0,438315896082901;0
"2064";1574;1;0,26187213173618;0
"666";513;0;0,347062616140789;0
"2376";1817;1;0,4358759377706;0
"1375";1053;1;0,543741097821056;1
"1858";1415;0;0,277564680156351;0
"2216";1692;0;0,283492999006474;0
"2373";1815;0;0,334772179286923;0
"1193";904;1;0,727312370365351;1
"115";85;0;0,348021647169355;0
"2863";2181;0;0,501195460941159;1
"1040";791;1;0,675155119780688;1
"1670";1266;1;0,675274315795221;1
"1080";817;1;0,659517413434839;1
"1868";1424;0;0,485741639589553;0
"1463";1117;0;0,424776397498184;0
"718";550;0;0,187617438222652;0
"15";12;1;0,319893384295473;0
"772";590;0;0,497841636836621;0
"2535";1937;0;0,310396710491298;0
"956";725;1;0,513838956895028;1
"2189";1670;0;0,355201295829099;0
"223";162;1;0,538876157959666;1
"269";205;1;0,343415438969063;0
"2932";2229;1;0,190669451953113;0
"2467";1887;0;0,318787352016784;0
"2440";1866;0;0,308681907753356;0
"638";491;0;0,502045651077811;1
"1983";1515;1;0,711467238142968;1
"2904";2207;0;0,444692572234731;0
"826";631;0;0,372590151471494;0
"1800";1367;0;0,270203915387347;0
"30";21;1;0,571167218547586;1
"569";437;0;0,744620316107299;1
"1121";852;0;0,361757879505858;0
"2711";2064;1;0,309684372092026;0
"995";753;0;0,61658088915469;1
"1204";913;0;0,312740694046977;0
"2824";2148;1;0,47138319868186;0
"579";442;1;0,540660344129529;1
"208";151;1;0,573820181287413;1
"1768";1341;1;0,433889640455986;0
"2091";1596;0;0,621968602706446;1
"342";263;0;0,515068227323504;1
"1723";1306;0;0,386792104271237;0
"531";412;1;0,364478763161501;0
"2239";1710;0;0,45563871765481;0
"2334";1786;1;0,579646608091127;1
"2706";2060;1;0,246715066218913;0
"112";82;0;0,439027865198461;0
"1945";1485;1;0,479827946279427;0
"584";447;0;0,60364993870207;1
"586";449;1;0,389488317127024;0
"2681";2040;1;0,610335965470043;1
"2156";1644;1;0,683866581557042;1
"1390";1065;1;0,537274465293672;1
"2325";1780;1;0,502522229263186;1
"835";639;0;0,2660650600179;0
"2742";2081;0;0,503604242501291;1
"1839";1400;0;0,424482827368031;0
"476";369;1;0,646867208772139;1
"1898";1448;0;0,412455196500323;0
"782";597;1;0,268393954056563;0
"771";589;0;0,411467821826713;0
"1895";1446;0;0,194699063792237;0
"2791";2123;1;0,279771111945461;0
"2182";1664;0;0,591466594698124;1
"1773";1345;0;0,503448953401218;1
"1656";1257;0;0,299914155203887;0
"779";596;0;0,30542343070146;0
"2268";1732;1;0,499773756609398;0
"986";746;0;0,475344674370513;0
"2428";1860;0;0,589636992213248;1
"2471";1890;0;0,354621377558486;0
"610";471;0;0,415863288282925;0
"604";465;0;0,494275841831706;0
"1357";1039;0;0,473547867548407;0
"398";310;0;0,294322820831866;0
"618";476;1;0,460195856845643;0
"1929";1472;1;0,455706623918431;0
"2700";2055;1;0,672836960832479;1
"264";200;0;0,393778689709092;0
"705";543;1;0,576687916823704;1
"1329";1018;0;0,574844432200169;1
"929";703;1;0,639284435503557;1
"2828";2152;1;0,485083234485642;0
"158";118;0;0,173416581367829;0
"2888";2196;0;0,220454451519969;0
"1469";1121;1;0,405100234581763;0
"1225";929;1;0,399571612523298;0
"2427";1859;1;0,442429153522155;0
"2515";1923;1;0,67163267805156;1
"360";277;1;0,714511012559024;1
"2605";1986;0;0,432489077191048;0
"1939";1480;0;0,45683179636099;0
"757";580;0;0,529658617446925;1
"2188";1669;1;0,455934000033066;0
"2998";2274;0;0,273468919038771;0
"1478";1128;0;0,390839701378829;0
"1078";816;0;0,214964299897511;0
"379";293;0;0,410723067446709;0
"1267";966;0;0,380108715332263;0
"1233";937;0;0,380306097318105;0
"1701";1286;1;0,716534051026193;1
"2306";1763;0;0,442843516723971;0
"923";700;1;0,219010753782693;0
"2520";1926;0;0,447057676376719;0
"3084";2332;0;0,536144660616774;1
"736";563;0;0,51330172154049;1
"1544";1171;0;0,463705133604709;0
"372";288;0;0,499992714245345;0
"2608";1988;1;0,559452355566066;1
"3134";2370;0;0,323399977239528;0
"1143";870;1;0,311982824707163;0
"687";528;0;0,494642160255983;0
"426";332;0;0,28763316246022;0
"2778";2112;0;0,210382581652435;0
"641";494;0;0,305157971213388;0
"1139";867;0;0,602822406449762;1
"1096";831;0;0,14887979161267;0
"1235";939;0;0,284116491004035;0
"2618";1993;1;0,363047824502157;0
"432";338;1;0,746058809543081;1
"1290";987;1;0,467689857823309;0
"2869";2183;0;0,530796059354446;1
"2459";1880;0;0,281617180575316;0
"1258";958;1;0,589662392960099;1
"2296";1756;0;0,489554488397525;0
"2244";1713;0;0,316892269205393;0
"3117";2356;1;0,339443708636863;0
"1282";980;0;0,542886755070873;1
"741";566;0;0,235295936386949;0
"3024";2293;0;0,651319994090174;1
"237";175;0;0,602294725630366;1
"255";192;0;0,44749618688257;0
"2333";1785;1;0,491682672299873;0
"319";243;0;0,560261799651604;1
"1241";944;0;0,55814285700839;1
"979";741;1;0,678187952672976;1
"341";262;1;0,641508327658734;1
"2583";1968;0;0,218346757732343;0
"512";399;0;0,618478315765963;1
"482";373;0;0,574451551123142;1
"2257";1723;1;0,545852373465962;1
"1002";759;1;0,397988288787609;0
"3037";2302;1;0,487957401068206;0
"2408";1846;0;0,569942367361334;1
"2712";2065;0;0,498429835409536;0
"1005";761;1;0,531349537600657;1
"3007";2281;0;0,476865203504846;0
"2507";1917;1;0,496426035708406;0
"2673";2034;0;0,271264236504557;0
"2674";2035;0;0,331972967116806;0
"1843";1403;0;0,197825096114886;0
"2812";2139;1;0,602841970049149;1
"2450";1874;0;0,214043044933547;0
"625";481;0;0,579525347589655;1
"1365";1045;0;0,543566594741909;1
"2531";1934;1;0,4255519872661;0
"1832";1393;0;0,309914446642083;0
"832";637;0;0,479118407878986;0
"350";270;1;0,364266569534771;0
"1865";1422;1;0,569646258458356;1
"333";255;0;0,578283081136366;1
"1485";1134;1;0,196293013048884;0
"1579";1200;1;0,319613961097425;0
"3100";2343;1;0,63511347457697;1
"403";313;0;0,508725777618269;1
"2795";2126;1;0,597998315729874;1
"1705";1290;0;0,497442000890007;0
"198";142;0;0,432076938106993;0
"1482";1131;0;0,677808034875206;1
"796";608;0;0,205134528195952;0
"2060";1570;0;0,422168285696177;0
"2604";1985;1;0,640574284197308;1
"2990";2266;0;0,332729927327417;0
"1037";788;0;0,311765302515293;0
"2894";2200;1;0,717987082257941;1
"448";351;1;0,739537668511892;1
"949";720;0;0,322202745641432;0
"1595";1213;0;0,456820448439439;0
"2993";2269;1;0,704612176827695;1
"149";112;1;0,557859693710397;1
"2561";1952;0;0,267741458874068;0
"1278";976;0;0,351940048305828;0
"2200";1680;0;0,31288835770639;0
"1423";1089;0;0,549540221415;1
"2591";1974;0;0,292329264364221;0
"2395";1835;0;0,233259216600312;0
"1791";1359;0;0,47482058980666;0
"1246";948;1;0,391122632695858;0
"1311";1004;0;0,330709059782007;0
"1640";1245;1;0,555573941769179;1
"1134";864;1;0,472441994687909;0
"1654";1256;0;0,245961201710668;0
"1598";1215;0;0,387951364197793;0
"380";294;0;0,345982984400312;0
"615";474;1;0,376124478290928;0
"2429";1861;1;0,424048098361822;0
"1748";1324;1;0,300543406757616;0
"1687";1277;0;0,391706845365463;0
"552";426;1;0,289080209584171;0
"1787";1356;0;0,176538022492559;0
"1279";977;1;0,509891825746065;1
"3000";2276;1;0,367129952517245;0
"883";673;0;0,498303781856302;0
"2690";2047;0;0,210671247418676;0
"1196";906;1;0,375118648055685;0
"952";723;0;0,598324326566181;1
"1916";1462;0;0,375234782721542;0
"2136";1629;0;0,357531981074672;0
"2821";2145;0;0,643418566874438;1
"904";688;0;0,284589777063648;0
"2018";1541;0;0,290638641144686;0
"2624";1997;0;0,396538970891924;0
"2936";2232;0;0,490986129048848;0
"3039";2304;0;0,475950794213613;0
"2898";2201;0;0,34712341762668;0
"2287";1748;1;0,476412141761362;0
"1596";1214;1;0,402193349882658;0
"130";98;1;0,707167707086901;1
"1610";1223;1;0,673504108941283;1
"3093";2339;0;0,279124193016837;0
"2010";1534;1;0,494464686274318;0
"1427";1091;0;0,187146538716401;0
"2817";2142;1;0,495354203597149;0
"61";45;1;0,296372937080788;0
"1876";1432;1;0,625680718439065;1
"1129";859;1;0,303898852364037;0
"713";546;0;0,515646524124195;1
"1356";1038;0;0,524397096690702;1
"2575";1961;0;0,164238281814648;0
"2915";2215;0;0,25763399348527;0
"1666";1263;0;0,479511128095175;0
"1497";1140;1;0,596003035940293;1
"3102";2345;0;0,319672174962233;0
"1919";1464;0;0,330072575410991;0
"2926";2224;1;0,476152826558868;0
"630";486;1;0,427788653183961;0
"3135";2371;0;0,493997227892463;0
"2300";1759;1;0,577847107370652;1
"987";747;1;0,475062534276211;0
"1105";838;0;0,43460005208896;0
"1383";1060;1;0,69687541251193;1
"3053";2316;0;0,28826353088541;0
"1456";1112;1;0,34749534085385;0
"85";64;0;0,592999866043257;1
"2498";1910;1;0,524243631407069;1
"1646";1249;0;0,381205294909129;0
"265";201;0;0,345255432935217;0
"1972";1506;1;0,544349314963245;1
"1951";1491;0;0,353901674712091;0
"2483";1901;1;0,331505689386681;0
"1185";899;1;0,564179213853019;1
"1691";1280;1;0,632160363220185;1
"1303";999;1;0,48627275905641;0
"2282";1744;0;0,558416280475465;1
"589";452;0;0,49307205764637;0
"2448";1872;1;0,489540858919017;0
"1547";1173;1;0,476096263630212;0
"2196";1676;1;0,515399714527804;1
"2956";2240;1;0,313134708597404;0
"1166";886;0;0,339345418894734;0
"1682";1274;0;0,42690454886024;0
"103";75;1;0,562372686744462;1
"1242";945;0;0,462782587313272;0
"2874";2184;1;0,608012708612733;1
"1906";1455;0;0,488492315008357;0
"2513";1921;0;0,516868609002623;1
"3097";2342;0;0,579426488997088;1
"2173";1656;1;0,674777575370392;1
"455";355;1;0,197656008601818;0
"16";13;0;0,561267200576602;1
"3015";2288;0;0,481552012505581;0
"1228";932;1;0,499298289302501;0
"1116";847;0;0,254192343569333;0
"1781";1350;0;0,308357748549838;0
"260";197;0;0,370944953257437;0
"1647";1250;1;0,477551355592493;0
"251";189;1;0,5111022267515;1
"2826";2150;0;0,521827683605731;1
"2854";2174;0;0,211616102892321;0
"863";658;1;0,376787618517261;0
"1249";951;0;0,399737641689551;0
"2382";1823;0;0,477764455368839;0
"2340";1791;1;0,496350387339293;0
"2335";1787;0;0,343877781841927;0
"2506";1916;0;0,428732222625398;0
"3063";2321;1;0,555994416044905;1
"2256";1722;1;0,294363514597896;0
"1703";1288;0;0,284308638703563;0
"2405";1844;0;0,622607668597624;1
"2997";2273;0;0,282402153411404;0
"744";569;0;0,5011243557098;1
"2534";1936;0;0,310087254001045;0
"1406";1078;1;0,449486693957687;0
"409";318;1;0,448089686490424;0
"760";582;1;0,369600526094;0
"1931";1474;0;0,37789675587278;0
"442";345;1;0,501629062945092;1
"1940";1481;0;0,513842769555081;1
"1084";821;0;0,328269222894414;0
"2504";1915;0;0,363406607507933;0
"2796";2127;0;0,362198974232364;0
"335";257;0;0,365845006697919;0
"205";148;1;0,561466826129312;1
"2286";1747;0;0,541470427588524;1
"857";655;0;0,339759123090744;0
"2179";1661;1;0,313053240088105;0
"548";422;1;0,303183199159279;0
"2641";2010;0;0,510787084904782;1
"2694";2051;0;0,560738647852617;1
"2215";1691;1;0,465708897132627;0
"2685";2042;0;0,432925906307276;0
"1695";1282;0;0,502084988445174;1
"2317";1773;1;0,37722049610622;0
"2199";1679;1;0,486399253577946;0
"1986";1517;1;0,638922829474337;1
"369";285;1;0,448099753447561;0
"3041";2306;1;0,340534509639741;0
"1145";872;0;0,338265949038473;0
"551";425;1;0,492617156868977;0
"1461";1115;0;0,180076480733669;0
"1722";1305;1;0,632239086559917;1
"2855";2175;1;0,67770839494124;1
"1476";1126;0;0,350859506187075;0
"1355";1037;1;0,495470283092971;0
"642";495;0;0,465197600098103;0
"628";484;1;0,272898481325551;0
"1864";1421;1;0,307329672325163;0
"2594";1977;0;0,563943925540628;1
"2436";1864;0;0,44824190336027;0
"591";454;0;0,325686316354823;0
"337";259;1;0,469396427099863;0
"1221";926;0;0,525135171954757;1
"3121";2360;0;0,353903763454761;0
"2558";1950;0;0,443497109138898;0
"704";542;0;0,509344881822709;1
"957";726;0;0,324646647682313;0
"528";411;1;0,626647744107466;1
"2458";1879;0;0,333178992604056;0
"69";50;1;0,58375560941031;1
"386";299;1;0,611883599814189;1
"87";66;0;0,514909132857429;1
"606";467;1;0,371923940772194;0
"2762";2099;1;0,191465530364319;0
"355";274;1;0,63817465714918;1
"2201";1681;0;0,654134629261137;1
"332";254;0;0,324848306327941;0
"1923";1467;0;0,242900843971424;0
"461";361;1;0,431607113892837;0
"2068";1576;0;0,453973310017324;0
"3031";2299;0;0,43482951248585;0
"2160";1647;0;0,742983593634074;1
"1974";1508;1;0,448521043255562;0
"2970";2251;0;0,400063275581074;0
"743";568;0;0,436810970062445;0
"797";609;1;0,50077061138872;1
"1352";1035;1;0,676516498035713;1
"703";541;0;0,368362411612229;0
"1178";893;1;0,463936302734211;0
"2522";1928;1;0,331111598441017;0
"1014";769;0;0,405340732974741;0
"2752";2089;0;0,380593643982375;0
"1957";1495;1;0,290216841048809;0
"374";290;1;0,532104586965005;1
"1043";793;1;0,312604802351369;0
"932";706;0;0,498296846678429;0
"881";672;0;0,285029061789947;0
"2130";1624;1;0,355436542587835;0
"1684";1275;1;0,420731524693295;0
"256";193;0;0,428471740902057;0
"1051";799;0;0,418756972500765;0
"10";8;1;0,524644641787101;1
"880";671;0;0,703781011276074;1
"2744";2083;0;0,368037263496647;0
"390";302;0;0,281679282562744;0
"2402";1841;1;0,67975624137705;1
"1503";1144;0;0,304990838689717;0
"593";455;0;0,514310815280946;1
"665";512;0;0,562577400749771;1
"3103";2346;0;0,4373473456712;0
"2666";2028;1;0,711831798068369;1
"326";250;0;0,391186809615278;0
"3011";2285;1;0,387544538457964;0
"1236";940;0;0,305215625643674;0
"2445";1871;0;0,506736795176416;1
"2468";1888;0;0,509686380859592;1
"490";380;0;0,305322361790193;0
"875";668;0;0,419091799044426;0
"253";191;1;0,309344237776303;0
"2781";2115;0;0,523670036632481;1
"767";586;1;0,541688578956471;1
"281";215;0;0,348683858460372;0
"2449";1873;0;0,490068972435538;0
"996";754;1;0,30553496413733;0
"778";595;1;0,455022419415724;0
"1628";1236;1;0,463115538460838;0
"437";342;0;0,600437696128483;1
"2643";2011;1;0,326185691497484;0
"1950";1490;0;0,344433857745539;0
"839";642;1;0,685400256259475;1
"154";115;0;0,322425003938138;0
"1468";1120;1;0,722191062249081;1
"1123";854;1;0,601117346496738;1
"2185";1667;1;0,48587129458246;0
"969";735;0;0,315955099219833;0
"2527";1933;1;0,217468594255218;0
"27";19;0;0,341812774323697;0
"228";166;0;0,185559576630229;0
"1875";1431;0;0,462537349421294;0
"2917";2217;0;0,331402258399931;0
"1192";903;1;0,501294626178411;1
"3064";2322;0;0,475803386969988;0
"59";43;0;0,354373191469706;0
"623";479;0;0,295008182405099;0
"1877";1433;1;0,337082542420578;0
"1232";936;1;0,478387523250893;0
"1991";1521;0;0,417372220008899;0
"680";523;0;0,373653061089864;0
"2103";1604;0;0,503306930868061;1
"2466";1886;0;0,35788348658456;0
"330";253;0;0,515566756755352;1
"357";275;0;0,672504271656194;1
"2233";1704;0;0,335994417340749;0
"493";383;0;0,338277093415744;0
"3046";2310;1;0,289532366501483;0
"2396";1836;1;0,45426531703964;0
"480";371;1;0,303331115975472;0
"242";180;1;0,512134615598834;1
"1519";1154;1;0,37162195808557;0
"1581";1201;1;0,471614736407176;0
"1144";871;0;0,408136099771219;0
"963";731;0;0,492960589749223;0
"2585";1970;0;0,410872405343153;0
"1658";1258;0;0,590593551897904;1
"181";131;0;0,440856580384229;0
"2195";1675;1;0,426438095707922;0
"1802";1369;0;0,700263515746527;1
"1380";1057;0;0,565708838494468;1
"382";295;1;0,422539615188988;0
"2277";1741;0;0,306893759492454;0
"56";42;0;0,295026507794374;0
"2910";2212;0;0,499037439119638;0
"2235";1706;1;0,113762413065584;0
"427";333;1;0,472502627320156;0
"2804";2134;1;0,544959388174013;1
"717";549;0;0,448005837966147;0
"1369";1049;0;0,544787414340839;1
"577";441;1;0,657023260552628;1
"580";443;0;0,308044933791514;0
"2011";1535;0;0,436408236713466;0
"1613";1226;0;0,365696084378824;0
"2982";2260;0;0,337488257347278;0
"1297";993;1;0,413743007593515;0
"1100";834;1;0,293101300943386;0
"2474";1893;1;0,51679241608244;1
"523";406;1;0,547703069555122;1
"2315";1771;0;0,297901127955702;0
"94";69;0;0,341491525131823;0
"1733";1313;0;0,492061606564498;0
"346";266;0;0,45774684874492;0
"2116";1612;0;0,275107713313241;0
"2153";1641;0;0,527575783957606;1
"2743";2082;1;0,733843619895069;1
"1029";780;1;0,314358120298525;0
"371";287;0;0,445192908070663;0
"2829";2153;1;0,642106970877692;1
"1474";1124;0;0,447978948964893;0
"65";47;0;0,438772021904126;0
"2205";1684;0;0,463477883510171;0
"1159";881;0;0,337094445846564;0
"2381";1822;0;0,431833108265186;0
"2538";1939;1;0,498284100385965;0
"1798";1365;1;0,298319471259783;0
"998";755;0;0,574994461709921;1
"418";324;0;0,403340501267608;0
"1053";800;0;0,608966064260278;1
"2844";2168;1;0,700608617042225;1
"92";67;0;0,546832485204284;1
"108";79;0;0,565361757273074;1
"1287";984;1;0,51265988546396;1
"135";101;1;0,450336390143135;0
"3109";2349;1;0,538474432073984;1
"547";421;1;0,744606005271682;1
"1411";1080;1;0,444322492071251;0
"485";375;1;0,676312954959017;1
"631";487;0;0,492165014652778;0
"2141";1632;1;0,289582332280927;0
"2983";2261;1;0,440469783488257;0
"2698";2053;1;0,389355585031899;0
"1230";934;1;0,454857013054159;0
"2422";1855;1;0,351079723991981;0
"133";100;0;0,347167749131261;0
"1036";787;0;0,509208364131067;1
"1786";1355;1;0,344493714719429;0
"2312";1768;1;0,559371112521664;1
"2358";1803;0;0,17739324323173;0
"2651";2017;0;0,438934686411755;0
"1801";1368;0;0,455214527865949;0
"1890";1443;0;0,364747302527806;0
"1754";1329;1;0,505646107626352;1
"1281";979;0;0,479194154331679;0
"178";129;0;0,348121784591462;0
"1835";1396;1;0,454166657733295;0
"52";38;1;0,332072697239334;0
"1071";811;0;0,184475374694266;0
"2219";1695;0;0,118086658481969;0
"848";647;0;0,304810568919943;0
"68";49;1;0,489618682140871;0
"1430";1094;1;0,659803242521327;1
"1333";1022;1;0,482370906283264;0
"132";99;0;0,468042572594771;0
"2434";1863;0;0,603615922786796;1
"517";403;0;0,372501995201948;0
"2718";2068;1;0,286916335418628;0
"460";360;1;0,680397986984035;1
"912";693;1;0,308511423568821;0
"2236";1707;0;0,133350708606813;0
"1054";801;0;0,435256043240969;0
"1813";1379;1;0,41012454263101;0
"1937";1478;1;0,695475475921593;1
"1863";1420;1;0,61833175457434;1
"1612";1225;0;0,306915564418616;0
"1565";1188;1;0,443971810450256;0
"1508";1147;0;0,358062473498027;0
"1757";1332;1;0,255439969042829;0
"2308";1765;1;0,417710784456358;0
"1625";1234;1;0,216422881584683;0
"2772";2107;0;0,195327422334396;0
"2684";2041;1;0,28130475877372;0
"2995";2271;0;0,182462913397886;0
"2079";1585;1;0,406530652564559;0
"1092";827;1;0,458760101122719;0
"2751";2088;0;0,402787321812579;0
"412";321;0;0,306189118944363;0
"2827";2151;1;0,257137311614274;0
"1027";778;0;0,384555506704304;0
"1554";1179;1;0,434599068361029;0
"902";687;0;0,262795385242837;0
"1272";970;0;0,457662286478178;0
"1924";1468;0;0,629857613628136;1
"1152";876;1;0,494686027660645;0
"224";163;1;0,638400822524625;1
"141";106;1;0,325924760278854;0
"2025";1547;1;0,321735388753254;0
"1700";1285;0;0,504757600241706;1
"308";233;1;0,478843615372514;0
"2954";2239;0;0,554626769246421;1
"2121";1617;0;0,508997059749847;1
"2027";1549;1;0,538054313148465;1
"2764";2101;1;0,443977441906742;0
"2590";1973;0;0,400991702694205;0
"2217";1693;1;0,441823988256938;0
"1473";1123;0;0,293110900170458;0
"2996";2272;0;0,308335072872464;0
"2693";2050;1;0,50085192405264;1
"2433";1862;1;0,650152753789998;1
"640";493;0;0,314332884024421;0
"959";728;1;0,339275091874881;0
"148";111;1;0,211279676497752;0
"1188";901;1;0,391411578420031;0
"2206";1685;1;0,312498039520726;0
"1068";808;0;0,334161323353888;0
"236";174;1;0,718751902213984;1
"23";16;0;0,40668162484843;0
"3085";2333;1;0,679319361105324;1
"2833";2157;1;0,575874476006053;1
"682";525;1;0,69525252923758;1
"2646";2013;0;0,297526045895366;0
"2019";1542;1;0,562655466494429;1
"2330";1783;0;0,452085212433593;0
"309";234;0;0,460161141347847;0
"1961";1497;0;0,316628071316169;0
"1330";1019;1;0,470658509009844;0
"2460";1881;1;0,597876915523234;1
"500";389;1;0,599165198403213;1
"954";724;0;0,588078822921221;1
"1886";1439;1;0,341642161639214;0
"3074";2327;1;0,595192669547068;1
"351";271;1;0,439231680684847;0
"714";547;0;0,240206918849417;0
"2786";2120;0;0,393277503708645;0
"1453";1111;0;0,553829116001795;1
"2075";1582;1;0,458079656558522;0
"693";533;0;0,420881266916962;0
"2578";1964;1;0,483490256620267;0
"2717";2067;1;0,287300576043694;0
"274";210;1;0,455859469567205;0
"1747";1323;0;0,449084743254842;0
"2049";1562;0;0,437282539297669;0
"1855";1412;0;0,285862203257956;0
"444";347;0;0,538435007891433;1
"1326";1015;1;0,650898920787158;1
"11";9;0;0,563729139430822;1
"1025";776;0;0,492205612881855;0
"928";702;0;0,478241196911606;0
"2232";1703;1;0,672310499262049;1
"2191";1671;1;0,517548436454258;1
"1679";1272;1;0,400114443381376;0
"145";109;0;0,385464361747673;0
"2088";1594;1;0,346096553538268;0
"1689";1278;1;0,680000565065348;1
"2332";1784;0;0,477333695877293;0
"1044";794;0;0,684285911982827;1
"2114";1610;1;0,705079666624589;1
"1477";1127;0;0,203853982714722;0
"982";743;0;0,185757171161535;0
"983";744;0;0,314718530373676;0
"1616";1227;0;0,330882284599524;0
"1256";957;0;0,339548337125584;0
"742";567;1;0,276559959135172;0
"660";508;1;0,455908070831625;0
"1077";815;1;0,360028577138926;0
"2856";2176;1;0,477726023273498;0
"2540";1940;0;0,430015768955225;0
"724";555;1;0,57407891505326;1
"2297";1757;0;0,183230330499896;0
"1108";840;0;0,385678674062427;0
"192";138;0;0,556197893170769;1
"2230";1702;0;0,595266337060033;1
"815";622;0;0,401732395183096;0
"1954";1493;0;0,474908143343441;0
"1644";1247;1;0,308631023932548;0
"1498";1141;0;0,601000909769717;1
"2657";2021;1;0,704560904238862;1
"2546";1942;1;0,432787962988161;0
"2709";2062;0;0,209692009668131;0
"1888";1441;0;0,622156490182553;1
"2113";1609;0;0,621361729442911;1
"3140";2376;1;0,483773012730725;0
"563";433;0;0,463796995101595;0
"2237";1708;0;0,614087234816278;1
"2532";1935;0;0,472390569100405;0
"1217";923;0;0,493632286753504;0
"1936";1477;1;0,535252009499228;1
"887";676;1;0,241904152121383;0
"1792";1360;0;0,392883139067661;0
"1946";1486;0;0,315184133944318;0
"1305";1000;0;0,341172801749793;0
"2727";2072;0;0,371644485378093;0
"159";119;0;0,380591622244639;0
"1571";1193;1;0,491329545713606;0
"3048";2312;0;0,391428181472779;0
"3050";2314;0;0,441029908914622;0
"1209";917;1;0,650471004777749;1
"2489";1906;1;0,539797943096996;1
"2933";2230;1;0,64895836677;1
"2090";1595;1;0,405780987087272;0
"2061";1571;0;0,500195448824373;1
"727";556;1;0,5646259427639;1
"1738";1317;1;0,491910155319839;0
"86";65;0;0,645307146207066;1
"2981";2259;0;0,430123879429598;0
"195";140;0;0,117665908998228;0
"1366";1046;0;0,385656060888014;0
"1826";1389;1;0,702643850310137;1
"1440";1102;0;0,562572882142712;1
"1415";1082;0;0,490059707548195;0
"1386";1063;0;0,34799015736219;0
"1965";1501;1;0,532190266973455;1
"2832";2156;0;0,338870256305802;0
"1557";1182;0;0,501863571122443;1
"140";105;0;0,461277430234866;0
"1312";1005;1;0,591510632013536;1
"2132";1626;0;0,488050357899249;0
"250";188;1;0,643925333925953;1
"2385";1826;1;0,476749966148292;0
"3022";2292;0;0,204969686870026;0
"3119";2358;1;0,385396759095365;0
"2638";2007;0;0,443639936960261;0
"1094";829;1;0,422032747646943;0
"1963";1499;1;0,514674653984348;1
"1704";1289;1;0,465951393923182;0
"1900";1449;1;0,721425652138968;1
"2105";1606;1;0,390191867527897;0
"739";565;0;0,297128280784126;0
"361";278;0;0,367189769651108;0
"70";51;0;0,30011008557894;0
"1003";760;1;0,274169811621972;0
"1709";1294;0;0,477980421194999;0
"538";416;0;0,667575809037631;1
"850";648;1;0,362763197070147;0
"109";80;1;0,497173856487873;0
"1313";1006;0;0,184977939957332;0
"730";559;1;0,514170582422358;1
"2062";1572;0;0,509030303958768;1
"1854";1411;0;0,456491195720717;0
"2708";2061;1;0,569010559105875;1
"2656";2020;1;0,388763548796552;0
"53";39;0;0,182332693511268;0
"2852";2172;0;0,529932330490201;1
"1446";1106;1;0,59592320485206;1
"1306";1001;0;0,349193230734341;0
"1182";896;0;0,308933940427188;0
"1480";1129;0;0,600209817983794;1
"1887";1440;0;0,435053296561044;0
"681";524;1;0,392477687327187;0
"445";348;1;0,30057280994171;0
"749";573;1;0,369042509663257;0
"2793";2125;0;0,441247604333703;0
"1172";890;0;0,335221262941559;0
"1111";843;0;0,481380671299012;0
"2057";1568;0;0,503913885151712;1
"347";267;0;0,696439315981288;1
"174";127;0;0,286207159092443;0
"2549";1943;0;0,174953200739991;0
"2845";2169;1;0,235900646620913;0
"2671";2032;1;0,672017155497883;1
"1000";757;0;0,455999827357521;0
"2003";1530;0;0,568538220007713;1
"270";206;0;0,611686793422157;1
"233";171;1;0,589840935504804;1
"193";139;1;0,636820520074165;1
"2640";2009;1;0,461889563059512;0
"3070";2324;1;0,694024461775259;1
"2220";1696;0;0,536437751655498;1
"775";592;0;0,269171402610397;0
"1731";1311;1;0,508780390601492;1
"2120";1616;1;0,480879594176388;0
"2802";2132;0;0,386259594313279;0
"2372";1814;0;0,359892805942945;0
"2344";1795;0;0,465712357986239;0
"1921";1466;1;0,464921762135358;0
"2095";1599;0;0,413222524576074;0
"189";136;0;0,301693417709254;0
"1075";813;0;0,51707595200499;1
"1526";1157;0;0,390154956672294;0
"1530";1161;0;0,385984954388843;0
"1668";1264;0;0,34333991378868;0
"1573";1195;0;0,433932988993827;0
"766";585;0;0,470759759215339;0
"1372";1051;1;0,38598487607477;0
"1540";1169;0;0,461817047870742;0
"1399";1073;0;0,474039462730338;0
"1095";830;1;0,725376210485219;1
"1197";907;0;0,627303960541667;1
"3092";2338;0;0,469563369080691;0
"1349";1033;0;0,409354446435407;0
"1821";1386;0;0,595410507725161;1
"1122";853;0;0,447194454228141;0
"72";52;0;0,480044521940704;0
"3049";2313;0;0,612039119104217;1
"1947";1487;0;0,461773455446608;0
"124";92;0;0,6336545198777;1
"558";431;1;0,310010134048211;0
"2265";1729;1;0,13678398712955;0
"1364";1044;1;0,384714890396717;0
"821";627;0;0,329915514562346;0
"2126";1620;1;0,357599165739849;0
"2223";1698;1;0,46491105417414;0
"2525";1931;0;0,504261613988212;1
"2757";2094;1;0,481901616849379;0
"2658";2022;0;0,451798548397774;0
"2652";2018;1;0,3496277518667;0
"2229";1701;1;0,504520299313034;1
"1460";1114;0;0,340030606412206;0
"2669";2031;0;0,560593356036646;1
"874";667;0;0,322828181916189;0
"3123";2362;1;0,600025560206504;1
"322";246;0;0,218679854596074;0
"26";18;1;0,301705907023166;0
"3136";2372;0;0,589539517001855;1
"2021";1544;1;0,50427257905463;1
"1294";990;1;0,450169345881389;0
"188";135;0;0,647182855102147;1
"585";448;1;0,590121659047729;1
"2412";1849;0;0,47902002398109;0
"1999";1527;1;0,320292694009611;0
"1708";1293;0;0,620813742110381;1
"1433";1096;0;0,467632039434528;0
"3042";2307;0;0,438066778617067;0
"1711";1296;1;0,540345272466129;1
"520";405;0;0,3870835943874;0
"1201";911;0;0,55291160680791;1
"2443";1869;0;0,260143197787057;0
"2100";1603;0;0,353374425298736;0
"2001";1528;0;0,360390758304455;0
"44";32;1;0,359440399489484;0
"751";574;1;0,39982211224613;0
"1418";1085;1;0,478996688080276;0
"827";632;1;0,251258520717926;0
"120";88;0;0,555575824474999;1
"600";462;1;0,51947524396713;1
"2758";2095;0;0,391670650432158;0
"2360";1805;1;0,439132311763845;0
"408";317;1;0,572659115616408;1
"378";292;0;0,427891496299854;0
"944";715;0;0,510266938963962;1
"867";661;1;0,374190706503707;0
"2420";1854;0;0,481990620119764;0
"1611";1224;0;0,648451354862597;1
"2994";2270;0;0,556537211229207;1
"1911";1458;0;0,502426773428536;1
"709";545;0;0,427598019705928;0
"639";492;0;0,335453539976801;0
"2720";2069;1;0,680445799937985;1
"913";694;1;0,273848862184634;0
"2823";2147;1;0,452866715495337;0
"1534";1164;0;0,416517064205165;0
"993";751;1;0,536952147331506;1
"2755";2092;1;0,192512316012001;0
"1894";1445;1;0,330881934980527;0
"2705";2059;0;0,205639453756206;0
"1239";943;1;0,366140283787355;0
"890";678;1;0,369469026241345;0
"187";134;0;0,285738969731791;0
"2543";1941;0;0,23010742875678;0
"323";247;1;0,622221454579316;1
"1417";1084;1;0,619373316393131;1
"3138";2374;0;0,515425468488603;1
"1026";777;1;0,422743237033578;0
"2753";2090;0;0,439159261408661;0
"1908";1456;1;0,339642050612907;0
"3137";2373;1;0,523385943803626;1
"1098";833;0;0,663945236363769;1
"828";633;1;0,512042077184149;1
"1847";1406;0;0,204090380527198;0
"173";126;0;0,516055245623238;1
"1765";1339;1;0,521266418393919;1
"1126";856;0;0,409915168024108;0
"2104";1605;0;0,281146952884972;0
"1742";1318;1;0,713554264098625;1
"1396";1070;0;0,431262623956237;0
"811";619;0;0,450624607814108;0
"1760";1334;1;0,648299010622377;1
"2891";2198;1;0,493051389905122;0
"575";439;1;0,467053892339932;0
"2765";2102;0;0,186378833599041;0
"1831";1392;0;0,309991077187751;0
"1462";1116;1;0,454660005835525;0
"2661";2024;0;0,303753669268887;0
"2925";2223;0;0,555448756109901;1
"329";252;1;0,441072921864455;0
"2119";1615;0;0,36838823515235;0
"217";156;1;0,490740820349732;0
"249";187;1;0,61548710471214;1
"564";434;0;0,134767357485604;0
"1587";1207;0;0,432088871043863;0
"1857";1414;1;0,438871417950181;0
"1883";1437;1;0,687155314956881;1
"6";5;0;0,31308963517769;0
"1904";1453;0;0,488944371087688;0
"1160";882;0;0,627761816133179;1
"155";116;0;0,448419187483996;0
"1804";1371;0;0,34489811596154;0
"3047";2311;0;0,506729890671909;1
"31";22;0;0,318329577125612;0
"1782";1351;1;0,510906975716275;1
"3078";2328;1;0,673591093717076;1
"2584";1969;1;0,434530645480464;0
"240";178;0;0,256304489733129;0
"3002";2277;0;0,606812497718536;1
"2592";1975;1;0,629994685768308;1
"277";212;0;0,528148267944661;1
"1838";1399;0;0,327008169228212;0
"2168";1652;0;0,629852740528316;1
"339";261;1;0,601724693302428;1
"2625";1998;0;0,384225750038467;0
"1721";1304;1;0,396930457708428;0
"1224";928;0;0,333254631715601;0
"2500";1912;0;0,426945989485861;0
"774";591;0;0,488137519635855;0
"384";297;0;0,367582060859536;0
"34";25;1;0,693058627051807;1
"2713";2066;0;0,389209935662437;0
"791";604;1;0,331704882368062;0
"3045";2309;1;0,511024377844401;1
"1361";1042;1;0,544048311349863;1
"1377";1054;0;0,384730435321162;0
"870";664;1;0,469574662846276;0
"2020";1543;1;0,674538692070155;1
"2677";2037;1;0,598589170561659;1
"936";709;0;0,450661348035874;0
"258";195;1;0,555390746274201;1
"1343";1030;1;0,747738979725392;1
"1583";1203;1;0,352903201237076;0
"383";296;1;0,361425012218649;0
"2902";2205;1;0,319719631472487;0
"1605";1221;1;0,441312944015518;0
"430";336;0;0,38052986218831;0
"1672";1268;0;0,310879064285697;0
"752";575;0;0,520555276586175;1
"489";379;0;0,49762045322172;0
"1969";1503;0;0,585596634991236;1
"2901";2204;0;0,320505869855243;0
"2570";1959;0;0,460708816384845;0
"1603";1219;0;0,44116816616863;0
"2442";1868;0;0,488959020562911;0
"2128";1622;0;0,220593382953361;0
"2587";1971;1;0,519652619692144;1
"2017";1540;0;0,497570349028787;0
"1531";1162;0;0,511537321567078;1
"1652";1254;1;0,491777573545032;0
"2831";2155;1;0,305788081171219;0
"1756";1331;1;0,54451352518132;1
"457";357;1;0,278266869619967;0
"601";463;1;0,529693545032926;1
"1861";1418;0;0,333249557457797;0
"2275";1739;0;0,236591034592061;0
"2345";1796;0;0,410315434156735;0
"2526";1932;0;0,449134400711653;0
"1707";1292;0;0,321191745945247;0
"1848";1407;0;0,555868373747533;1
"1784";1353;0;0,658101877455877;1
"1618";1228;0;0,331810496434546;0
"2479";1897;1;0,455953720480453;0
"2775";2110;0;0,471866861818194;0
"1824";1388;1;0,314889425156456;0
"2288";1749;1;0,488608824410718;0
"1992";1522;1;0,536402836659636;1
"348";268;1;0,488815361717874;0
"1590";1209;1;0,458310704465913;0
"2184";1666;1;0,354485868139196;0
"1302";998;0;0,322518179114709;0
"472";367;1;0,527085805597909;1
"783";598;1;0,618600672295244;1
"1746";1322;0;0,299524940384058;0
"311";236;1;0,23862393584013;0
"958";727;1;0,501559049683853;1
"1912";1459;0;0,464218534455318;0
"267";203;1;0,516023288444533;1
"794";607;1;0,511234841459721;1
"1724";1307;0;0,704709576137669;1
"399";311;0;0,294490264970767;0
"598";460;1;0,552791211703144;1
"2596";1978;0;0,277021865654024;0
"2454";1876;0;0,418308416126016;0
"2026";1548;0;0,497055188607435;0
"1038";789;0;0,282056027333687;0
"1810";1376;1;0,399378840044264;0
"2094";1598;1;0,435726068348825;0
"121";89;1;0,523918311109134;1
"1484";1133;0;0,461357204779579;0
"787";601;0;0,566760914597696;1
"2149";1638;1;0,353927753817003;0
"2464";1884;0;0,653068600119637;1
"1170";888;1;0,367816034305574;0
"2084";1590;1;0,515938800707901;1
"1553";1178;0;0,33592572907117;0
"2496";1908;1;0,445539822331618;0
"1033";784;1;0,50154185449157;1
"2425";1857;1;0,550333119133617;1
"2359";1804;0;0,427383530939482;0
"1633";1239;0;0,4286280447087;0
"1031";782;1;0,394990841566929;0
"2853";2173;0;0,338566264033999;0
"2284";1745;1;0,544327030469864;1
"1216";922;1;0,474220116009131;0
"1964";1500;0;0,428863262825602;0
"2227";1700;0;0,477360298661543;0
"885";674;0;0,44975261381465;0
"1251";953;1;0,679410436403007;1
"2740";2080;1;0,281430574653564;0
"2260";1725;0;0,577962679895894;1
"1563";1186;0;0,407335572304223;0
"609";470;1;0,65569313937661;1
"842";644;0;0,427488519996537;0
"2783";2117;1;0,558975805893167;1
"2152";1640;0;0,60273865846065;1
"661";509;1;0,419518044553575;0
"2404";1843;0;0,294145581742796;0
"1507";1146;0;0,46753293110176;0
"708";544;1;0,35874892288518;0
"1840";1401;0;0,550466840078946;1
"1229";933;1;0,445472313312926;0
"1450";1110;1;0,613444531113344;1
"2183";1665;0;0,362500702407539;0
"2016";1539;1;0,449170954640605;0
"1064";806;0;0,326350877029943;0
"2499";1911;0;0,196119964286158;0
"2426";1858;1;0,70573694039241;1
"1128";858;0;0,407873242689526;0
"2801";2131;1;0,493598136768801;0
"345";265;0;0,542838331831158;1
"2292";1752;1;0,4796848002576;0
"525";408;1;0,609609032189213;1
"40";28;0;0,444538072417688;0
"1949";1489;1;0,551032024749677;1
"790";603;1;0,350093613666765;0
"2628";2000;0;0,499577599414449;0
"301";226;1;0,631155152909309;1
"1719";1302;0;0,307324211475727;0
"2472";1891;1;0,430163072833473;0
"1620";1230;1;0,548968585075202;1
"2903";2206;0;0,576639307482243;1
"653";503;0;0,568015129126654;1
"1885";1438;0;0,358727136766353;0
"2650";2016;0;0,313158172431356;0
"1650";1252;0;0,169891749601099;0
"2172";1655;1;0,508631291684392;1
"389";301;0;0,335566529373548;0
"447";350;0;0,642884568243022;1
"2920";2220;0;0,645744462976285;1
"1475";1125;1;0,526385584303488;1
"1795";1363;0;0,321125934402008;0
"117";86;1;0,626974515065978;1
"2938";2233;1;0,453572664727453;0
"294";222;1;0,513659423835744;1
"2958";2242;0;0,408817190556531;0
"2295";1755;0;0,396796729926259;0
"219";158;1;0,416700768097912;0
"276";211;0;0,255569840170529;0
"2564";1955;1;0,433382496170879;0
"1156";879;1;0,559585767619707;1
"2511";1920;0;0,356857882671409;0
"373";289;0;0,373192158884288;0
"2759";2096;0;0,334618906091811;0
"2178";1660;0;0,325473557999511;0
"1024";775;1;0,385128267855277;0
"2048";1561;1;0,43810014078854;0
"1269";968;1;0,648342207308792;1
"3";3;1;0,482420360412686;0
"1200";910;1;0,482834276266241;0
"2808";2136;1;0,630598997929424;1
"1729";1309;0;0,371461121145983;0
"1291";988;1;0,536060526181622;1
"731";560;0;0,323718670757204;0
"2843";2167;0;0,377582166069974;0
"2509";1919;0;0,552620874671842;1
"1815";1381;0;0,292803722663643;0
"1630";1237;1;0,483161427357092;0
"1486";1135;0;0,595457834300219;1
"1135";865;1;0,709971627505131;1
"2814";2140;0;0,311153805937597;0
"5";4;1;0,496508312108213;0
"626";482;0;0,444265846853169;0
"2940";2234;1;0,34342696182725;0
"1621";1231;0;0,28481950292583;0
"2562";1953;0;0,623128831965657;1
"765";584;1;0,455549163988712;0
"2193";1673;1;0,280900353912015;0
"2857";2177;1;0,607178083322543;1
"1567";1190;0;0,294868358935258;0
"1928";1471;1;0,672947829127615;1
"1593";1212;1;0,615846151389299;1
"701";539;1;0,631040817175986;1
"1300";996;0;0,388977525803238;0
"2177";1659;0;0,668328927454258;1
"919";697;1;0,338971245288006;0
"2773";2108;1;0,462243676277567;0
"1401";1075;1;0,697546802143241;1
"1677";1271;1;0,518840968285179;1
"2636";2006;0;0,566446828659702;1
"247";185;1;0,680802684904874;1
"3130";2366;0;0,162455042252154;0
"487";377;0;0,641054015794139;1
"2552";1946;1;0,487136410718672;0
"1124";855;0;0,566393900673456;1
"2270";1734;1;0,498614214109438;0
"428";334;0;0,339691559083696;0
"2550";1944;0;0,405348789885638;0
"423";329;0;0,409947437521933;0
"1429";1093;0;0,270835938711;0
"1793";1361;0;0,26098687901471;0
"2305";1762;1;0,680520640285425;1
"2502";1914;0;0,435483843059877;0
"2790";2122;1;0,417383347822155;0
"453";353;0;0,31232647063041;0
"1805";1372;0;0,324528604414715;0
"909";692;0;0,434574200807001;0
"2475";1894;1;0,543969802415799;1
"2221";1697;1;0,657696799143211;1
"2403";1842;0;0,208960406263219;0
"1385";1062;0;0,195272505684833;0
"201";144;1;0,428002233052519;0
"1829";1390;1;0,208847892219975;0
"556";430;1;0,526809742010887;1
"1635";1241;1;0,572485274705303;1
"2660";2023;1;0,296687370831229;0
"425";331;0;0,287607725379593;0
"1944";1484;1;0,480370954982714;0
"1811";1377;0;0,570469480989212;1
"405";314;0;0,509838455915572;1
"1871";1427;0;0,272248597203074;0
"1212";919;1;0,362658000068488;0
"860";656;0;0,407009355461561;0
"1537";1167;1;0,528916080121112;1
"1521";1155;0;0,515461298920131;1
"1245";947;0;0,385044449404007;0
"1316";1008;1;0,508267606009655;1
"1693";1281;1;0,436564797003806;0
"2014";1537;1;0,532146472208101;1
"2311";1767;1;0,518876254735757;1
"840";643;0;0,211455207110405;0
"2960";2243;0;0,289799118198967;0
"831";636;1;0,309903423762264;0
"2002";1529;0;0,304678627519541;0
"2194";1674;1;0,408538934462868;0
"634";490;0;0,432993738438065;0
"2633";2004;1;0,475634505681823;0
"721";553;1;0,466427569576026;0
"307";232;1;0,498628105878699;0
"697";537;0;0,493578515343096;0
"1812";1378;1;0,322318599346548;0
"1226";930;1;0,499015868832122;0
"2678";2038;1;0,486245499943007;0
"1769";1342;1;0,550078949098293;1
"2054";1565;1;0,41615657202722;0
"2746";2084;0;0,351105258093891;0
"722";554;0;0,506246971433604;1
"1582";1202;0;0,493396012660776;0
"1735";1314;0;0,291164714431858;0
"1789";1358;0;0,475814599940456;0
"458";358;0;0,248494412705286;0
"137";102;0;0,3455602645694;0
"2648";2014;1;0,463483527211935;0
"2337";1788;0;0,51414336545202;1
"2043";1558;0;0,390891014845681;0
"729";558;1;0,596400774082489;1
"220";159;0;0,396602263885687;0
"263";199;1;0,467005142582078;0
"74";54;0;0,337366266813412;0
"2069";1577;1;0,362145026280806;0
"2058";1569;1;0,681425485785149;1
"843";645;0;0,577043080343152;1
"2980";2258;0;0,305214081781949;0
"939";711;0;0,297489148188036;0
"2143";1634;1;0,717722957425771;1
"393";305;0;0,34340407356418;0
"1402";1076;1;0,388832724371535;0
"2033";1554;0;0,530149641726147;1
"1301";997;0;0,703876833742264;1
"1636";1242;0;0,281861991547087;0
"822";628;1;0,391091011562808;0
"970";736;1;0,513375453804271;1
"2314";1770;1;0,644741077491087;1
"602";464;1;0,451456750546316;0
"2192";1672;0;0,313289930425921;0
"1387";1064;1;0,367808338502923;0
"1566";1189;0;0,294842793858257;0
"2553";1947;0;0,368389312527827;0
"76";56;1;0,352782114613173;0
"2342";1793;0;0,537012151976073;1
"113";83;1;0,340323203523951;0
"2615";1991;0;0,355985575030107;0
"2067";1575;1;0,64244724614107;1
"677";521;0;0,271537705784458;0
"2884";2193;1;0,608080486287041;1
"1019";771;0;0,325592804879466;0
"2326";1781;1;0,590269331620256;1
"2158";1645;1;0,676018096037557;1
"649";500;1;0,419542848663438;0
"1599";1216;1;0,312173068374589;0
"2024";1546;1;0,657292167611157;1
"2181";1663;0;0,399402205439297;0
"2738";2079;0;0,541864140506476;1
"1500";1142;0;0,199413442734294;0
"1424";1090;1;0,450338891152383;0
"2953";2238;0;0,665776995782975;1
"2748";2086;0;0,51936190023502;1
"1512";1150;1;0,630908344050499;1
"2886";2195;0;0,367566333856166;0
"1971";1505;1;0,586983184514653;1
"2610";1989;1;0,441378349456113;0
"327";251;0;0,421212656259483;0
"2699";2054;0;0,548265762396807;1
"2023";1545;1;0,321873589818913;0
"1362";1043;0;0,624727891855816;1
"776";593;1;0,39624243680161;0
"42";30;0;0,329417307682413;0
"1676";1270;0;0,612656036883777;1
"1149";874;0;0,174412384496327;0
"2721";2070;1;0,671834173466404;1
"1274";972;1;0,582030913483245;1
"662";510;0;0,18784578209211;0
"2893";2199;0;0,558122056288435;1
"2731";2074;1;0,584133715308465;1
"334";256;0;0,462157605279608;0
"118";87;0;0,443163897621795;0
"2180";1662;0;0,31086548042762;0
"1070";810;0;0,278153150189371;0
"325";249;1;0,484975774250085;0
"1081";818;1;0,35420562423046;0
"588";451;1;0,556950893136731;1
"2323";1778;0;0,64269179526656;1
"576";440;1;0,655709389443894;1
"1397";1071;0;0,487507179918902;0
"2197";1677;1;0,464430765628294;0
"1872";1428;0;0,510060722954096;1
"2364";1807;1;0,645501695235895;1
"146";110;1;0,42528332095097;0
"1660";1259;1;0,503138099169347;1
"200";143;1;0,557002430978188;1
"353";273;0;0,514086224993777;1
"479";370;1;0,723551719667687;1
"694";534;0;0,621630894530096;1
"2629";2001;0;0,342408037141045;0
"1552";1177;1;0,523502935745092;1
"368";284;1;0,607639466883003;1
"1814";1380;0;0,620662618940487;1
"561";432;1;0,487864093614233;0
"546";420;0;0,562848758194845;1
"1743";1319;1;0,634128719015844;1
"2341";1792;1;0,645853376480565;1
"2703";2057;1;0,544692589964394;1
"161";121;0;0,392778237516372;0
"434";340;1;0,386289189317712;0
"138";103;1;0,506579004169038;1
"2291";1751;0;0,492481408377278;0
"1062";805;0;0,3286337200852;0
"1535";1165;0;0,485650136123352;0
"2639";2008;0;0,325133898986704;0
"2487";1905;0;0,52434344410691;1
"1404";1077;0;0,319516770823325;0
"2071";1578;1;0,455958049115563;0
"527";410;0;0,718488108582628;1
"2866";2182;1;0,521096068626451;1
"1021";773;1;0,366278818952113;0
"2667";2029;1;0,588340910445679;1
"1467";1119;1;0,533798242251503;1
"2877";2187;0;0,52791608478194;1
"1631";1238;1;0,692094844135569;1
"1938";1479;1;0,575179494661893;1
"2285";1746;1;0,5096068854074;1
"1015";770;0;0,620811441566653;1
"2293";1753;1;0,665688129295723;1
"1920";1465;0;0,274039077776134;0
"306";231;1;0,647315898924629;1
"2631";2002;1;0,516453557879236;1
"613";472;1;0,601354696374921;1
"1901";1450;0;0,332490106523001;0
"2734";2077;0;0,630271297434935;1
"2170";1654;0;0,465517589787335;0
"647";498;0;0,264012561033946;0
"2009";1533;0;0,528028717925836;1
"1564";1187;0;0,4692931411326;0
"837";640;0;0,360541410951187;0
"2316";1772;1;0,29782026729355;0
"2441";1867;1;0,357058433730141;0
"856";654;0;0,397814547119104;0
"2322";1777;0;0,479142117206219;0
"866";660;0;0,633966896756966;1
"2301";1760;0;0,518124339656702;1
"1215";921;1;0,278239080979637;0
"1173";891;0;0,301782805775242;0
"535";414;1;0,48959926366805;0
"2580";1965;0;0,599086120456444;1
"900";685;0;0,461692940087599;0
"1527";1158;0;0,313444198313607;0
"1471";1122;1;0,433854465502115;0
"1187";900;1;0,364650680326233;0
"397";309;1;0,433715204712702;0
"2465";1885;1;0,724076821701659;1
"1391";1066;0;0,655301535969238;1
"125";93;1;0,178604953569824;0
"2131";1625;0;0,269225582527298;0
"3094";2340;0;0,514392410005393;1
"2899";2202;1;0,487020684365298;0
"700";538;0;0,386161022294988;0
"2665";2027;0;0,475332986113142;0
"1354";1036;0;0,314755015679867;0
"2142";1633;1;0,545980441876679;1
"2485";1903;1;0,395257729879511;0
"1335";1024;0;0,197256991455545;0
"419";325;1;0,484509096357908;0
"1286";983;0;0,273187744237522;0
"1549";1174;1;0,345068720360875;0
"2350";1798;0;0,456872720278165;0
"2514";1922;0;0,544131470088903;1
"690";530;0;0,261420373755124;0
"303";228;1;0,222244120180252;0
"2597";1979;1;0,642673071372257;1
"3010";2284;0;0,38182402390458;0
"1082";819;0;0,215915293674288;0
"508";395;1;0,67652984736329;1
"888";677;0;0,187357915332826;0
"1265";964;1;0,472511052355303;0
"1909";1457;0;0,336785153576415;0
"344";264;0;0,289205891690217;0
"1384";1061;0;0,641019495245439;1
"1941";1482;1;0,436520925419685;0
"1022";774;1;0,720492700195755;1
"278";213;1;0,394456737868691;0
"318";242;0;0,509231337321172;1
"915";695;1;0,573661165917548;1
"3120";2359;0;0,435820968471824;0
"2073";1580;0;0,32085375660244;0
"2324";1779;0;0,257587668248528;0
"165";122;0;0,339863450686809;0
"1273";971;1;0,368696880842809;0
"536";415;1;0,50122819938074;1
"168";123;1;0,646317917132822;1
"2138";1630;1;0,322699526388885;0
"106";77;1;0,47650801100792;0
"1589";1208;0;0,378168630247947;0
"1702";1287;1;0,622686971546941;1
"126";94;1;0,702773643284651;1
"2760";2097;0;0,416481846438207;0
"1930";1473;1;0,567688779642539;1
"1107";839;0;0,480694041327544;0
"2050";1563;1;0,530520454881279;1
"946";717;0;0,586862014082745;1
"2924";2222;1;0,57727591736063;1
"2072";1579;0;0,726772578271938;1
"1428";1092;1;0,498720548125215;0
"1337";1025;0;0,329507273599061;0
"2965";2247;1;0,497554876197324;0
"820";626;0;0,252162348168861;0
"3040";2305;1;0,462992783863516;0
"2118";1614;0;0,514009105296613;1
"305";230;1;0,64665315427301;1
"1181";895;1;0,57808666215912;1
"2848";2170;0;0,307667570896508;0
"3110";2350;1;0,451771736271523;0
"2769";2104;1;0,421149690048791;0
"675";519;0;0,462247513056114;0
"2135";1628;1;0,691884441010797;1
"2452";1875;1;0,732945561361624;1
"1995";1524;0;0,47328153390168;0
"1093";828;0;0,32855433560936;0
"1030";781;0;0,606920466116867;1
"733";561;1;0,621316973162287;1
"1012";767;1;0,356541370786369;0
"1551";1176;1;0,573812670486952;1
"411";320;0;0,306147361067134;0
"2338";1789;1;0,621013990752852;1
"1880";1436;0;0,487962974945688;0
"2082";1588;1;0,300611993015309;0
"1576";1197;0;0,585466203526843;1
"2728";2073;0;0,329258747648895;0
"1407";1079;0;0,405201514579512;0
"1102";835;1;0,390601415245173;0
"2351";1799;0;0,328764849481579;0
"942";713;1;0,609255242894015;1
"2401";1840;1;0,437804271860462;0
"454";354;1;0,485026270203005;0
"2424";1856;0;0,229552692884224;0
"981";742;0;0,419666240543343;0
"1393";1068;0;0,298566435546437;0
"2567";1957;0;0,31362374151206;0
"1328";1017;0;0,442874108282986;0
"2271";1735;0;0,499475548363488;0
"2480";1898;0;0,456221731379924;0
"891";679;0;0,242895967671825;0
"3051";2315;0;0,391820631111781;0
"2676";2036;1;0,511463406066445;1
"2792";2124;1;0,272999252602296;0
"1984";1516;1;0,488768339380628;0
"2252";1719;0;0,495147339802908;0
"2004";1531;0;0,316140803108929;0
"1050";798;1;0,617434441910781;1
"216";155;0;0,474382665178979;0
"3122";2361;1;0,448516206939249;0
"1253";955;0;0,434587500916472;0
"670";515;0;0,159878488832815;0
"967";734;0;0,594713712225118;1
"1607";1222;0;0,336866685931431;0
"1120";851;0;0,462865074162235;0
"2588";1972;0;0,305164222693957;0
"60";44;0;0,442041873593859;0
"1690";1279;0;0,423154237779259;0
"51";37;1;0,487631278965091;0
"241";179;0;0,570011240644488;1
"32";23;0;0,440005435579623;0
"2632";2003;0;0,460599187183967;0
"1788";1357;1;0,662235072459429;1
"2367";1810;0;0,299764041922894;0
"2967";2249;1;0,561316730586596;1
"2536";1938;1;0,331173749710894;0
"1118";849;0;0,45588752310465;0
"83";62;1;0,618186464962776;1
"1292";989;1;0,41824930928628;0
"1622";1232;0;0,679813458024085;1
"817";624;1;0,463765073394184;0
"2662";2025;0;0,677536128712054;1
"1730";1310;0;0,37504610610608;0
"2313";1769;0;0,442245959480271;0
"2908";2210;1;0,602426329490437;1
"35";26;1;0,452074050462336;0
"1";1;1;0,563092748929142;1
"1133";863;1;0,30464283041653;0
"1276";974;0;0,465694012091538;0
"1585";1205;1;0,530767347023025;1
"1879";1435;0;0,425203666159509;0
"1338";1026;1;0,315823858695863;0
"785";600;1;0,302956520486294;0
"3029";2297;1;0,553765565317176;1
"302";227;0;0,384770373212095;0
"1661";1260;1;0,606387152228717;1
"2263";1728;0;0,381674941137829;0
"1592";1211;0;0,356240614689656;0
"2859";2179;1;0,44722823965866;0
"1506";1145;0;0,495598264250343;0
"1780";1349;1;0,4966409105695;0
"1834";1395;0;0,310093511906671;0
"2272";1736;1;0,622825308785919;1
"1935";1476;1;0,633496792212597;1
"410";319;1;0,621552111242543;1
"1558";1183;0;0,462348845150669;0
"8";7;0;0,354689027813796;0
"3080";2329;1;0,554499864634494;1
"691";531;0;0,45421851120843;0
"702";540;0;0,465701111168276;0
"1045";795;1;0,656833416675954;1
"2213";1690;0;0,33139184710709;0
"668";514;0;0,670649156623931;1
"1720";1303;0;0,320410677508864;0
"235";173;0;0,459185823125637;0
"1853";1410;1;0,34734131454283;0
"2756";2093;1;0,462588607424884;0
"1032";783;0;0,293690924356282;0
"2991";2267;1;0,549492198191065;1
"2822";2146;1;0,739156730932044;1
"2599";1980;1;0,569802717050119;1
"2581";1966;0;0,234346398768437;0
"79";58;1;0,299952182342653;0
"974";739;1;0,351683636003574;0
"1115";846;1;0,404831061161418;0
"231";169;1;0,719152936398634;1
"1420";1087;0;0,528185639236698;1
"2840";2164;0;0,471949830583155;0
"2388";1829;0;0,610057432096195;1
"2015";1538;0;0,637265492364522;1
"1132";862;0;0,175569544488704;0
"1626";1235;0;0,519093925351485;1
"2763";2100;1;0,435077720350495;0
"1830";1391;0;0,461547388160673;0
"532";413;0;0,328795242425726;0
"295";223;1;0,401644243959673;0
"1495";1138;0;0,399838771731763;0
"496";385;1;0,422547817734895;0
"2176";1658;1;0,380237772785884;0
"1341";1029;0;0,190060036775617;0
"391";303;1;0,389387386066431;0
"1799";1366;0;0,18952097248794;0
"156";117;0;0,316515807580741;0
"1624";1233;1;0,609614350361486;1
"1555";1180;1;0,449162240413585;0
"2208";1686;0;0,239313166184289;0
"1237";941;1;0,442098636846355;0
"2174";1657;1;0,396049217005946;0
"406";315;0;0,471972167878848;0
"1020";772;0;0,356096706088825;0
"2600";1981;1;0,593361521157515;1
"1869";1425;1;0,653554780346582;1
"1346";1031;0;0,484577538492275;0
"632";488;0;0,491289014512487;0
"2771";2106;0;0,424920124400736;0
"1431";1095;0;0,325825486529699;0
"1870";1426;0;0,321887390364938;0
"555";429;1;0,64951034884814;1
"1973";1507;0;0,349112106963107;0
"1270";969;0;0,357410421876571;0
"590";453;1;0,360944744990513;0
"13";11;1;0,511176891219549;1
"2687";2044;1;0,462668065799893;0
"1248";950;0;0,371777541025461;0
"2949";2237;0;0,467738581849353;0
"2080";1586;1;0,68393141651472;1
"388";300;0;0,347716656835608;0
"684";526;1;0,530157461845593;1
"3111";2351;0;0,603661151178901;1
"84";63;0;0,316547606024188;0
"2261";1726;1;0,532736773809204;1
"2012";1536;1;0,568490995708246;1
"2916";2216;1;0,523422226767992;1
"2212";1689;1;0,44560472661397;0
"1277";975;0;0,282424156267326;0
"1903";1452;1;0,411250133697715;0
"336";258;0;0,365901748139594;0
"2044";1559;0;0,484883547371626;0
"2418";1853;0;0,317240795976347;0
"2977";2256;1;0,408968473467502;0
"2165";1650;0;0,35707045749441;0
"2139";1631;0;0,305001714087162;0
"988";748;0;0,57338590755694;1
"1184";898;1;0,515842471179654;1
"597";459;0;0,318765690564115;0
"1334";1023;0;0,412583511969858;0
"971";737;1;0,33511582419635;0
"719";551;0;0,52223240554942;1
"977";740;1;0,391560756706463;0
"872";666;0;0,454719906419756;0
"486";376;0;0,34346602257927;0
"1319";1010;0;0,339175419108051;0
"2368";1811;1;0,128108484552767;0
"2117";1613;1;0,564226392547678;1
"829";634;0;0,35005918399078;0
"1852";1409;0;0,523309675931531;1
"338";260;1;0,505155932347132;1
"221";160;1;0,395917948574689;0
"1619";1229;0;0,329874930908041;0
"2644";2012;1;0,578127978959879;1
"1324";1013;0;0,536113538698689;1
"238";176;1;0,678256467167569;1
"1905";1454;1;0,282391543388516;0
"1199";909;0;0,438011298085133;0
"1028";779;0;0,212872766551948;0
"3055";2317;0;0,455646793148741;0
"878";669;1;0,295088039760972;0
"363";280;0;0,460057689303206;0
"484";374;0;0,235280852774132;0
"651";501;0;0,497983736862607;0
"293";221;0;0,375159770440221;0
"1878";1434;0;0,675569327041067;1
"933";707;1;0,694992383659611;1
"1162";884;0;0,406309155396426;0
"1639";1244;0;0,329205470223542;0
"1889";1442;0;0,319138224778186;0
"545";419;1;0,485323615069408;0
"1902";1451;0;0,422186524798169;0
"2918";2218;0;0,285889396325433;0
"1449";1109;0;0,374287532605237;0
"2269";1733;0;0,389221490634656;0
"816";623;1;0,334628092943679;0
"777";594;0;0,607455387931071;1
"152";114;1;0,432957611501307;0
"901";686;1;0,3143425355858;0
"1914";1461;0;0,528159185897392;1
"851";649;1;0,353121568093757;0
"1568";1191;1;0,744642617296068;1
"1809";1375;1;0,549313936150473;1
"2145";1636;0;0,482341791320974;0
"2085";1591;0;0,555974296594089;1
"686";527;1;0,430416820923393;0
"1483";1132;1;0,179520559820748;0
"313";237;1;0,722883701708804;1
"734";562;1;0,397533761768289;0
"81";60;1;0,639559650481757;1
"2830";2154;0;0,338675029928369;0
"2815";2141;0;0,311266911725512;0
"248";186;0;0,550646114111974;1
"2371";1813;0;0,325575042113963;0
"596";458;0;0,111874538269141;0
"1171";889;1;0,697919665905466;1
"1732";1312;0;0,340667693298633;0
"1434";1097;1;0,438564635535082;0
"1514";1151;1;0,607290292188691;1
"1981";1514;0;0,384728531820491;0
"1076";814;1;0,336260221029827;0
"497";386;0;0,545726791944651;1
"2063";1573;0;0,603785292840062;1
"507";394;1;0,304765752352591;0
"1993";1523;1;0,417556015551683;0
"539";417;1;0,501007122424375;1
"2029";1551;0;0,578817745934154;1
"1980";1513;0;0,472707949174936;0
"1637";1243;0;0,436374855651976;0
"1009";765;0;0,491607371315299;0
"1381";1058;1;0,635120934504493;1
"2112";1608;0;0,305257740751718;0
"2210";1688;1;0,366171356893236;0
"283";216;0;0,219240693921133;0
"1665";1262;1;0,504441417300807;1
"1295";991;0;0,316139731216036;0
"1327";1016;1;0,568435067108528;1
"1604";1220;0;0,350521085730347;0
"230";168;0;0,432860119159168;0
"648";499;0;0,204901096133138;0
"676";520;1;0,615836443334874;1
"1892";1444;0;0,508791672039752;1
"1007";763;1;0,651290556351346;1
"869";663;1;0,539222604555724;1
"1034";785;1;0,609235822597308;1
"1359";1040;1;0,49680802602313;0
"1010";766;0;0,544983651097703;1
"1761";1335;0;0,552049252541589;1
"204";147;0;0,314321791514153;0
"3112";2352;0;0,404920305469252;0
"2238";1709;0;0,294794229420896;0
"78";57;0;0,449142356311222;0
"1445";1105;0;0,445549644152028;0
"984";745;0;0,561234522810473;1
"1131";861;1;0,454131038513095;0
"511";398;0;0,332564440021108;0
"746";571;1;0,516150671798538;1
"1001";758;1;0,510663512923356;1
"1561";1185;1;0,467762701768544;0
"2774";2109;1;0,418146659164643;0
"1141";868;0;0,507887772167481;1
"2037";1555;0;0,5677521824104;1
"2370";1812;0;0,359317467927104;0
"1586";1206;1;0,469700019349706;0
"1706";1291;1;0,578103888235561;1
"1457";1113;1;0,562642880678636;1
"104";76;1;0,466784033988217;0
"12";10;1;0,510779819335724;1
"2394";1834;1;0,236858795719531;0
"160";120;1;0,679767076395011;1
"3071";2325;0;0,277546043358628;0
"1727";1308;0;0,496488221272019;0
"2273";1737;0;0,306679900487446;0
"1699";1284;0;0,399338386047909;0
"652";502;1;0,619190507696259;1
"1317";1009;0;0,397080474901992;0
"1745";1321;1;0,533589898080053;1
"1674";1269;1;0,725931945606353;1
"3126";2364;0;0,316325518449046;0
"1114";845;0;0,440831744486695;0
"3114";2353;1;0,421138683418994;0
"617";475;0;0,487631239352413;0
"1943";1483;0;0,392298014895249;0
"2253";1720;1;0,701209523906472;1
"2606";1987;1;0,471895265718427;0
"2267";1731;1;0,673331059989903;1
"1926";1469;0;0,413588883267982;0
"800";612;1;0,483542363866119;0
"1758";1333;0;0,472566639578844;0
"1710";1295;1;0,514320365621615;1
"234";172;1;0,352048967352146;0
"2387";1828;1;0,499213415368423;0
"1533";1163;0;0,356563300347374;0
"2266";1730;0;0,172758030238983;0
"799";611;1;0,711434461044107;1
"3027";2295;0;0,303924700448357;0
"905";689;1;0,321478604690188;0
"362";279;1;0,480477561014317;0
"2081";1587;0;0,406377024384869;0
"95";70;0;0,438663584592309;0
"2941";2235;0;0,72389805119735;1
"2343";1794;1;0,313977576010515;0
"2281";1743;1;0,456600179776255;0
"663";511;0;0,59862625759705;1
"2568";1958;1;0,592141046985937;1
"1511";1149;0;0,606537531404174;1
"2565";1956;0;0,218756403864098;0
"2621";1995;0;0,360243092186014;0
"491";381;1;0,293674876919326;0
"2907";2209;0;0,470131405395884;0
"2554";1948;0;0,558831439498577;1
"1090";825;1;0,426171802335002;0
"679";522;1;0,593937164968494;1
"2508";1918;1;0,474032263311625;0
"673";517;0;0,460353352642199;0
"1198";908;0;0,274792922872941;0
"524";407;0;0,609101559801489;1
"1307";1002;0;0,596491790085588;1
"1275";973;0;0,465851940610547;0
"3043";2308;1;0,179185374199413;0
"1716";1300;0;0,292556765060924;0
"2092";1597;1;0,461890421377664;0
"2159";1646;1;0,491877910354943;0
"2612";1990;1;0,629338492886344;1
"2203";1682;0;0,400834785899014;0
"2761";2098;0;0,452904895325874;0
"2";2;0;0,436314329025742;0
"847";646;1;0,436396078262394;0
"172";125;0;0,516055245623238;1
"2947";2236;0;0,442706008501696;0
"2078";1584;1;0,519417982064374;1
"2576";1962;1;0,484243616248629;0
"1117";848;0;0,381900878007286;0
"1195";905;1;0,374582770517858;0
"1874";1430;1;0,60045327150831;1
"2383";1824;1;0,459772002974184;0
"2390";1831;0;0,45608299984604;0
"1439";1101;0;0,562239916212391;1
"1083";820;0;0,511585473614234;1
"514";401;0;0,474453597809447;0
"695";535;1;0,469741119981292;0
"1191";902;0;0,411661661183914;0
"1097";832;1;0,533914456268629;1
"19";15;1;0,232285269876638;0
"761";583;1;0,404857727974332;0
"1169";887;1;0,50374246506505;1
"367";283;1;0,280422215763231;0
"464";362;1;0,622627268147781;1
"222";161;0;0,506750884140901;1
"605";466;0;0,726377047651287;1
"1137";866;0;0,657079020388631;1
"1836";1397;1;0,273267096141927;0
"861";657;1;0,603773515617445;1
"595";457;0;0,621053593947171;1
"1339";1027;1;0,226060086806473;0
"759";581;0;0,651892240831324;1
"1252";954;1;0,526222526258779;1
"2825";2149;1;0,718547446425728;1
"2055";1566;1;0,453568411334036;0
"2555";1949;0;0,486569290701598;0
"456";356;0;0,385443626713417;0
"2957";2241;0;0,147096828144757;0
"321";245;1;0,484122460664144;0
"823";629;1;0,626836098369275;1
"1517";1152;0;0,31635008844114;0
"1591";1210;1;0,690469975878152;1
"868";662;0;0,496536659696425;0
"897";682;0;0,306904298577422;0
"2963";2246;0;0,377733173721315;0
"1039";790;0;0,396072626906911;0
"2601";1982;1;0,592718179343991;1
"1146";873;1;0,606868833896448;1
"2039";1556;0;0,315081829059839;0
"3028";2296;1;0,347677274157938;0
"2931";2228;1;0,300544258185021;0
"128";96;1;0,607346371302698;1
"1250";952;0;0,372397161396916;0
"1367";1047;1;0,385656060888014;0
"2400";1839;1;0,563766784051291;1
"2878";2188;0;0,39006330750487;0
"506";393;1;0,417304567900361;0
"1110";842;1;0,321713128029721;0
"802";613;0;0,540494403564918;1
"66";48;0;0,365726779945823;0
"246";184;1;0,496318611597918;0
"788";602;1;0,693573257326434;1
"2482";1900;1;0,209925538790635;0
"1231";935;1;0,379516253752406;0
"1975";1509;0;0,307768675501284;0
"3005";2279;0;0,403254802137019;0
"2686";2043;0;0,511211711632222;1
"2115";1611;0;0,406194642887962;0
"1219";925;0;0,4468399669535;0
"2226";1699;0;0,368388507294059;0
"349";269;0;0,357598346978375;0
"1968";1502;0;0,413818097818176;0
"304";229;1;0,312155250956592;0
"495";384;0;0,596518283796234;1
"2391";1832;1;0,582381123745696;1
"2879";2189;0;0,224000818128053;0
"1056";803;1;0,541037554023294;1
"1819";1384;1;0,682673963061398;1
"1119";850;1;0,721134227636913;1
"2889";2197;1;0,607050741079676;1
"1952";1492;0;0,680798046747888;1
"400";312;1;0,488084451400283;0
"433";339;1;0,545449238731746;1
"999";756;1;0,324309787909538;0
"2689";2046;1;0,496024611899718;0
"1803";1370;1;0,5812907931221;1
"2688";2045;1;0,735025622214468;1
"2776";2111;1;0,342135613633472;0
"1602";1218;0;0,502959696069866;1
"1340";1028;1;0,676887256344152;1
"931";705;1;0,723495166254438;1
"470";366;0;0,493940958040118;0
"3009";2283;1;0,512261875954297;1
"509";396;0;0,35008353400773;0
"286";218;0;0,219864116939435;0
"2616";1992;0;0,517993466721714;1
"420";326;0;0,319484235445571;0
"945";716;1;0,556254574924107;1
"2041";1557;0;0,225514727009698;0
"947";718;1;0,468961804795453;0
"110";81;1;0,309766671963761;0
"2486";1904;0;0,147483804039104;0
"440";344;0;0,452888922738706;0
"657";506;0;0,566228345611615;1
"2563";1954;0;0,190351205793006;0
"824";630;0;0,542060713845374;1
"245";183;1;0,436557956428017;0
"1510";1148;0;0,161480779573931;0
"754";577;0;0,357797819187906;0
"2255";1721;0;0,449458604766233;0
"2861";2180;0;0,222954243492309;0
"1091";826;0;0,443879745035995;0
"413";322;0;0,3062344356945;0
"3014";2287;1;0,440089551214718;0
"1238";942;1;0,200814514070622;0
"191";137;0;0,442934614312519;0
"1104";837;1;0,337435611771522;0
"2768";2103;1;0,28494840596185;0
"2691";2048;1;0,630873084139758;1
"1750";1326;0;0,405346493440012;0
"755";578;0;0,340831767086427;0
"1268";967;1;0,457174698465111;0
"2820";2144;1;0,317947628864915;0
"2836";2160;1;0,487786422489711;0
"262";198;0;0,125707177596945;0
"587";450;0;0,18583661160854;0
"82";61;1;0,367270092145644;0
"196";141;1;0,452523825683599;0
"1959";1496;1;0,600440293411753;1
"917";696;0;0,698327358357006;1
"768";587;0;0,283442376653378;0
"2278";1742;0;0,306369326699496;0
"2551";1945;1;0,188304371522102;0
"2249";1717;1;0,65679289605361;1
"2439";1865;0;0,333616928468424;0
"2409";1847;1;0,541224656307062;1
"7";6;0;0,680875846380099;1
"2979";2257;1;0,648294145410614;1
"614";473;0;0,340868900291071;0
"2133";1627;1;0,526990740543213;1
"1227";931;0;0,221511335092585;0
"1067";807;0;0,492876256491265;0
