"";"Observation.No";"Observed.y";"Predicted.y"
"480";2742;3;1
"1835";343;3;1
"1235";1141;1;1
"818";112;1;1
"991";218;3;3
"3018";2092;2;1
"2232";2422;3;3
"2297";731;1;1
"1778";1377;2;1
"313";896;3;3
"212";2585;3;3
"1112";3046;2;1
"1832";340;1;1
"617";951;1;1
"2241";2423;1;1
"614";413;1;1
"3031";174;1;1
"1863";191;3;3
"191";1996;1;1
"1188";2490;3;1
"510";1798;3;1
"158";1761;1;1
"1398";792;3;1
"84";1252;1;1
"600";1519;3;3
"1667";1216;2;3
"963";1128;1;1
"1808";2207;3;3
"1354";2976;1;1
"2655";736;2;1
"1115";2447;3;1
"1984";1814;3;3
"1852";1673;1;1
"2258";1746;2;1
"984";2359;1;3
"2552";2128;3;3
"2819";2304;3;1
"676";180;3;3
"954";2283;1;3
"2371";661;1;1
"441";2556;2;1
"2980";2687;1;1
"2259";260;3;1
"1346";152;1;1
"2066";726;2;3
"1179";3091;1;1
"2377";2373;1;3
"30";476;3;3
"735";952;2;1
"1716";1367;1;1
"2250";2349;2;1
"3035";178;2;3
"1965";2713;3;3
"2224";210;2;1
"2185";238;3;1
"1024";784;3;1
"2056";1698;3;1
"599";2513;3;1
"874";783;1;1
"2172";1841;3;3
"1650";1713;1;1
"2985";2691;3;1
"697";581;1;1
"2086";2927;1;1
"940";4;1;1
"2187";240;2;3
"1326";963;3;3
"1437";2794;2;1
"781";1647;2;3
"1656";2289;1;1
"2091";2928;1;3
"2280";2211;2;1
"2787";2858;2;1
"654";278;2;1
"1022";1288;3;3
"284";1900;2;1
"1185";2107;3;3
"1773";1372;1;3
"678";2002;2;1
"2660";3007;3;1
"1538";2245;2;1
"2632";326;1;1
"3060";2437;1;1
"3013";646;3;3
"985";2360;2;1
"1378";45;1;3
"2054";1696;3;1
"1685";2909;1;3
"836";2157;2;1
"2524";776;3;3
"386";820;3;3
"450";1470;3;1
"2863";2647;1;3
"103";1259;3;3
"1270";927;1;1
"14";1305;2;1
"3090";2309;1;1
"667";391;2;3
"2602";1469;3;1
"997";221;2;1
"1643";3098;2;1
"2661";3065;1;1
"1082";2893;1;1
"1365";32;1;1
"1692";2337;2;1
"162";16;1;1
"1522";2492;3;1
"524";2799;1;3
"99";506;1;3
"704";1281;1;3
"2015";2838;1;3
"1167";789;2;1
"937";2161;1;1
"1348";154;3;3
"1093";2897;1;1
"2439";1058;1;1
"2611";2682;2;1
"1540";290;1;1
"235";657;1;1
"278";1914;3;1
"1123";288;3;3
"1541";2040;1;3
"1020";1286;1;1
"1663";805;2;1
"2498";2051;3;3
"1855";2922;1;1
"2562";1221;1;3
"2560";3125;2;1
"1943";1808;1;1
"2234";538;3;3
"369";1778;3;1
"733";2032;3;3
"1921";2340;3;1
"1088";2074;2;1
"2306";1948;1;1
"2921";1325;3;3
"86";500;1;3
"2179";832;3;1
"1316";1474;3;3
"3084";468;1;1
"2378";2374;3;1
"3138";265;1;1
"1258";520;3;3
"2620";2300;1;3
"3046";1704;3;1
"1891";3033;2;3
"2776";1891;3;1
"395";2664;1;1
"1882";3078;2;3
"1735";750;1;1
"2948";3099;3;1
"2872";1825;2;1
"1234";2534;1;1
"1842";2918;1;1
"966";1562;1;1
"2239";543;1;1
"2617";2434;2;1
"2242";1966;2;1
"1768";615;3;1
"2087";2546;1;1
"2197";1742;3;1
"1504";590;2;1
"2698";2509;3;1
"2400";1878;3;3
"2331";935;2;1
"1817";1863;2;1
"397";1784;3;3
"1023";1000;2;3
"1417";205;3;3
"775";2358;1;1
"2266";2295;1;1
"2";977;1;1
"1134";745;3;3
"2128";2673;1;1
"1926";2471;1;1
"2090";2475;3;1
"1100";2667;3;1
"2564";1223;3;1
"1779";1378;2;3
"2965";466;3;3
"412";2184;1;1
"3047";1705;1;1
"1242";2947;1;1
"489";3085;1;1
"1642";591;2;1
"876";1603;2;3
"323";351;3;3
"1523";2493;2;1
"482";249;1;3
"2103";1195;1;1
"891";1472;1;1
"3062";2485;3;1
"3032";175;2;3
"2074";208;1;3
"2112";867;1;1
"21";474;2;1
"58";1248;2;1
"526";137;1;3
"1161";1838;3;3
"964";1129;2;3
"1887";2620;1;1
"725";108;2;1
"1073";3045;2;1
"750";2324;2;3
"2395";640;1;1
"3125";1304;2;3
"2802";168;1;1
"387";1;2;3
"315";898;3;1
"1201";2588;1;3
"2497";757;3;3
"2742";2057;1;1
"602";2746;3;1
"2208";1909;1;1
"1293";2811;2;3
"2672";777;3;3
"1110";2260;3;1
"2034";2842;2;1
"1231";63;3;1
"2283";1485;2;3
"2714";2551;2;1
"2461";3122;2;1
"1806";2205;2;3
"925";2755;2;1
"2401";1879;3;1
"3072";1717;2;1
"2322";402;1;1
"2177";2266;1;3
"142";2963;1;1
"1859";2017;3;1
"53";1245;1;1
"870";780;3;1
"1866";1345;1;1
"3063";1156;3;3
"2160";1537;1;3
"2614";1488;2;1
"1593";1166;3;3
"1772";1371;3;1
"1596";398;3;1
"780";1646;2;1
"286";1902;1;1
"2838";2642;1;1
"87";501;1;1
"1462";334;3;3
"2336";2083;2;3
"898";1359;1;1
"1533";2014;1;1
"2673";3089;1;1
"1935";449;3;3
"2793";547;1;1
"897";1358;1;1
"2373";1513;1;1
"2740";597;3;1
"1200";1105;3;1
"3102";2581;1;1
"952";2443;1;3
"1341";259;1;1
"873";782;2;1
"1225";2109;3;1
"1248";2810;1;1
"2057";1699;1;3
"971";2328;3;1
"17";1060;3;1
"2111";866;2;1
"25";487;2;1
"926";2756;2;1
"2067";727;3;3
"2522";1885;3;1
"2598";68;2;1
"950";2138;1;1
"1594";72;2;3
"2235";539;3;1
"2368";2767;3;1
"1081";2892;3;1
"454";671;3;1
"1529";610;3;3
"2684";2938;3;1
"502";274;1;3
"990";2010;3;3
"3118";1136;3;3
"2505";2524;2;1
"766";997;1;1
"1774";1373;1;3
"2007";1736;3;1
"645";1280;2;3
"2271";1057;1;1
"2800";2090;1;1
"1033";1289;3;3
"1336";2453;2;1
"2079";1940;3;1
"782";1648;3;1
"1794";2913;1;1
"2184";237;3;1
"846";582;2;1
"190";1453;2;1
"2636";213;1;3
"2163";1840;3;3
"1058";2704;2;1
"548";2187;3;1
"2927";329;1;1
"1353";2516;2;3
"2324";2720;1;1
"1688";2539;2;1
"2450";618;1;1
"355";2379;3;3
"2890";1350;2;1
"1603";1855;1;1
"268";409;3;1
"729";2065;3;3
"334";902;1;1
"2104";3005;1;1
"2075";209;3;1
"2966";2790;3;3
"1128";2194;1;1
"259";2487;3;1
"2043";1110;1;1
"2189";242;1;1
"2939";2775;2;1
"2862";2646;2;1
"1758";2911;1;3
"933";2105;3;3
"565";2559;2;3
"177";1995;3;1
"1254";516;2;3
"2176";2265;3;1
"1178";1075;3;1
"2530";459;2;1
"108";1982;1;3
"492";384;1;3
"1660";88;3;1
"813";418;3;3
"312";81;2;1
"2014";2837;3;3
"2026";1690;1;1
"1825";1535;2;3
"1114";2446;1;1
"2376";2372;3;1
"722";1708;1;1
"833";184;3;1
"1756";1507;3;3
"19";1061;3;1
"1047";561;2;3
"2736";3008;2;1
"2650";194;1;1
"1570";2288;2;1
"362";1180;3;1
"1862";190;1;3
"1410";2818;2;3
"2382";850;1;1
"1707";1665;1;1
"512";1020;1;3
"418";1597;1;1
"1044";1921;1;3
"1988";1509;3;3
"2046";2520;2;1
"1508";648;1;1
"2326";1950;3;3
"299";127;2;1
"1651";2711;3;1
"2953";2306;1;3
"1549";2991;3;1
"507";2878;3;1
"2514";1219;1;3
"6";983;1;1
"742";2974;3;1
"1792";2783;1;1
"1131";2197;3;1
"298";126;1;1
"934";1120;2;1
"659";3106;1;1
"1951";809;1;1
"1775";1374;2;1
"2805";171;3;3
"2716";1753;2;1
"1414";2141;3;3
"7";2151;1;3
"2468";1956;1;3
"1377";44;1;1
"2521";1884;3;1
"2988";2356;3;3
"2354";1395;2;1
"1349";155;1;1
"281";1897;1;1
"949";2009;1;1
"2159";2716;3;1
"517";1025;1;1
"2157";2714;2;1
"1587";720;1;1
"2309";834;1;1
"1706";1664;3;3
"227";742;3;1
"527";138;1;3
"1027";2404;1;1
"2647";193;2;1
"1788";440;3;3
"1621";364;1;1
"505";2031;2;3
"2051";2545;2;1
"2100";532;1;1
"1476";2901;1;1
"856";556;1;1
"865";1523;2;1
"1941";2368;3;1
"2971";688;2;1
"1451";2820;2;3
"884";628;2;3
"700";143;1;1
"2962";2148;1;1
"1713";227;1;1
"1468";633;3;3
"686";2881;3;1
"1699";3055;1;1
"1715";1366;3;3
"145";2964;1;1
"1065";2242;2;3
"317";1626;3;1
"1395";791;3;3
"868";779;1;1
"903";19;2;3
"2518";2269;1;1
"2229";1539;3;3
"2695";2273;2;1
"638";2562;1;3
"1610";1533;3;3
"416";627;1;1
"1226";2601;3;1
"1670";73;3;3
"1052";1530;2;1
"1453";2822;1;3
"798";801;1;1
"1982";1812;2;1
"2107";1481;2;3
"271";197;3;3
"2115";2248;1;1
"2651";195;1;1
"463";1457;2;1
"2947";2591;1;1
"2276";871;3;3
"257";1228;1;3
"1723";1861;1;1
"1394";790;2;1
"881";585;1;1
"2657";2577;3;3
"1153";1721;2;1
"807";1650;1;1
"1969";1007;1;3
"2821";123;1;3
"208";701;3;3
"2447";2583;3;1
"1491";160;2;1
"1616";1663;1;1
"147";979;2;1
"1135";2532;3;3
"207";739;3;1
"1777";1376;1;1
"1465";1233;3;3
"2546";1173;3;3
"1106";23;2;1
"2829";1227;3;3
"2421";1820;2;3
"2766";2481;2;1
"2627";93;2;3
"2481";1349;3;3
"1968";1006;1;1
"2102";1194;2;1
"636";993;2;3
"672";1306;2;1
"669";2726;2;3
"1069";1464;3;3
"923";2753;3;1
"1582";862;1;3
"2558";735;1;1
"1780";1379;3;1
"2963";2149;1;1
"2088";300;3;1
"1558";3002;1;1
"2213";2979;1;1
"121";1587;3;3
"2738";622;1;3
"1381";1927;3;3
"1601";1853;3;1
"2345";1749;1;1
"2167";2675;3;1
"38";1063;3;1
"1273";1362;3;1
"802";1205;1;3
"1265";2568;3;1
"972";2329;2;1
"186";58;3;1
"1828";336;2;1
"1238";922;3;1
"1333";748;3;3
"1202";1846;1;1
"2452";2050;3;3
"1359";3050;3;3
"2129";2344;1;1
"2925";2145;1;3
"3119";1408;3;1
"1446";892;3;3
"894";372;1;3
"2567";2479;1;1
"849";2515;2;3
"583";992;1;1
"2390";2214;1;1
"1553";2905;1;1
"2591";76;1;1
"337";2027;3;3
"430";2029;1;1
"3131";2528;1;3
"1175";847;2;1
"1066";1923;2;3
"823";117;3;3
"392";2661;1;3
"3117";601;3;1
"2501";1319;1;1
"373";2596;1;1
"829";1033;1;1
"3059";2792;2;1
"1701";2389;3;3
"3061";2484;2;3
"2760";544;1;1
"1382";1928;1;3
"238";744;3;3
"1358";1658;2;1
"2739";70;2;1
"2298";2020;1;1
"705";1833;3;3
"426";1636;1;1
"2875";1827;3;3
"2122";318;2;1
"1892";365;1;1
"3003";765;2;3
"1638";2415;2;1
"1098";2780;1;3
"1661";89;3;3
"51";1974;3;3
"2531";460;3;1
"2956";1094;3;1
"2510";1750;2;3
"2133";2346;3;3
"995";219;1;3
"2216";730;1;1
"3410";3114;3;1
"2188";241;3;1
"2256";2851;3;1
"648";3029;1;1
"2021";2575;3;3
"2204";1086;3;3
"1531";1334;1;1
"1796";2834;2;1
"1218";2809;1;1
"1830";338;1;3
"1357";1657;1;1
"231";714;3;3
"893";1918;2;1
"635";2561;2;1
"439";950;3;3
"1244";425;2;3
"2467";3063;1;1
"1296";2899;1;1
"1691";2540;3;3
"2237";541;1;3
"2338";2084;3;3
"1507";795;1;1
"1717";2955;3;3
"349";906;1;1
"1613";1234;1;1
"1103";2670;1;1
"1927";2729;1;3
"1031";2807;3;1
"1608";1082;2;1
"1334";2451;1;1
"763";2777;2;1
"2170";1054;1;1
"1480";1132;1;3
"982";3000;1;1
"1071";2409;1;1
"169";1766;2;1
"1036";770;1;3
"2773";2578;3;1
"2697";2508;1;1
"408";1795;3;3
"1876";652;3;3
"593";2063;1;1
"1450";2013;3;3
"2011";2418;1;1
"710";2381;2;3
"31";477;1;1
"1567";2830;1;1
"1";1969;3;3
"226";656;3;1
"1342";1214;2;3
"188";60;1;3
"2186";239;3;3
"333";901;1;3
"2327";1951;3;1
"1645";2954;3;1
"1947";1381;1;1
"948";2008;1;1
"3095";1135;1;3
"2457";2680;2;1
"1208";258;1;1
"493";884;1;1
"2022";450;2;3
"249";663;3;3
"1622";1083;1;3
"832";183;1;1
"2709";1341;1;1
"2383";851;3;3
"1456";2825;3;1
"2169";1053;1;1
"375";1779;1;1
"1566";2829;1;1
"2145";2077;1;1
"2812";2636;3;3
"680";2004;1;1
"26";488;3;1
"1625";1931;3;1
"170";1767;3;1
"1404";1333;1;1
"1583";1807;3;1
"2735";1888;1;3
"1673";293;2;1
"1732";439;1;1
"184";56;2;1
"1213";915;1;1
"2741";2723;2;1
"875";1602;1;1
"22";1970;2;3
"154";51;1;1
"2095";3060;1;1
"2592";77;3;3
"3113";1584;2;1
"221";708;3;1
"2409";877;3;1
"1190";1730;2;3
"2704";2233;3;3
"41";1242;1;1
"2761";545;1;1
"670";2727;1;1
"3133";2254;1;1
"1074";787;1;1
"382";2396;3;1
"2171";3113;2;1
"187";59;1;1
"1857";2924;3;1
"1327";1839;3;1
"887";822;3;1
"2600";1547;3;3
"1942";2369;2;3
"2068";728;1;1
"110";1264;3;1
"1426";3051;2;1
"476";2738;3;3
"983";1119;1;1
"2466";1955;1;1
"65";1066;1;1
"453";670;1;1
"956";2700;3;3
"222";709;1;1
"1196";2706;3;1
"1121";286;1;1
"812";883;2;1
"2434";2796;1;3
"910";1462;2;1
"820";114;1;1
"3064";598;1;3
"1119";284;3;3
"2729";1399;2;1
"944";148;1;1
"2525";2053;1;1
"3030";173;1;3
"2915";1496;1;1
"1063";2240;2;1
"346";903;1;1
"570";838;3;1
"428";1638;1;1
"3007";467;1;1
"2308";833;3;1
"2630";324;2;1
"2114";74;3;3
"2612";2683;3;3
"3111";3072;1;3
"102";1069;2;1
"2878";762;1;1
"1016";2285;2;1
"321";349;3;1
"1913";2469;1;1
"2527";527;3;1
"150";1449;2;1
"1012";2702;3;1
"1809";2208;3;3
"1845";1667;1;1
"663";387;1;3
"2984";2690;2;1
"2809";2633;3;1
"2529";2734;3;1
"393";2662;1;1
"1823";1936;2;1
"497";2985;1;3
"1490";159;2;3
"2071";206;3;1
"2561";2054;1;1
"3065";599;2;1
"295";1098;3;1
"3045";2357;3;3
"1883";3079;3;3
"1372";39;3;1
"1693";3003;3;1
"644";352;3;3
"1340";374;3;3
"2341";940;3;3
"1003";2313;3;1
"2269";1484;1;1
"445";358;3;1
"2769";1320;3;1
"3012";1516;2;1
"140";1591;1;3
"563";988;1;1
"2084";2925;3;1
"1843";2919;1;1
"1210";1564;2;3
"1575";435;3;1
"307";245;3;3
"1338";2167;3;1
"788";310;3;3
"1528";2039;1;3
"1870";1735;1;1
"2763";2176;3;1
"2164";3094;1;1
"2563";1222;1;1
"2360";3062;3;1
"1803";2203;3;3
"3210";3108;3;1
"1505";609;2;3
"936";2760;1;1
"2866";2649;3;1
"443";1183;3;3
"2857";1822;3;3
"477";2739;2;3
"90";1254;2;1
"1148";2165;2;1
"2422";1821;3;1
"2747";2628;1;1
"1546";434;2;3
"1064";2241;1;1
"1729";1478;1;1
"633";579;1;1
"896";1919;2;1
"1444";2819;2;1
"2485";2478;3;1
"2904";1892;1;1
"2664";1111;2;1
"2139";1388;1;1
"761";2401;3;1
"520";1831;1;1
"772";1601;1;1
"2968";685;2;1
"2392";3119;2;1
"2654";2085;2;1
"296";124;2;3
"2845";1239;3;1
"2876";1828;3;1
"2263";2731;1;1
"23";1062;1;1
"11100";3121;1;1
"1495";2412;1;1
"1669";2615;1;1
"1281";2605;1;1
"689";1832;3;3
"1612";1364;1;1
"2349";2169;2;3
"468";2694;2;1
"1479";522;2;3
"2443";1543;1;1
"2494";2626;3;3
"2433";1540;3;3
"2582";644;1;3
"438";1725;2;1
"2000";1085;2;1
"3121";1303;1;1
"2848";1402;1;1
"50";1973;1;1
"302";130;1;1
"955";823;2;3
"1397";2455;1;1
"770";1599;2;1
"855";555;1;1
"2768";2301;3;1
"2460";2797;3;3
"3042";1154;1;1
"2631";325;3;1
"2374";2370;2;1
"2473";2022;3;3
"3079";698;2;3
"2006";593;2;1
"2528";1842;2;3
"2571";2425;1;1
"74";497;1;1
"1928";165;3;3
"2757";761;3;3
"1694";2910;2;3
"3085";2486;3;3
"1681";8;1;1
"292";895;3;3
"80";1720;1;1
"2814";2638;1;1
"2394";876;3;1
"2786";2857;1;1
"965";1561;1;1
"1577";2613;1;1
"2003";1385;1;3
"2559";1887;1;3
"806";1649;3;3
"1906";1466;1;1
"2191";2766;3;3
"384";818;1;1
"151";1594;1;3
"2723";778;2;3
"650";1071;2;1
"155";1269;1;1
"596";839;1;1
"1288";1107;1;3
"2539";263;2;3
"911";2006;2;3
"107";1263;1;1
"1440";2608;1;3
"1352";1330;3;3
"363";2736;1;1
"1318";563;2;3
"1475";1566;3;3
"163";15;2;1
"1908";65;3;1
"1785";2463;3;3
"1874";2466;3;3
"2888";1912;1;1
"2974";691;1;1
"2220";452;1;3
"1554";2906;3;1
"176";1994;2;3
"3023";2097;2;1
"2603";645;1;1
"1894";1315;3;1
"232";1844;1;1
"1647";929;3;1
"1321";962;1;1
"388";836;1;1
"2540";1702;1;1
"651";306;1;3
"1822";2712;1;1
"1187";2108;3;1
"2016";1684;3;1
"2166";2674;2;1
"1351";186;3;1
"2040";2848;2;3
"1931";447;1;1
"2997";2870;1;1
"2708";1340;3;3
"2538";262;3;3
"2717";3066;3;1
"2465";1954;3;3
"980";1528;2;3
"2752";2275;1;1
"1449";2012;1;1
"1873";2465;1;1
"2332";936;1;1
"2050";2544;3;3
"1634";2460;1;1
"2830";1151;1;1
"2728";1398;1;1
"2807";2252;2;1
"203";2970;3;1
"1956";813;2;3
"2575";2547;1;1
"1889";3058;1;1
"616";357;2;1
"193";1998;3;3
"2616";2433;1;3
"8";1118;1;1
"2287";2078;3;3
"234";768;3;1
"1797";2835;3;1
"1470";2110;2;1
"1922";2341;2;3
"945";1920;3;3
"3004";3020;1;1
"1199";890;1;1
"1229";6;3;1
"122";1986;1;3
"1902";679;1;3
"2576";1752;3;1
"1869";1048;3;3
"159";1762;1;1
"1455";2824;2;1
"405";1792;1;1
"506";2877;3;1
"402";1789;2;1
"2393";875;3;1
"671";359;3;1
"2792";546;3;1
"2970";687;1;1
"2350";1391;1;1
"2219";2929;1;1
"2949";1093;1;1
"2880";2862;3;1
"629";1520;3;3
"2893";2059;1;3
"1995";1679;1;1
"1266";2569;1;1
"2610";2681;3;1
"1562";3053;2;1
"1665";2831;3;1
"1944";1809;3;1
"340";1100;2;3
"1469";634;3;1
"1085";1034;3;1
"1222";957;2;1
"1133";2199;3;1
"117";2960;3;3
"562";987;2;1
"1260";2530;2;1
"2431";942;2;1
"2108";864;1;3
"1042";83;2;1
"3107";345;2;1
"693";842;1;1
"1568";397;3;3
"1264";632;3;1
"691";840;1;3
"1007";280;3;3
"1860";2018;1;1
"3001";2874;2;1
"3081";1830;1;1
"625";2320;1;3
"36";1972;2;1
"2638";215;1;3
"677";181;1;1
"924";2754;2;3
"2618";528;3;1
"3039";2553;1;3
"2325";1949;3;1
"324";1342;1;1
"2535";1012;1;1
"696";2665;1;1
"3097";1893;1;3
"2626";2934;3;3
"2929";331;2;3
"2202";2719;2;3
"3069";1829;3;3
"810";1652;2;1
"2032";2840;2;1
"1658";86;1;3
"2836";1551;3;1
"2399";1877;1;1
"3075";1963;2;3
"1401";607;3;3
"561";986;3;3
"740";1501;2;3
"3087";2100;2;1
"1689";1858;3;3
"1360";27;3;3
"255";669;1;3
"1725";1291;2;3
"2203";2045;1;1
"70";1977;1;1
"2667";1114;3;3
"1742";2115;3;3
"826";2778;1;1
"285";1901;3;3
"1916";2019;1;1
"1418";2989;3;3
"251";665;3;3
"2278";873;1;1
"1060";2406;3;1
"2070";1386;2;3
"308";246;3;3
"2281";2212;3;1
"1950";808;1;1
"1734";1293;2;1
"37";1241;2;1
"1243";3025;3;3
"1186";2763;2;1
"2033";2841;1;3
"2061";1049;1;1
"1762";2121;3;1
"3092";2311;1;3
"364";3097;1;1
"2977";694;3;1
"88";502;2;1
"1886";2619;3;1
"1439";2607;1;3
"2004";1618;1;1
"1059";1965;2;3
"2131";1701;1;1
"421";1631;1;3
"487";1103;1;3
"2936";2229;1;3
"1918";1337;2;1
"1268";926;3;3
"1839";189;1;1
"3033";176;2;3
"467";2000;1;1
"1096";2162;1;1
"1986";1816;3;3
"3006";2483;3;3
"233";767;3;3
"167";1764;2;1
"1664";806;1;3
"1698";568;1;1
"194";1121;3;1
"1959";313;3;3
"2231";3086;2;1
"1975";1581;1;1
"2545";1172;2;1
"1471";2111;3;1
"1515";2798;2;1
"2233";2168;1;1
"1415";1659;1;1
"3143";2181;1;1
"606";2319;3;1
"2715";2552;2;1
"1247";2537;1;1
"2369";659;2;3
"799";802;3;3
"2897";948;2;1
"2770";1321;3;3
"1521";354;1;3
"2917";1498;1;1
"104";1260;3;3
"2198";1743;1;1
"1579";2366;3;1
"942";3013;3;3
"1206";256;3;3
"515";1023;2;3
"2924";79;3;3
"2833";2941;3;3
"1912";2246;1;1
"1464";2782;2;1
"814";1187;3;3
"957";1209;1;1
"2093";752;2;3
"728";2064;3;1
"1473";1804;1;1
"727";110;3;3
"1980";3082;1;1
"889";2442;2;1
"1821";444;1;3
"2900";464;3;3
"3000";2873;3;1
"311";2950;3;1
"2790";1611;3;1
"1573";613;1;1
"844";554;2;1
"415";2315;1;1
"1961";315;1;1
"14100";2657;2;1
"550";2189;1;1
"2293";455;3;3
"1962";316;1;1
"2489";1396;3;3
"2320";2144;1;3
"2474";1299;3;3
"2408";2218;1;3
"1283";1605;3;3
"1259";521;3;1
"2201";1942;1;3
"657";2750;1;3
"2154";2043;1;3
"751";2034;3;1
"1191";1731;1;1
"1482";678;1;3
"1018";2888;2;1
"2869";2652;1;3
"1747";2120;1;1
"1753";724;1;1
"661";3073;3;1
"1545";825;1;1
"2837";2641;1;1
"1416";204;3;3
"2572";1089;2;1
"1269";1343;3;3
"2370";660;1;1
"2832";1153;1;1
"135";1447;3;1
"1314";1162;2;1
"1072";2410;2;1
"1274";1363;3;3
"1422";2951;1;1
"808";1651;1;1
"42";1243;1;1
"1099";2781;2;1
"932";1284;1;3
"237";743;1;3
"128";1443;3;3
"2183";236;1;1
"1726";3101;2;1
"504";2030;3;3
"1061";2407;2;1
"2199";1744;3;1
"872";647;1;1
"2905";1198;2;3
"2944";1175;2;1
"2190";243;2;1
"1721";1608;3;1
"613";276;3;3
"1501";1080;3;1
"360";1776;3;3
"1030";2806;1;3
"2196";1741;3;3
"2861";2645;1;1
"1253";2604;1;1
"3078";1517;3;3
"48";493;2;3
"100";507;2;1
"2397";796;2;3
"1366";33;1;1
"1929";616;3;1
"2926";328;3;3
"462";1139;2;1
"182";54;2;3
"374";2597;3;3
"1249";2264;1;1
"2724";2511;2;3
"1166";788;1;1
"1151";1504;2;1
"250";664;3;3
"632";578;1;1
"531";1201;3;1
"2294";2787;3;3
"2035";2843;2;3
"2511";1751;1;1
"1836";344;3;1
"1731";438;3;3
"1290";1109;3;3
"2451";619;2;3
"1363";30;2;3
"427";1637;3;1
"2634";2435;1;1
"1097";423;3;3
"968";910;2;1
"60";1975;1;3
"2693";2271;3;1
"962";2327;2;1
"3027";1407;1;1
"272";198;3;3
"2042";2850;2;1
"2565";1224;1;1
"316";200;1;1
"1402";1331;3;1
"401";1788;2;1
"1878";1134;1;3
"2590";2772;1;1
"367";62;3;1
"862";2887;2;1
"2851";1456;2;1
"2850";1404;1;3
"2815";2639;1;1
"274";1352;3;1
"2264";2732;2;3
"665";389;1;3
"907";2159;2;1
"3052";655;2;1
"2162";594;1;1
"714";1559;1;1
"2375";2371;1;1
"2593";2428;1;1
"1079";2332;2;1
"391";2660;3;1
"587";411;1;1
"2430";2982;2;1
"434";136;3;1
"3091";2310;1;1
"2810";2634;2;3
"2147";523;2;3
"2396";2216;3;1
"787";279;1;3
"161";1992;1;1
"1015";2284;1;3
"2938";2774;3;1
"2609";2354;2;3
"494";885;2;1
"2223";2476;3;1
"718";3011;1;1
"1517";430;1;1
"2398";1876;1;1
"707";308;2;3
"2260";261;1;3
"342";1102;1;3
"475";2737;3;1
"2877";2997;1;1
"2960";3019;1;1
"1303";1003;3;3
"2599";69;3;3
"1512";164;3;3
"377";1781;2;1
"399";1786;1;1
"1002";716;3;1
"754";2072;1;1
"2438";3034;2;1
"1584";1851;1;3
"1686";2616;2;1
"2301";1346;1;1
"59";1249;1;1
"32";1240;1;1
"1109";121;3;1
"1195";2705;3;1
"1343";150;3;3
"2544";1171;2;3
"1104";772;3;1
"1714";1365;1;1
"45";1718;1;1
"1963";317;3;1
"2652";196;3;1
"2318";1009;2;3
"275";1353;2;1
"344";1628;1;1
"785";2752;3;1
"643";2441;1;1
"1581";2367;3;1
"612";1124;2;3
"444";1184;1;3
"1011";2701;2;1
"1143";1001;3;1
"1497";1163;3;3
"2844";1238;3;3
"1936";228;3;3
"1784";1044;1;3
"40";481;1;1
"586";2560;3;1
"2665";1112;1;1
"2542";2126;2;1
"1998";1682;1;1
"126";48;3;3
"14101";3092;2;1
"376";1780;2;1
"695";1459;3;3
"270";1612;1;3
"2780";1324;3;1
"878";2565;3;1
"2031";2839;1;3
"2874";1826;3;3
"3048";1552;1;1
"2671";2935;3;3
"1518";431;3;3
"378";1782;1;1
"987";1211;3;1
"540";3103;1;1
"815";2402;1;1
"1240";924;2;1
"800";803;3;3
"1748";635;3;1
"2261";453;3;3
"419";95;3;1
"1373";40;2;3
"2403";1881;1;1
"2867";2650;2;1
"2299";2021;2;3
"951";5;3;1
"2991";763;3;3
"383";269;3;1
"1474";1805;1;1
"3094";2945;1;1
"148";1592;3;1
"1489";158;1;1
"206";982;1;1
"1659";87;2;1
"895";373;2;3
"347";904;1;3
"2928";330;1;3
"1438";1038;1;3
"2644";1609;3;3
"1884";1294;2;3
"253";667;3;1
"2155";524;1;1
"57";1247;2;3
"2429";2981;3;1
"2946";738;2;3
"241";1518;1;3
"1219";920;1;1
"1798";2123;3;1
"1339";2589;3;1
"699";1185;2;1
"1289";1108;1;1
"470";18;1;1
"2892";1574;2;1
"488";1104;1;1
"2222";1538;2;3
"947";2007;3;1
"1350";156;2;3
"183";55;2;1
"811";1653;1;1
"1045";1922;3;3
"1708";1344;1;3
"847";583;3;1
"2348";2531;3;1
"95";1255;1;1
"200";61;3;3
"905";21;3;1
"888";2666;1;1
"2633";2377;3;1
"215";702;2;3
"3017";894;2;1
"2475";654;3;3
"2445";1545;1;3
"1890";3059;1;1
"1132";2198;1;1
"805";417;3;3
"783";2192;3;3
"2983";797;3;1
"2471";2590;1;1
"1447";2364;1;1
"1644";2953;3;1
"1122";287;1;3
"1990";1674;2;3
"2062";1050;1;3
"1727";2519;1;1
"2316";2298;3;1
"2270";2048;3;1
"459";2236;3;3
"2072";1387;1;3
"2668";1115;3;3
"75";483;3;3
"551";2743;3;3
"1972";1237;3;3
"921";1579;1;1
"1952";810;1;3
"931";1283;3;3
"1736";64;3;1
"1472";2112;2;1
"1250";2334;1;1
"2384";852;3;3
"1171";587;3;3
"1542";1476;2;1
"1786";299;3;1
"637";994;2;3
"1140";515;2;3
"178";1452;1;1
"2386";854;1;1
"1904";681;1;1
"164";2966;2;3
"357";1200;1;3
"404";1791;2;3
"341";1101;3;3
"500";272;3;3
"134";1446;2;3
"325";1122;3;1
"2640";2392;3;1
"513";1021;3;1
"1743";2116;3;3
"1875";2467;1;1
"2412";2768;1;3
"403";1790;1;1
"1116";2163;1;1
"1396";2517;1;1
"85";1253;1;3
"977";1525;3;1
"1550";2977;1;1
"2243";3116;2;1
"3026";1406;1;3
"2153";1869;1;3
"1478";1532;1;1
"1765";296;3;1
"2365";1170;3;1
"1221";956;1;3
"1300";1131;1;1
"2629";2055;1;1
"719";1127;1;3
"607";2154;1;1
"1767";298;2;3
"2639";216;1;1
"2069";729;3;1
"653";277;1;3
"1525";2495;2;3
"2913";1494;2;1
"1261";2764;3;3
"3100";469;3;3
"1705";1043;1;1
"1805";638;1;1
"2134";1722;3;1
"1833";341;3;1
"1576";2612;1;3
"266";407;1;3
"1919";1338;1;1
"2456";2679;1;1
"1782";827;3;3
"2321";401;3;3
"2459";3006;1;1
"1816";2618;1;3
"1879";2290;1;1
"615";414;3;1
"1799";3056;1;1
"1484";353;1;1
"1282";1213;1;3
"2230";2421;1;3
"3088";3023;2;1
"2406";1298;1;3
"1149";2166;1;1
"2495";2627;2;1
"1076";422;3;1
"2275";870;1;1
"2553";1013;1;1
"567";1230;2;3
"1212";1035;3;1
"499";271;1;3
"1519";432;3;1
"1375";42;3;1
"2583";2130;1;1
"1648";930;1;1
"2835";2860;3;1
"1477";1850;1;1
"314";897;1;1
"1807";2206;3;3
"2053";1695;1;3
"2879";2861;1;1
"1217";919;1;1
"2351";1392;1;1
"3038";1624;3;1
"1407";3026;1;1
"2037";2845;1;3
"2149";1339;3;1
"2595";2430;2;1
"914";1308;2;3
"3101";470;3;3
"2076";1864;3;1
"1945";1810;3;1
"1427";3052;1;1
"1286";1310;1;1
"2470";2721;2;1
"2586";2771;2;1
"1006";512;1;3
"2601";1468;3;3
"2998";2871;1;1
"581";991;3;3
"2782";2251;3;1
"2335";2082;1;1
"2775";1890;1;3
"1637";2414;1;1
"451";3100;1;1
"584";1231;1;3
"13";1723;3;3
"789";2728;2;3
"2547";2221;2;1
"2288";2079;3;3
"327";2394;1;1
"668";2879;1;3
"204";1999;1;1
"724";107;3;3
"2596";2431;1;1
"2358";1873;1;1
"2841";2276;1;1
"2579";367;2;1
"1028";2405;1;1
"2726";1491;2;1
"1571";611;3;1
"2136";234;1;1
"1733";1292;1;3
"2135";233;3;3
"2703";2232;3;3
"2727";1397;1;1
"2922";1326;2;1
"1532";1335;2;3
"1146";2038;3;3
"1032";2808;1;1
"2823";2134;3;3
"1203";1847;2;1
"784";2751;1;1
"547";106;3;3
"1197";888;1;3
"1292";529;3;1
"2818";2303;2;1
"2641";2393;1;3
"2355";1196;1;1
"1390";1803;3;3
"2279";874;2;3
"2101";1193;2;1
"2910";264;1;3
"1278";1505;1;1
"2990";2866;1;1
"777";1643;1;3
"2825";2136;3;3
"1696";1147;2;1
"1578";2365;1;1
"1156";2263;3;3
"2767";3093;3;1
"1368";35;1;1
"2488";1218;2;1
"2731";1401;3;3
"1764";295;1;1
"2882";2864;1;1
"575";2153;3;1
"2589";2227;2;1
"708";309;3;1
"2907";3022;1;1
"34";479;3;3
"1176";848;2;1
"389";2658;1;1
"1991";1675;1;1
"501";273;2;1
"1384";717;1;3
"3024";2098;1;3
"1629";1506;2;1
"590";201;3;1
"1993";1677;3;1
"2178";1870;1;1
"1502";1081;2;1
"370";2593;1;1
"138";1990;3;1
"2427";2625;3;1
"2440";2853;1;1
"1251";2988;3;3
"1551";650;3;3
"1781";1380;1;1
"3020";2094;2;1
"1055";2890;3;1
"2132";2345;1;1
"1144";1073;1;1
"260";406;1;1
"1313";1161;1;1
"630";576;3;1
"1429";1606;1;1
"1537";2244;3;1
"44";1065;3;1
"39";480;2;1
"111";1265;2;1
"55";881;1;1
"3054";624;2;1
"2416";2172;2;3
"106";1262;3;1
"2372";662;1;1
"2181";2044;1;1
"3108";346;2;3
"277";1913;1;3
"535";142;3;1
"2843";463;1;1
"197";1772;2;3
"1611";1534;1;3
"2092";301;3;1
"1142";2567;1;1
"1364";31;3;1
"261";2776;2;3
"472";2557;3;3
"409";1796;3;1
"139";1448;1;3
"928";2758;1;1
"1964";617;1;1
"1393";2454;1;1
"1783";828;3;1
"365";1613;3;3
"310";248;1;1
"2060";1714;1;1
"1556";355;1;1
"1317";562;1;1
"1602";1854;1;1
"422";1632;3;1
"666";390;1;1
"1771";1370;1;1
"2078";1939;3;3
"2643";2174;3;1
"1683";10;2;1
"1458";1661;2;1
"1136";2533;2;3
"834";185;2;3
"711";995;2;1
"2410";2219;2;3
"118";1984;1;1
"2686";621;1;3
"3116";600;1;1
"1159";1711;1;1
"1536";2710;1;1
"114";1441;3;1
"143";1268;2;3
"3028";2875;3;1
"1459";429;2;1
"189";1769;1;1
"1164";2793;1;1
"67";1250;2;1
"1320";961;2;1
"83";499;3;3
"3021";2095;1;1
"1361";28;3;1
"129";1444;3;3
"1486";2902;1;3
"3104";2234;2;1
"2194";1739;3;1
"1653";2388;3;3
"2426";2350;3;3
"2967";2791;3;3
"2387";855;3;1
"969";911;1;1
"2205";1906;1;1
"2666";1113;3;3
"880";603;1;3
"68";496;3;3
"518";1026;2;3
"1624";2041;3;3
"1193";953;3;3
"73";1978;1;1
"1432";2456;2;1
"503";275;3;1
"254";668;2;1
"115";1983;1;1
"331";899;2;1
"1252";2707;3;3
"301";129;3;3
"1511";163;1;3
"994";253;3;1
"1983";1813;3;3
"1861";1465;1;1
"2212";753;3;1
"1687";2538;1;1
"345";379;1;3
"1029";2805;3;1
"1564";2827;1;1
"1801";2201;1;1
"3025";1405;2;3
"343";1627;2;1
"1739";826;2;3
"1435";2708;1;1
"1992";1676;3;3
"2081";2472;1;1
"1971";1008;3;3
"61";882;3;1
"1853";2920;3;1
"753";2071;1;1
"1868";1047;1;3
"1815";2617;1;1
"297";125;2;3
"2619";2795;3;1
"1295";2813;1;1
"1344";2582;2;1
"2027";1691;3;3
"523";2973;3;3
"119";1985;2;1
"1405";2570;2;1
"2783";2631;3;3
"2047";3004;2;1
"1526";2496;1;1
"93";504;3;3
"786";821;2;1
"2855";1492;3;3
"1230";1616;3;1
"385";819;3;1
"491";2397;3;1
"2110";1567;2;3
"2077";2576;2;1
"358";382;2;1
"1294";2812;3;1
"2512";1010;2;1
"1083";2894;1;1
"2952";2305;2;1
"1275";2448;1;1
"1297";3047;3;1
"1411";2518;3;1
"2493";2125;2;1
"890";1471;3;1
"1924";2343;1;3
"244";3010;3;1
"3144";3105;3;1
"927";2757;1;1
"2502";2250;1;1
"747";2070;2;3
"1182";861;1;1
"2896";947;2;3
"192";1997;1;3
"1503";608;1;1
"1311";960;1;1
"2295";2788;1;1
"2683";2937;2;1
"2806";172;2;3
"2407";2217;2;1
"1704";1042;3;1
"1911";831;1;3
"3086";2099;3;1
"2005";2956;2;1
"1335";2452;1;1
"498";270;1;1
"582";1355;3;3
"490";2230;1;1
"1267";395;1;1
"2513";458;1;3
"2523";366;1;1
"1004";510;2;3
"2607";2789;2;3
"879";584;1;1
"545";104;3;1
"279";1895;2;1
"1763";2122;1;1
"1864";1045;3;1
"2758";1548;1;1
"141";1267;3;1
"214";2587;2;3
"1173";589;1;1
"2215";1056;3;1
"842";552;1;1
"1009";1529;1;1
"3036";179;3;3
"3";978;3;3
"1618";2459;1;1
"2045";1317;3;3
"406";1793;1;3
"774";362;1;1
"1850";3104;2;1
"2789";2939;2;1
"1380";47;1;3
"1010";769;1;3
"1675";1617;2;1
"1915";446;2;1
"52";1244;3;1
"1302";3032;1;1
"2656";1014;3;1
"541";100;2;1
"1641";2416;1;1
"1831";339;1;1
"2477";1958;3;1
"683";2280;2;3
"542";101;2;1
"930";1282;1;1
"1376";43;2;1
"20";473;2;1
"2367";2124;1;1
"1791";443;1;1
"1053";1531;1;3
"2284";1512;3;3
"716";843;2;1
"1019";1285;1;1
"1826";2338;3;3
"640";2564;1;1
"3037";2943;3;1
"1677";565;3;1
"2420";1819;1;1
"1356";1656;1;3
"1834";342;1;1
"2885";2942;1;1
"322";350;1;1
"1614";1235;2;3
"424";1634;3;3
"1814";2075;1;3
"2158";2715;3;3
"2680";2506;2;1
"1370";37;2;3
"2581";643;1;1
"2934";879;1;1
"2605";2132;1;3
"2659";3064;2;1
"1759";2912;2;1
"1442";2610;2;1
"2024";1688;3;3
"1189";2491;2;1
"2442";1542;1;1
"553";2745;3;3
"1038";2361;1;1
"1854";2921;1;1
"1284";1926;2;1
"1113";2445;3;1
"320";348;1;1
"1555";1662;3;1
"47";492;2;1
"1896";2293;2;1
"1406";3036;3;1
"961";2326;1;1
"574";1031;2;3
"2482";1487;3;1
"3109";347;3;3
"1724";25;1;3
"2218";2420;3;3
"3077";2983;2;1
"1795";2914;1;1
"578";2259;2;3
"796";799;1;1
"2099";1192;2;1
"536";2256;3;1
"1246";2536;3;1
"2254";2932;2;1
"1324";427;1;3
"2020";166;3;3
"1617";2458;2;1
"2993";1018;3;3
"379";267;1;1
"2756";760;3;3
"850";2382;3;1
"2428";2980;1;3
"1436";2571;1;1
"2645";858;2;1
"2273";2209;1;1
"2404";1882;1;1
"225";1760;1;1
"758";2399;2;1
"1043";84;3;1
"3015";404;1;1
"736";844;1;3
"2994";2867;1;3
"1920";2247;1;1
"2236";540;1;1
"1017";2286;2;1
"2391";2215;3;3
"2105";1479;3;1
"1434";1454;3;1
"1075";421;1;3
"372";2595;1;1
"2887";1911;2;1
"756";145;1;1
"2206";1907;3;1
"1871";3057;1;1
"353";381;1;3
"1901";2498;1;1
"2251";2477;1;3
"3140";12;3;1
"1299";1130;1;1
"172";2967;1;3
"2469";1957;1;3
"2311";2623;3;1
"2227";2529;1;3
"634";580;1;1
"720";2885;3;1
"120";1442;1;3
"992";3115;1;1
"2195";1740;3;1
"198";1271;1;1
"647";2514;1;1
"1666";2832;1;1
"473";1277;2;3
"2778";1322;1;1
"804";416;3;1
"1330";3049;3;1
"2898";2060;1;1
"3114";1585;3;1
"1590";749;3;3
"867";420;3;1
"1174";2384;3;1
"1711";225;3;3
"1421";1215;2;1
"1051";2362;1;1
"703";392;1;1
"2674";2500;1;1
"1325";428;3;3
"1094";1845;3;1
"280";1896;1;1
"1710";224;3;3
"2931";2579;3;1
"2916";1497;3;3
"2824";2135;3;3
"252";666;3;3
"209";740;1;3
"127";1988;1;3
"3103";798;1;1
"1272";1361;1;1
"759";2400;1;3
"1802";2202;1;3
"2479";1347;3;1
"1392";1189;1;3
"2002";1384;1;1
"660";1356;3;1
"1865";1046;3;3
"273";199;1;1
"904";20;1;1
"2923";1623;2;1
"3910";3129;3;1
"2343";1747;3;1
"1976";1582;1;1
"2052";3110;2;1
"2492";642;2;1
"639";2563;1;1
"448";98;3;3
"765";996;3;1
"2174";2718;3;1
"2039";2847;1;1
"706";1834;2;3
"437";1724;1;3
"1671";291;3;3
"411";2183;1;1
"989";1837;2;1
"801";1204;2;1
"133";1445;1;1
"986";1210;1;1
"180";1596;1;1
"2811";2635;1;1
"351";2439;3;1
"1000";223;1;1
"2886";1910;1;1
"675";361;1;1
"1347";153;2;3
"2753";758;1;1
"2182";2347;1;3
"1345";151;2;3
"2901";465;1;1
"3112";1301;1;1
"2025";1689;3;1
"2209";2957;1;1
"861";3021;3;3
"43";1064;1;1
"2413";1569;3;1
"69";1251;3;3
"979";1527;3;3
"1657";85;2;3
"1719";1369;1;1
"2881";2863;2;1
"1827";2339;2;1
"1126";2193;1;1
"2608";2353;3;3
"2143";1511;3;3
"2121";451;1;3
"1323";1037;2;3
"1619";1312;1;1
"352";380;3;3
"2682";2936;2;3
"2580";2129;1;3
"778";1644;3;3
"2750";1514;2;1
"3099";1706;2;1
"1888";2621;1;3
"1527";7;1;1
"2987";2355;3;1
"1223";958;3;1
"2048";2542;3;1
"681";1557;3;1
"1790";442;2;3
"1070";2408;1;1
"821";115;1;1
"2124";320;1;1
"2710";1091;1;1
"1312";1160;3;3
"2361";1715;2;1
"2663";368;1;1
"1130";2196;1;1
"2508";2376;3;1
"1137";2036;1;3
"1513";2904;2;1
"757";146;1;3
"2342";941;1;3
"843";553;1;3
"2496";756;3;3
"2225";1968;3;1
"1761";1455;1;3
"1678";566;2;1
"922";252;3;3
"2570";2424;1;1
"452";1614;2;3
"1039";676;1;1
"2346";2049;3;3
"859";887;2;1
"242";2378;3;3
"1838";188;1;1
"1154";1758;3;3
"1162";254;1;1
"1400";606;3;3
"2041";2849;1;1
"2964";2150;2;3
"2319";2143;1;1
"579";385;3;3
"2604";1174;3;3
"2803";169;3;1
"760";1835;3;1
"1124";2762;1;3
"1080";2333;3;3
"953";2444;2;1
"530";837;2;1
"559";1800;2;1
"2940";880;3;1
"688";2883;2;1
"2791";369;3;1
"2380";1875;1;1
"2098";2978;1;1
"319";2024;1;3
"685";2880;2;3
"1485";1191;3;1
"511";1799;1;1
"2744";2854;1;1
"2959";3018;2;1
"795";82;2;1
"2707";2996;2;1
"1108";149;1;1
"1216";918;3;3
"396";1783;1;1
"2019";2042;3;3
"173";2968;1;3
"2986";2692;1;3
"3089";2944;1;1
"2362";1716;2;1
"1467";2386;3;1
"2762";2175;3;1
"2314";682;3;3
"549";2188;3;3
"2748";2629;1;1
"484";251;1;1
"3051";1555;1;1
"864";1207;3;3
"2899";1016;3;3
"2817";26;3;1
"2712";2549;1;1
"2192";1737;1;1
"1256";518;1;1
"2746";684;1;1
"2996";2869;1;1
"2262";2786;3;3
"2903";3069;1;3
"216";703;1;1
"2820";2940;3;1
"1626";1932;1;3
"1880";2291;1;1
"1607";436;1;1
"157";1451;2;3
"2277";872;1;1
"243";2152;1;1
"828";2699;3;3
"96";1256;3;3
"2137";235;2;3
"555";2191;3;3
"1276";2449;1;1
"1428";2606;3;1
"1978";3080;3;1
"2779";1323;3;1
"2161";2499;2;1
"3058";1328;3;1
"2347";1568;2;3
"2028";1692;1;1
"1987";2730;1;1
"435";1019;2;1
"2483";1546;3;1
"2388";856;1;3
"970";912;3;1
"1848";1670;1;3
"1236";891;1;1
"229";712;1;1
"1194";954;2;3
"1279";773;3;3
"1649";1712;2;3
"2972";689;1;1
"2200";1745;1;1
"642";2440;1;1
"2312";2624;3;3
"464";1458;3;3
"264";1556;1;1
"1757";1508;3;1
"2646";192;1;1
"1493";162;2;3
"1847";1669;1;1
"2253";2931;3;3
"3122";1176;3;1
"1209";1563;3;3
"1749";636;3;3
"2476";968;3;3
"1760";2671;3;3
"149";1593;3;3
"398";1785;1;1
"822";116;3;1
"245";2592;3;1
"329";1774;3;1
"715";1560;1;1
"1925";2470;2;3
"1301";2335;1;3
"726";109;2;3
"1008";281;3;3
"2754";759;3;3
"1604";1856;1;1
"2718";3067;3;1
"2334";2081;3;3
"1751";1933;1;3
"3043";697;3;1
"1139";1924;1;3
"1385";375;1;1
"2745";683;2;1
"2120";537;3;1
"456";673;1;1
"543";102;2;3
"794";2698;3;3
"2444";1544;1;3
"304";132;3;1
"2649";11;1;3
"417";2186;2;1
"481";2598;1;1
"514";1022;1;1
"2094";1759;3;1
"1403";1332;2;1
"743";1642;1;1
"1752";723;2;1
"196";1771;3;1
"3105";2235;3;1
"1934";3107;2;1
"1636";2462;1;1
"1308";1145;1;3
"554";2190;1;1
"2551";2770;3;1
"2975";692;1;1
"265";2984;1;1
"432";134;3;3
"609";1641;3;3
"2458";376;1;1
"1690";1859;1;1
"1205";1654;2;1
"1068";1463;1;1
"3130";2527;1;1
"2150";1866;3;3
"13100";3127;1;1
"1087";1729;1;1
"2030";1694;1;1
"592";1757;2;3
"1510";649;1;1
"433";135;3;3
"460";1137;3;3
"1084";394;1;1
"2568";2351;3;3
"1818";751;1;3
"2891";1351;3;3
"1640";2907;3;3
"2573";2480;2;1
"603";2747;2;1
"1539";289;1;1
"2777";1092;2;3
"1824";1937;3;1
"2637";214;2;1
"2415";2171;3;1
"300";128;3;1
"1819";1934;3;3
"289";1904;2;1
"309";247;1;1
"2381";775;1;1
"2554";944;1;3
"63";494;2;1
"446";96;3;1
"1605";1857;3;1
"819";113;2;1
"3610";3120;3;1
"1198";889;1;1
"2252";2930;1;1
"2622";572;1;1
"495";886;1;3
"2743";2058;3;3
"773";3109;1;1
"2290";1943;1;3
"1674";294;3;3
"996";220;3;1
"1900";2497;3;3
"1631";1167;3;3
"883";2383;1;3
"2173";2717;3;3
"779";1645;1;1
"908";2160;1;1
"2402";1880;3;3
"2304";1946;2;3
"1994";1678;2;1
"2117";534;3;3
"2920";327;1;3
"1985";1815;2;1
"2702";2231;2;3
"1263";3001;1;1
"130";1590;3;3
"1682";9;1;1
"354";2062;2;1
"1561";1806;3;3
"1569";2287;1;1
"641";3028;1;1
"1954";811;1;1
"852";2103;1;1
"943";147;1;1
"2214";1055;2;1
"28";475;1;1
"1013";913;3;3
"2285";167;3;3
"2730";1400;2;1
"332";900;1;1
"2049";2543;1;1
"166";1763;2;1
"2749";2630;3;1
"3040";2554;3;3
"1086";1728;2;1
"658";3031;3;1
"998";222;1;3
"1129";2195;3;1
"790";2697;3;1
"899";1360;1;1
"1184";631;3;3
"230";713;1;1
"646";1126;2;3
"1050";514;3;3
"62";1976;1;1
"1932";448;1;3
"2126";322;3;1
"258";984;3;3
"457";674;3;1
"361";1629;1;1
"1907";1467;2;1
"892";1917;1;3
"2688";2056;3;3
"3080";699;3;3
"2486";1088;1;1
"336";2026;1;1
"2883";2865;1;1
"33";478;1;1
"413";2185;1;1
"2798";2088;1;1
"1744";2117;1;1
"1813";1734;3;1
"2018";1686;1;1
"2826";1549;1;3
"1557";356;1;3
"1837";2915;3;3
"1899";2672;2;3
"851";2102;3;1
"1111";2261;1;1
"1481";1133;1;3
"12100";3124;1;1
"605";2488;1;3
"1192";1232;3;3
"1498";1077;1;3
"1672";292;1;1
"483";250;2;3
"1872";2464;1;3
"1155";2262;3;1
"2357";1872;1;1
"2914";1495;2;3
"2315";2297;1;1
"2734";2686;1;3
"2774";1703;3;1
"2846";3096;3;1
"3120";1302;1;1
"2364";1169;3;3
"1005";511;3;3
"174";1768;1;1
"1930";1536;3;3
"469";305;1;3
"628";2239;3;1
"1981";122;1;1
"79";1068;3;1
"1684";2908;3;3
"840";2975;1;1
"838";508;3;1
"2677";2503;3;3
"71";1067;2;1
"1722";1860;3;3
"2036";2844;2;3
"739";2803;1;1
"738";2802;1;1
"2653";2995;1;3
"3126";2876;1;1
"741";1502;1;1
"2515";1220;3;3
"2125";321;1;1
"2029";1693;1;3
"3136";1964;1;3
"2211";1619;2;1
"2165";2419;1;1
"1466";2385;2;3
"1239";923;3;1
"730";2066;3;3
"1524";2494;2;3
"218";705;3;3
"2246";1871;2;1
"2933";878;3;3
"1277";2450;1;1
"901";1726;3;1
"560";985;2;1
"1145";424;1;1
"1147";2164;2;1
"2785";2856;1;1
"591";202;1;1
"1163";255;2;3
"2973";690;3;1
"687";2882;1;1
"1331";746;3;1
"1298";3075;3;3
"195";1770;1;1
"589";3040;1;1
"2737";1754;2;1
"3093";2312;1;1
"662";386;1;1
"827";2155;3;1
"1425";1311;2;3
"78";1980;1;1
"768";1140;1;1
"619";1032;1;1
"701";2986;3;3
"348";905;3;3
"573";1030;2;3
"76";2654;3;1
"3014";3070;3;1
"3134";2255;1;1
"1228";2603;3;1
"2784";2855;3;3
"1048";2139;1;1
"1885";1295;1;1
"2411";2220;1;3
"2464";1953;1;3
"1712";226;2;3
"1746";2119;1;1
"2333";2080;3;1
"2487";1217;1;3
"2436";3038;1;1
"2499";2249;1;1
"2720";971;3;3
"869";1461;3;3
"2463";570;1;3
"2414";2170;1;1
"1960";314;2;3
"2366";1296;3;1
"2615";1489;1;1
"2023";1687;3;1
"1255";517;3;3
"109";1070;3;3
"2462";569;1;1
"673";360;1;1
"2918";2733;1;1
"2853";1959;1;1
"2012";2836;3;3
"1291";426;3;3
"1849";1671;2;3
"2828";1226;3;1
"882";1158;2;3
"92";503;1;3
"2578";2427;3;1
"1285";1309;1;3
"181";53;1;1
"516";1024;3;3
"1720";1607;1;1
"2038";2846;2;3
"2001";1383;1;1
"2751";3009;1;1
"519";1027;1;3
"2448";1952;3;1
"2950";371;2;1
"2064";966;3;1
"224";766;3;3
"938";2;2;1
"1118";283;1;1
"210";71;3;3
"797";800;3;1
"2648";859;3;1
"3056";3102;3;1
"1389";2817;2;1
"2292";454;3;1
"2533";2314;2;3
"764";2035;2;1
"1534";2015;1;1
"2699";2510;1;3
"1307";1144;1;3
"1117";282;1;1
"2238";542;1;1
"1371";38;3;1
"1452";2821;2;1
"98";1258;2;1
"558";2398;3;1
"2363";1168;1;1
"1615";1290;2;3
"3127";2438;3;3
"1957";814;3;1
"1092";2896;3;3
"4";625;2;1
"2455";2678;1;1
"2755";1889;3;1
"131";14;2;1
"1077";1801;3;1
"1979";3081;2;1
"2930";332;1;1
"2725";2949;3;1
"732";2068;2;1
"2958";1096;1;1
"2859";1824;3;1
"2541";2173;2;1
"2017";1685;1;1
"125";1589;3;1
"2207";1908;2;3
"1499";1078;2;1
"1160";2898;1;3
"1138";2037;2;1
"2906";1199;1;1
"3071";2308;1;1
"1237";921;3;3
"853";2104;3;3
"2329";933;2;1
"1623";1084;2;1
"3082";974;2;1
"1840";2916;1;3
"2282";75;1;3
"1910";830;2;3
"604";2101;1;3
"1207";257;3;1
"400";1787;3;3
"2911";2724;1;1
"1563";3054;1;1
"414";626;2;3
"2516";2267;3;3
"792";393;1;3
"1630";2113;3;3
"1572";612;3;1
"10";549;3;1
"2118";535;1;3
"465";1577;2;3
"1755";1862;1;1
"597";3041;1;1
"2895";946;2;3
"105";1261;2;1
"2606";2133;3;3
"213";2586;2;3
"1597";399;2;1
"1168";1329;2;3
"8100";3112;1;1
"769";1598;1;3
"2144";2076;3;1
"366";1181;3;3
"1738";2573;3;3
"1257";519;2;1
"2912";1493;1;1
"3005";2482;1;1
"1654";931;1;1
"528";1028;3;3
"1905";3037;3;1
"1322";1036;3;3
"1895";2292;1;1
"2555";1886;1;3
"1973";91;1;1
"185";57;1;1
"2116";533;1;1
"1754";725;3;3
"2286";595;1;3
"2856";1573;3;1
"1810";639;3;1
"3057";1327;2;1
"9";2584;2;1
"2681";2507;3;3
"3034";177;1;1
"2799";2089;1;1
"1204";1848;1;1
"2268";2993;3;1
"679";2003;3;3
"2063";2521;1;3
"466";383;3;3
"623";2801;1;1
"1635";2461;3;3
"2302";1944;1;3
"1923";2342;1;1
"2073";207;1;1
"1067";786;1;1
"1457";1660;3;3
"1332";747;1;1
"1652";2142;3;1
"793";1186;3;1
"3068";1756;2;1
"608";1640;1;1
"712";548;2;1
"269";410;3;1
"1893";1314;2;1
"2506";2525;1;1
"2574";1197;2;1
"24";486;1;1
"3106";2179;1;3
"1232";1849;3;3
"458";675;1;1
"912";1578;3;1
"350";907;3;1
"1858";1580;1;1
"2244";1817;1;1
"1544";824;1;1
"2628";2994;1;1
"91";484;2;3
"1662";804;2;1
"339";1099;3;3
"721";1707;3;3
"848";1357;1;1
"509";1797;1;1
"2453";2676;2;1
"1588";721;2;1
"1026";2403;3;1
"1057";3044;2;1
"611";2696;2;1
"479";2741;3;3
"2548";2222;2;1
"1750";637;1;1
"2500";1318;1;1
"1448";2011;1;1
"627";2238;1;1
"2732";2684;3;1
"46";491;1;1
"1014";914;1;1
"958";559;3;1
"116";2959;2;3
"2943";1499;2;3
"566";1229;1;3
"1574";2016;2;1
"1547";1040;3;1
"631";577;1;1
"656";2749;1;1
"2096";1865;1;1
"3016";405;1;1
"1304";1142;2;1
"1741";2114;2;3
"618";2001;3;1
"2706";1583;3;1
"2816";2640;2;1
"1035";3015;1;1
"2801";2091;3;3
"3135";378;1;1
"2503";2522;2;3
"2678";2504;3;1
"2119";536;1;1
"1877";653;3;1
"1424";2363;3;1
"1127";629;1;1
"1514";2572;3;3
"485";2599;3;3
"1025";785;1;1
"537";2656;1;1
"2085";2926;1;3
"1433";2457;1;1
"1591";1164;3;3
"999";312;3;1
"2127";323;1;1
"2679";2505;3;1
"723";2886;2;1
"2405";1297;1;3
"825";119;2;1
"267";408;3;3
"1745";2118;3;3
"2337";937;1;1
"2180";2622;1;1
"1520";433;2;1
"1589";722;1;1
"2797";2087;2;1
"1152";1925;3;1
"3129";2526;2;1
"1977";1938;1;3
"2141";1390;3;1
"2721";972;3;3
"538";2257;1;3
"967";909;1;3
"1387";2815;3;1
"3049";1553;1;3
"2840";2644;1;1
"1800";3077;1;1
"1383";2900;3;3
"294";1097;3;3
"824";118;1;3
"1655";1313;2;1
"817";111;3;3
"2504";2523;1;1
"594";1278;3;1
"49";1719;1;1
"407";1794;1;1
"211";741;2;1
"1679";567;3;1
"2217";754;3;1
"702";2884;1;1
"2240";1483;1;1
"2249";2348;3;3
"649";3030;3;1
"674";2278;1;1
"2146";1051;1;3
"2969";686;1;3
"2491";641;2;1
"2089";2474;2;1
"3115";1117;1;3
"436";908;3;1
"2520";1883;1;1
"737";845;2;1
"1776";1375;1;1
"717";3035;1;3
"2353";1394;2;3
"1989";3016;1;1
"2954";1960;1;3
"2764";2177;3;1
"1488";157;3;1
"1897";531;3;3
"522";2972;2;1
"2670";1090;2;3
"1938";230;3;3
"1158";1710;1;1
"1530";396;1;1
"1939";231;1;1
"1793";187;1;1
"2957";1095;1;1
"1170";3074;3;1
"1516";1004;2;3
"1220";955;2;3
"3710";3123;3;1
"1789";441;1;1
"11";700;1;3
"1668";2614;1;1
"228";711;1;1
"2344";1748;1;1
"1702";2390;3;3
"2526";526;1;1
"1903";680;3;1
"1730";437;1;1
"2389";857;1;1
"771";1600;1;1
"1812";1733;3;1
"2585";2224;1;1
"442";1182;3;1
"835";2156;1;1
"2623";573;2;3
"1102";2669;3;1
"1101";2668;2;1
"664";388;2;1
"913";1307;3;1
"1914";445;1;3
"2010";2417;3;3
"2549";2223;1;1
"2123";319;2;1
"179";1595;2;3
"2140";1389;2;1
"291";1179;1;1
"2694";2272;1;3
"2274";2210;1;1
"132";2961;1;3
"1737";614;1;1
"1695";3076;1;1
"692";841;3;1
"3083";975;3;1
"2935";2228;2;1
"1369";36;1;1
"10101";3118;1;1
"1898";2468;1;1
"153";50;2;1
"1241";925;1;3
"1056";2891;3;3
"1592";1165;1;1
"569";1203;1;3
"283";1899;1;1
"915";1208;3;3
"2300";211;3;3
"305";575;3;3
"303";131;3;1
"2534";1011;1;1
"2852";1059;1;1
"1391";2140;1;3
"16";472;1;3
"2594";2429;1;3
"1443";2611;1;1
"35";1971;3;1
"713";1558;1;3
"1089";586;1;3
"734";2033;3;1
"2894";945;3;3
"1181";1002;3;3
"1021";1287;3;1
"552";2744;3;1
"2330";934;1;1
"534";141;2;3
"2849";1403;2;1
"1034";3014;3;3
"1214";916;2;1
"1946";1811;1;1
"246";2693;3;1
"2976";693;2;1
"2982";2689;1;1
"2884";302;3;3
"2313";1620;1;3
"2813";2637;2;1
"288";3090;3;1
"975";2761;2;3
"1419";1929;3;3
"2781";2436;1;3
"2359";3061;1;1
"1841";2917;2;1
"2955";1961;2;1
"1125";1159;2;3
"12";217;3;3
"2106";1480;2;1
"220";707;1;1
"1315";1473;1;1
"112";1266;1;1
"1487";2903;2;1
"3053";623;1;1
"3510";3117;3;1
"2356";849;1;3
"2305";1947;3;3
"939";3;1;1
"15";471;3;1
"449";99;2;1
"1107";120;1;1
"2834";2859;3;1
"576";989;3;3
"1483";2990;3;1
"3096";2512;2;1
"2446";3088;2;1
"1909";829;1;1
"1958";815;2;1
"1460";1146;1;1
"2307";2852;3;1
"1046";3043;2;1
"335";2025;1;1
"2328";932;2;1
"2577";2426;1;3
"1157";846;2;1
"1620";363;3;3
"1091";2895;1;1
"601";1915;3;3
"171";1993;2;3
"1535";2709;1;1
"684";2322;3;3
"2700";1843;3;3
"2080";1941;3;3
"2193";1738;3;1
"66";495;1;1
"1399";793;1;3
"1463";335;1;1
"471";2318;2;3
"1948";1382;1;1
"2733";2685;1;1
"746";2069;3;1
"1955";812;3;1
"2519";2052;2;1
"306";244;3;3
"239";1575;3;1
"755";2073;1;1
"2323";403;1;3
"2532";461;1;1
"532";139;1;1
"973";2330;1;1
"3123";1177;3;3
"2226";755;1;1
"262";1773;1;1
"2689";2023;3;3
"508";2695;3;3
"1851";1672;1;1
"1120";285;1;1
"3022";2096;1;1
"248";2316;1;3
"1999";1683;3;1
"2484";1621;3;3
"690";2281;1;1
"1856";2923;1;1
"2425";1486;3;3
"123";1987;3;1
"82";498;3;1
"2635";212;2;1
"2909";304;1;3
"752";1521;1;3
"1049";513;3;1
"1548";2826;2;1
"3002";764;1;3
"2097";967;1;1
"2151";1867;2;1
"2267";2296;3;3
"3132";2253;1;1
"906";2158;1;1
"860";1072;1;1
"1628";1041;3;1
"328";1967;1;1
"941";3012;2;1
"2255";2047;1;1
"2419";1570;2;3
"381";2395;2;1
"2961";2147;3;3
"731";2067;1;1
"2055";1697;3;3
"1095";860;3;3
"1997";1681;1;1
"223";710;3;3
"160";1270;3;3
"2557";734;2;1
"2908";303;3;3
"1829";337;3;1
"598";3042;3;3
"2999";2872;1;3
"2941";2146;1;3
"2676";2502;3;1
"1639";2992;1;1
"1461";333;1;1
"1804";2204;1;1
"2418";457;1;1
"1543";3095;2;1
"2981";2688;1;1
"2265";2294;3;1
"1150";1709;3;3
"1559";2336;3;1
"2587";2225;3;3
"318";817;1;3
"1090";604;3;1
"2942";2725;2;3
"580";1354;1;1
"1408";3027;2;1
"3128";2946;2;3
"144";1991;1;1
"539";2258;3;3
"2423";66;2;1
"2822";462;3;3
"877";1604;2;1
"2385";853;3;1
"1844";1666;2;1
"2871";2653;2;1
"866";419;1;3
"2291";2213;1;3
"1379";46;1;3
"2642";816;2;3
"1633";2413;1;1
"29";490;2;3
"2379";1874;1;1
"2827";1550;3;1
"54";1246;3;1
"3074";1625;3;3
"744";1916;1;1
"2945";737;2;3
"2303";1945;2;3
"1062";1188;1;1
"909";1503;1;1
"1305";1143;1;1
"2722";973;3;3
"359";1775;3;3
"2507";2375;3;1
"3310";3111;3;1
"1227";2602;1;1
"588";412;3;3
"1367";34;3;1
"854";1157;3;1
"1306";605;1;1
"2696";2274;2;3
"2902";3068;3;1
"1949";807;3;3
"2675";2501;2;3
"2454";2677;1;1
"1709";90;1;1
"946";999;1;3
"2009";2574;1;3
"2625";2933;1;1
"1445";1190;1;1
"1409";774;2;1
"1565";2828;3;1
"1454";2823;2;1
"3139";266;1;1
"390";2659;1;1
"546";105;1;3
"2441";1541;3;1
"871";781;3;3
"1500";1079;1;1
"2248";2785;3;3
"1627";964;2;1
"2210";2958;3;1
"1970";1236;3;1
"326";1123;1;1
"440";2555;1;1
"1703";592;1;1
"1586";719;3;1
"698";602;2;1
"168";1765;3;3
"2705";78;1;1
"431";133;1;1
"2597";2432;3;3
"902";1727;1;1
"94";505;1;1
"425";1635;1;1
"3110";3071;3;1
"3070";2307;3;3
"2808";2632;3;3
"2424";67;1;1
"77";1979;2;1
"420";1630;1;1
"544";103;1;3
"2831";1152;3;1
"338";2028;3;1
"1374";41;1;3
"2437";3087;2;1
"1215";917;3;1
"748";3024;3;1
"3098";1894;2;3
"1105";22;1;1
"81";2655;3;3
"831";182;3;1
"2435";1149;2;1
"1328";1076;1;1
"201";2969;3;1
"1492";161;2;1
"839";509;3;3
"152";49;3;1
"2566";1225;2;1
"525";2800;3;3
"1037";2987;1;1
"568";1202;1;3
"394";2663;1;1
"791";2282;3;1
"1598";400;1;1
"1646";2387;1;1
"837";203;1;1
"2310";835;2;1
"356";2380;2;3
"3055";1155;1;1
"1337";2411;1;1
"236";658;3;3
"2537";943;2;3
"976";1524;2;1
"2536";3083;3;1
"1431";530;1;1
"2109";865;2;1
"624";1125;3;3
"1245";2535;1;1
"256";3084;1;1
"2868";2651;2;1
"2543";2127;1;1
"694";415;1;3
"2719";970;2;3
"2692";2270;1;1
"830";2779;1;3
"2478";2722;2;1
"1820";1935;1;3
"2340";939;3;3
"2352";1393;2;3
"97";1257;1;3
"5";2735;3;3
"2858";1823;3;3
"282";1898;2;1
"960";2325;1;1
"410";2182;3;3
"2339";938;3;3
"845";2804;2;1
"2621";571;1;1
"3050";1554;1;1
"113";1586;3;1
"89";1981;2;1
"146";2965;3;1
"27";489;1;1
"2772";1015;1;1
"1211";1565;1;3
"1386";2814;1;1
"2550";2769;1;1
"461";1138;3;1
"455";672;3;1
"564";2558;1;1
"2771";2302;1;1
"978";1526;2;1
"1595";863;1;1
"2804";170;3;3
"2588";2226;1;1
"1718";1368;2;3
"2517";2268;2;3
"2685";620;1;1
"175";3039;2;1
"2662";377;1;3
"981";1615;1;1
"762";550;2;1
"380";268;1;1
"974";2331;3;1
"2148";2391;2;3
"1262";2765;3;1
"2842";2277;3;3
"2932";1300;3;1
"2556";733;2;1
"2839";2643;1;1
"205";981;3;3
"993";311;3;3
"219";706;3;3
"2711";2548;3;1
"1329";3048;1;3
"2701";969;1;1
"240";1576;1;1
"1632";2948;2;1
"1423";2952;1;3
"2690";1490;1;1
"1180";2200;1;1
"652";307;3;3
"276";1500;1;1
"2979";696;3;3
"2854";370;1;1
"447";97;1;3
"1967";1005;2;1
"745";144;3;3
"1811";1732;1;3
"101";485;1;3
"3141";13;2;3
"1728";1477;2;3
"199";1272;2;1
"124";1588;1;3
"2795";1150;3;3
"1506";794;1;1
"857";557;1;1
"2449";596;1;1
"1430";2243;3;3
"2584";2131;3;3
"2168";1052;1;3
"137";2962;1;1
"202";980;1;1
"2480";1348;1;1
"287";1903;2;1
"1996";1680;2;1
"1309";24;2;1
"3019";2093;3;1
"1280";677;1;3
"1040";2703;3;3
"496";2998;3;1
"3067";1755;2;1
"2569";2352;2;1
"626";2321;1;1
"595";1279;1;3
"1183";630;3;1
"2113";868;1;3
"330";2061;1;1
"655";2748;3;3
"1496";1039;1;1
"263";2317;3;1
"3137";976;3;3
"2978";695;2;1
"2691";1610;3;3
"749";2323;3;1
"217";704;3;3
"423";1633;1;1
"841";551;2;3
"1441";2609;1;1
"1787";893;1;1
"3073";2580;3;3
"1271";928;2;1
"529";1029;2;1
"486";2600;1;1
"2228";1482;2;1
"2509";1571;1;3
"1169";2489;3;3
"1355";1655;3;1
"1552";651;3;3
"1846";1668;1;3
"1766";297;3;3
"290";1905;2;1
"429";1639;1;1
"1165";1212;2;1
"1700";2833;1;1
"610";2237;1;1
"556";2999;3;3
"2669";1116;1;3
"1933";2541;2;1
"247";2137;3;3
"64";482;2;1
"682";2279;3;3
"816";1460;3;1
"577";990;3;3
"2272";869;3;3
"1585";718;3;3
"858";558;2;1
"371";2594;1;1
"2044";1316;1;1
"1319";564;1;1
"2864";2648;2;1
"368";1777;3;3
