"Observation.No";"Observed.y";"Predicted.y"
553;2;3
2196;1;1
2374;3;1
1805;3;3
545;3;3
1925;3;1
578;3;1
2889;3;1
1248;3;1
2740;1;1
1278;1;3
2735;3;3
1811;3;1
727;1;1
1269;2;1
1228;3;3
2789;3;1
453;3;1
1703;2;3
2483;1;3
722;2;1
1205;1;1
3006;3;1
2600;1;1
573;1;1
558;1;1
2409;1;1
866;2;3
1682;3;1
761;1;3
1934;2;1
1074;3;1
2777;2;1
2433;2;1
1014;3;3
1507;3;3
1415;3;1
1097;3;3
19;2;1
1724;3;1
1155;3;3
2353;1;1
1575;3;1
845;2;1
2563;2;1
126;3;1
1559;2;3
2895;1;1
2453;1;1
478;2;1
111;3;1
488;2;1
2693;1;1
2402;2;1
2890;1;3
1135;2;1
1525;1;1
367;1;1
2301;2;3
783;1;1
764;3;3
1016;3;1
2218;3;3
1515;3;3
2293;2;1
1614;3;3
1425;1;1
1262;1;1
2313;1;1
1603;2;1
2849;2;3
2154;1;1
1193;2;3
893;2;3
2361;2;1
1561;2;3
2725;3;3
1473;1;1
2015;1;1
2793;2;1
243;3;3
1311;3;3
1450;3;3
1453;2;1
741;3;3
718;2;3
2506;1;1
2651;1;1
2245;3;3
795;1;3
1846;3;3
1780;3;3
1457;3;3
2422;1;1
1957;1;3
1082;1;1
2771;1;1
285;1;1
13;1;3
2304;2;1
604;3;1
2753;3;1
735;3;1
1456;2;1
2877;2;1
2149;2;1
865;2;1
329;3;3
2413;1;3
825;3;1
941;1;3
2929;1;1
2730;3;1
570;2;1
3020;2;1
3028;2;1
279;3;3
1914;3;1
2727;3;3
740;1;1
2403;1;1
756;3;3
1242;2;1
476;2;3
1481;2;1
330;1;1
195;3;3
1581;2;3
907;2;1
2959;1;1
1520;3;1
874;3;3
274;1;1
2349;3;1
309;3;3
1754;3;1
1556;1;3
2859;2;3
1644;3;1
180;2;3
2810;1;1
247;1;1
2989;3;3
1686;2;1
2658;1;1
307;3;1
1677;1;3
524;3;3
429;1;1
2312;3;3
3052;1;1
483;2;1
767;3;3
2308;2;3
2763;1;3
2296;1;1
2341;3;3
1901;3;3
1500;3;1
2307;3;1
2063;1;1
2189;1;1
516;1;1
290;3;3
571;3;1
1002;2;1
417;3;3
190;1;1
834;2;1
931;1;1
830;3;1
704;1;1
1235;1;1
2562;3;1
2944;1;1
140;1;1
2335;3;1
238;2;3
699;3;1
1836;3;1
1455;2;1
2524;1;1
1568;2;3
2158;2;3
484;1;1
1166;3;3
2518;3;1
911;3;1
281;1;3
619;1;1
376;3;3
1783;3;3
2990;3;3
1458;1;1
1634;1;1
46;3;3
1109;3;3
1999;1;1
1435;3;1
785;3;3
2531;1;1
1524;3;3
2805;1;1
1793;3;1
555;2;3
1375;3;1
94;3;3
1143;3;3
591;2;1
861;3;1
1172;3;1
1444;3;3
2139;1;1
1321;1;3
2792;3;3
2816;2;3
2071;2;1
1936;3;3
914;3;3
1985;1;1
1897;2;1
2375;3;3
2099;3;3
2611;1;1
2070;1;1
2855;1;1
2920;2;1
2988;2;1
2804;2;1
293;1;3
3058;2;1
131;2;3
584;2;1
2186;3;3
2512;1;1
2294;1;1
1156;2;1
2907;1;1
1240;1;1
1910;1;3
2363;1;1
1015;2;1
2742;3;1
1513;1;3
1379;2;1
1511;3;3
583;1;1
1565;1;1
1492;3;3
60;3;1
1748;3;1
742;3;3
2448;2;3
901;2;1
2082;3;1
2867;3;1
186;1;1
365;1;1
913;3;3
954;2;3
1472;2;1
1475;3;1
1845;1;1
1622;1;1
958;2;1
379;1;3
903;2;1
964;1;3
622;1;1
519;3;3
2684;2;3
189;1;1
2185;2;1
1667;2;3
1246;1;1
3036;3;1
2967;3;3
2462;3;1
983;1;1
538;1;1
353;3;1
36;1;1
1412;1;1
334;1;1
791;1;1
463;1;1
858;1;1
401;2;1
501;1;1
1163;1;1
263;3;3
2962;2;1
1386;1;1
1961;3;1
1348;1;1
2129;2;3
2491;2;3
2279;2;1
197;1;1
2205;1;3
1086;1;1
953;1;1
2921;1;3
3022;1;1
397;1;1
1417;1;1
514;3;3
2891;1;1
1868;1;1
1110;1;3
1652;1;1
325;1;1
392;3;3
1889;1;1
1765;2;1
532;3;1
137;2;3
1899;1;1
602;1;1
1941;3;1
652;1;1
1619;3;3
2501;2;1
335;1;1
1164;2;3
1089;3;1
616;1;1
639;1;1
350;1;3
1627;1;1
1203;3;1
2214;1;1
2055;3;3
112;1;1
1044;2;1
1145;1;3
1683;3;1
3053;3;1
2319;1;1
2010;3;1
2434;3;1
531;3;1
2812;2;1
2778;1;1
179;3;1
2176;1;1
2254;2;3
1933;1;3
659;3;1
3015;3;3
1490;3;1
1970;1;1
769;3;1
2028;3;3
436;3;3
826;1;3
2915;1;1
1342;1;1
3013;3;1
253;1;1
912;3;3
2112;3;1
754;3;1
1693;3;3
1021;1;3
2517;2;1
1956;1;3
596;1;3
2769;2;1
2785;2;1
1434;1;1
2334;1;1
1090;1;1
859;1;3
1479;3;1
471;1;3
2231;3;1
420;3;3
1918;2;3
2874;2;1
923;2;1
2056;3;1
1374;1;1
2656;3;1
2006;3;1
1984;3;1
3047;2;3
2507;3;1
1989;1;1
739;2;3
2416;1;1
1051;2;1
790;2;1
1790;1;1
1361;2;3
1660;1;1
929;1;3
1023;1;1
1669;1;1
198;1;1
2398;1;1
518;3;1
2971;3;1
380;1;3
2738;2;1
1609;2;1
87;3;1
3061;2;1
2195;3;1
2136;3;3
1099;1;1
749;3;1
1758;3;1
2368;2;3
346;1;1
3017;1;3
72;3;3
2590;1;1
663;1;3
1816;2;1
130;1;1
249;1;1
763;3;1
1233;2;1
1119;1;3
1799;3;1
2059;1;1
976;3;3
770;1;1
2302;3;1
1020;1;1
733;3;1
1504;3;3
648;3;3
400;1;3
2937;2;3
1557;3;3
2632;2;1
1440;2;1
2133;1;1
437;1;1
2;2;3
2544;2;3
2178;1;1
1476;2;3
2016;1;3
669;3;3
848;2;1
1286;1;1
2243;3;3
369;1;1
1740;1;3
1333;1;3
1066;3;1
1175;3;1
2619;1;3
839;3;1
2155;3;1
2464;1;1
881;1;1
2870;1;1
1907;3;1
2292;1;1
1796;1;1
106;1;1
2928;1;1
1160;3;3
2770;2;1
252;2;3
1947;1;1
2869;2;1
561;1;1
1803;3;3
2566;3;1
2351;1;1
1776;3;1
1894;2;3
1150;1;1
2678;3;1
758;1;3
1341;2;1
1967;2;1
2554;1;1
30;3;3
2288;3;1
547;1;1
2145;1;1
3050;3;1
2421;1;3
2829;1;1
2743;3;3
363;2;1
960;3;1
2482;3;1
1705;2;1
2848;2;1
644;3;3
208;3;1
1410;3;1
844;1;1
2175;1;1
2888;3;1
2100;1;1
2330;3;1
1291;1;1
45;1;3
2255;2;1
1401;1;1
2257;1;1
1965;1;1
9;1;1
210;2;1
2358;3;1
2986;2;1
2630;1;1
428;3;3
2444;3;3
159;1;3
2240;3;1
798;3;3
2831;1;1
2536;1;1
20;1;3
1210;2;1
2546;1;1
2177;3;3
1645;2;3
1866;3;3
2431;1;1
1174;3;1
499;3;3
1196;2;1
2800;3;1
1185;2;1
470;2;1
240;3;1
956;3;3
1864;1;1
695;1;1
2721;3;1
209;3;3
2461;1;1
688;3;1
1698;1;1
1648;2;1
2613;3;3
697;3;3
296;3;3
2820;2;1
2315;1;3
1729;3;1
1115;1;1
1349;1;3
1962;1;1
73;1;3
2272;3;3
1572;1;1
1128;1;1
546;1;1
2405;1;1
2652;1;1
1869;1;1
2465;1;3
215;3;3
1664;3;1
1764;2;1
2854;3;1
1159;1;1
1131;1;1
1998;2;1
393;3;3
1656;1;1
540;1;3
806;3;1
824;3;1
2689;3;3
2407;3;3
2529;1;1
1202;1;1
1718;3;1
2519;1;1
2104;3;3
1906;1;3
2762;1;3
2912;1;1
1343;2;1
2174;1;1
2390;1;1
1605;1;3
3048;3;3
3040;3;1
1344;1;1
78;1;1
690;1;1
1018;2;3
1628;1;3
1063;1;1
121;2;1
266;3;1
526;3;1
2406;3;1
1736;2;1
1488;2;3
1234;2;3
674;1;1
1405;2;1
621;3;1
1990;1;1
2947;2;1
1177;3;3
2994;1;1
1860;1;1
1874;1;1
1879;1;3
408;3;1
2327;2;1
2803;1;1
2670;3;1
1217;2;3
1067;2;1
204;3;1
1404;1;1
1924;3;3
467;3;3
2001;3;3
1512;1;1
49;2;1
3060;1;1
2445;1;1
772;1;1
2204;3;1
228;3;1
743;3;1
603;2;1
2776;3;1
512;2;3
188;1;1
1700;2;1
629;1;1
1170;3;3
154;2;3
1699;2;1
682;2;1
2604;2;3
1804;1;1
556;3;1
2595;3;1
872;1;1
577;1;1
2791;3;1
2745;2;1
661;1;1
812;2;3
829;2;3
143;1;3
1549;3;1
2992;1;1
1630;1;3
1674;1;1
2677;3;1
539;3;1
109;1;3
1152;3;1
1037;1;3
2094;2;1
683;3;1
1324;1;3
1905;2;1
1282;3;3
951;1;1
230;3;3
67;1;1
414;1;1
1083;2;1
1367;1;1
862;2;1
1632;1;1
1032;3;3
2468;3;1
1259;3;1
469;3;3
440;1;1
748;1;3
2256;3;1
649;2;1
1351;3;1
426;1;1
2814;3;3
1169;2;1
1057;1;1
2251;3;1
1629;1;1
1393;1;3
1912;3;3
1430;1;3
2754;2;3
1781;3;1
698;3;3
1646;2;1
888;1;1
51;1;3
479;1;1
53;1;1
2452;1;1
405;1;1
2269;1;1
1759;2;3
936;3;3
522;3;3
1576;1;1
2779;2;1
1208;1;3
572;2;1
780;1;1
1589;1;1
2018;1;1
1268;2;1
759;3;1
1921;3;1
2997;2;1
2173;3;3
1867;1;3
747;1;1
1566;2;1
302;3;3
1364;1;1
1695;1;1
90;3;3
2036;3;3
989;2;1
2718;1;1
2698;3;3
642;3;3
1527;2;1
1599;3;1
1312;2;1
1638;1;1
2169;3;3
1423;1;1
2839;3;1
1766;1;1
364;1;3
1928;2;1
852;1;3
2923;1;1
76;3;3
1467;1;1
2325;2;3
2352;3;1
511;3;1
943;1;1
765;3;1
797;2;1
2713;1;1
794;1;1
2161;3;1
678;3;3
809;1;1
2975;1;1
2078;2;3
2156;2;1
39;3;3
267;3;3
2042;3;3
66;3;1
2274;1;1
2034;3;3
1715;2;1
1706;1;1
2322;1;1
779;3;1
2089;1;3
2588;1;1
1969;3;1
2329;3;3
487;2;1
409;1;3
2556;3;3
2576;1;1
2708;1;1
24;2;1
1104;2;3
593;1;1
101;3;3
821;1;1
1338;1;1
1046;1;3
288;3;3
1091;1;1
658;2;3
2280;1;1
473;2;1
1546;1;3
827;2;1
389;1;1
762;2;3
975;2;1
657;1;1
2581;2;1
675;3;3
169;1;1
773;3;3
2116;3;3
2276;3;3
2253;3;1
2203;2;3
2333;3;3
1986;3;3
2188;2;3
1212;3;3
2943;3;1
386;3;1
2547;1;1
1824;3;3
1253;1;1
1439;2;3
194;3;1
1574;3;1
2660;2;3
2030;1;3
2865;3;1
1770;1;1
1746;2;3
1553;3;3
1865;1;1
1391;1;1
2026;3;3
2451;1;1
1068;1;3
2533;2;1
2144;2;1
1459;3;1
575;1;1
490;2;1
513;3;1
1710;1;1
64;3;1
2669;1;1
275;1;1
897;3;3
2384;1;3
1080;2;1
2290;1;1
1777;1;1
127;2;3
2914;1;1
12;1;1
638;3;3
2092;3;1
1134;3;1
2910;1;3
2184;2;1
340;3;1
2410;3;1
1192;3;3
776;2;1
1313;1;1
1289;1;3
2813;2;1
2794;1;1
1975;3;3
2960;1;1
635;3;1
1911;1;3
721;1;1
1138;1;1
2499;1;3
841;2;1
788;2;1
1310;1;1
2818;1;3
883;2;1
384;1;1
2729;2;3
1951;1;3
2681;3;3
1694;3;1
585;1;1
2561;1;1
1409;1;1
1465;2;3
1571;1;1
1725;3;1
894;1;1
2014;3;3
192;1;1
185;3;3
2088;3;3
1114;1;3
807;3;3
2580;1;1
1544;3;1
1092;1;1
2270;2;1
2417;1;1
696;1;1
1752;3;3
2574;1;3
2733;1;1
2215;1;1
2310;1;3
1741;3;1
2058;1;3
423;3;3
870;1;1
2493;2;1
2665;2;1
1493;2;1
1963;2;3
1662;3;1
2146;3;1
2038;3;3
2597;1;3
2259;1;1
216;3;3
97;1;3
361;3;3
2340;3;1
2879;1;1
2477;2;3
2316;1;1
919;1;1
2555;1;1
855;2;1
2863;3;3
2460;1;3
2926;3;1
2011;3;3
979;1;1
3009;1;1
2291;1;3
1346;1;3
2648;1;1
2516;2;1
1744;2;1
497;3;3
2123;1;1
856;1;1
937;1;3
2179;3;3
2697;3;1
2884;3;1
1140;3;3
1427;2;1
1597;3;3
1690;1;1
2899;3;1
2922;1;3
525;2;3
331;2;1
1373;1;1
43;1;3
892;2;1
2933;3;1
2897;2;1
1827;1;3
2766;3;3
1578;3;3
26;3;1
1523;3;1
2372;1;3
873;3;1
875;1;1
890;2;1
1883;2;1
1666;1;1
731;2;3
2213;3;3
2199;2;1
917;2;1
2478;1;1
1786;1;1
1517;1;1
284;3;3
2258;3;3
909;1;1
439;3;1
854;1;3
2440;1;1
2757;1;1
600;3;1
1010;3;3
2700;2;1
342;1;1
1590;3;1
1526;1;1
2686;3;1
211;3;3
1105;3;3
1935;1;3
2107;1;1
1518;3;1
1704;3;1
1436;2;1
1360;1;3
3043;1;1
1254;3;3
438;3;1
2435;1;1
1607;2;1
2192;1;1
1394;2;1
41;2;3
164;2;3
1972;2;1
1675;3;3
413;1;1
1013;3;3
62;3;1
1788;1;1
1820;1;1
1302;3;3
646;1;1
1806;3;3
2101;1;1
2171;1;1
515;1;1
1814;1;1
23;1;1
1635;1;1
1377;3;1
863;3;3
908;1;1
2938;1;3
2545;1;3
2183;1;3
114;3;1
1851;1;3
2882;2;1
2074;2;3
1757;1;1
1917;1;3
31;3;1
2456;1;3
2029;3;1
2704;3;1
1359;2;3
2617;3;1
2603;1;1
1144;2;1
93;3;1
1821;3;3
2906;1;1
1696;1;1
1318;3;1
582;1;1
1403;3;3
2886;2;3
1829;3;1
508;2;3
1244;1;1
1072;2;1
1238;1;1
1769;1;1
2164;3;1
2636;3;3
2796;1;1
959;3;3
2951;2;1
456;3;3
1429;3;3
945;3;3
2418;3;1
2662;2;1
2801;2;1
1274;2;1
2830;3;1
2987;3;1
2635;3;1
2381;1;1
2756;3;3
1771;2;1
927;2;1
2775;3;1
2130;1;1
2773;3;3
2051;3;3
1189;1;1
1000;2;1
256;1;3
2558;3;1
388;1;1
2079;1;1
2649;1;3
624;3;3
2633;3;3
2788;1;1
2209;1;1
105;3;3
1294;1;3
1775;1;1
1337;1;1
1112;1;3
1974;1;3
3026;2;1
1206;3;3
2212;1;1
1098;3;1
357;1;1
2862;3;1
2083;2;1
2969;1;1
2263;3;1
278;1;1
2467;2;3
2696;1;1
264;3;1
61;2;1
157;2;3
2119;1;1
2909;3;3
2991;3;1
1448;3;1
378;2;1
2093;2;3
947;2;1
2972;1;1
2147;1;1
3031;2;1
1315;2;1
1207;2;3
1555;1;1
2885;1;3
375;1;3
22;1;1
535;1;3
2081;2;1
2575;2;1
84;2;1
2246;1;3
1976;2;3
2572;1;1
261;1;3
2044;1;3
465;1;3
576;2;1
1451;1;1
507;1;3
671;1;1
2497;2;1
1996;1;1
2200;3;3
607;3;3
2425;1;1
2620;1;3
928;3;1
166;3;3
981;1;1
606;3;3
1347;3;3
1387;2;1
1026;2;3
2232;1;1
1948;1;3
173;1;1
2913;3;1
2442;2;1
1916;3;3
336;1;1
280;1;1
260;3;1
1844;3;1
2579;1;1
1554;2;3
1884;1;1
183;1;1
728;1;1
1421;3;1
184;1;3
1096;3;3
2824;2;1
1414;1;1
973;3;3
2514;1;3
1966;3;1
2749;2;1
732;2;1
760;3;1
103;1;1
2690;3;3
3039;1;1
1952;3;3
1201;3;3
656;1;1
1035;1;1
474;3;1
1538;2;3
314;3;3
344;3;1
1261;3;1
3054;1;1
677;1;1
774;2;1
1480;1;1
2980;1;1
1922;2;1
641;3;1
2068;1;1
1276;3;1
2342;3;1
2728;3;1
633;2;1
2379;2;1
2936;1;1
391;1;3
2790;1;1
610;2;3
430;1;3
237;1;3
1406;2;1
2984;1;1
1116;1;1
753;3;1
789;1;1
1437;1;1
29;1;3
2949;1;1
2346;3;1
2041;2;1
521;3;1
963;3;1
1567;3;1
1365;1;1
1;3;1
1679;1;1
588;3;1
849;1;3
2551;1;1
2808;2;3
144;3;3
2946;2;1
2961;1;3
2487;3;1
1495;2;1
833;3;1
1858;1;1
328;3;3
1702;1;1
2396;1;1
884;3;3
3021;2;1
2628;1;1
2331;2;1
1309;1;1
1516;1;3
978;1;1
2007;2;1
510;3;3
2046;2;1
1701;3;3
651;3;3
1100;1;1
38;3;3
3001;3;1
1785;2;1
2736;1;1
1767;1;1
757;3;1
200;2;1
1979;2;1
390;1;1
1327;1;1
1443;1;3
2362;1;1
1497;1;1
2838;3;1
1837;1;3
2935;1;1
2716;3;1
1190;1;1
2163;1;1
579;1;1
95;2;3
565;1;1
356;3;1
599;1;1
1059;3;1
1460;3;3
1305;3;1
1124;3;1
636;2;1
1886;1;1
1050;1;1
69;3;3
2348;2;1
181;2;1
1720;3;1
972;3;3
1326;1;1
100;2;1
843;3;3
3012;1;1
813;3;3
116;1;1
709;1;1
322;1;3
2646;1;1
1663;1;1
1060;3;1
96;3;3
2495;3;3
2752;2;1
2159;1;1
850;1;1
234;1;1
1245;1;3
2283;2;1
242;3;3
2908;3;3
2618;3;3
233;3;3
1828;3;3
2153;1;1
2432;1;1
784;3;1
402;3;3
451;2;3
1385;3;1
2629;1;1
1079;2;3
2694;3;1
1243;3;3
653;3;3
2916;1;3
3046;2;1
1890;1;1
3004;2;3
1932;3;3
1577;1;3
1197;2;1
1043;3;1
1762;1;1
2382;1;1
2587;3;1
206;3;3
162;1;1
1398;1;3
2950;1;1
259;1;1
1882;1;1
108;1;1
1570;3;1
1081;1;1
229;1;3
1833;3;1
2772;2;1
939;2;1
2356;1;1
2672;1;1
2817;2;3
1903;1;1
1841;3;1
2609;1;1
1056;2;1
15;2;1
1760;1;1
2876;1;1
2181;3;1
990;3;3
544;1;1
1061;3;1
1422;2;1
1949;3;1
77;1;1
2427;1;1
1356;2;1
495;3;3
466;3;1
1823;2;3
766;3;1
345;3;1
1610;3;3
1320;2;3
1489;2;3
1178;1;3
925;3;1
1831;3;3
1950;2;1
1270;1;1
2758;3;3
2022;3;3
962;2;1
2845;3;3
37;1;3
1834;2;1
295;3;3
949;3;1
2366;2;3
569;1;1
2573;2;1
1940;1;3
2401;1;1
705;2;1
1747;3;3
1528;1;1
222;1;3
847;1;1
1854;1;1
793;3;1
1881;3;3
1649;1;3
1266;3;3
205;1;1
1265;1;1
1743;1;1
2952;1;3
2953;3;1
586;1;1
2300;2;3
920;1;3
2354;3;1
2472;3;1
1362;3;3
702;2;1
1508;3;3
132;1;1
1154;3;3
2098;3;1
351;1;1
2963;1;1
176;3;1
2496;1;1
3062;1;1
1101;3;3
1024;1;3
2815;1;3
1461;2;1
2857;3;1
2488;3;1
2720;1;1
2642;1;1
961;1;1
213;3;3
2066;2;1
2268;2;1
1247;3;3
904;3;1
506;2;3
294;2;1
986;1;1
1224;1;3
2893;2;1
2714;2;3
338;3;1
643;3;1
1678;3;1
2489;3;3
2039;1;1
1214;2;1
1909;3;1
1330;2;3
967;2;3
2350;1;1
149;3;3
221;1;1
654;1;1
2134;3;3
1552;1;1
1797;2;1
2977;2;1
1719;3;1
1815;3;1
2377;2;3
1028;3;3
1296;2;1
2233;1;1
244;1;1
248;1;1
2230;1;1
1390;2;3
2586;1;1
268;1;1
199;1;3
1978;1;3
1025;3;3
1863;1;1
2275;2;1
601;1;3
2941;1;1
475;2;1
2650;1;1
2347;1;3
1509;2;1
1633;2;1
262;3;1
445;2;1
2137;1;3
422;2;3
92;3;3
1036;1;1
673;3;3
745;1;1
2235;3;3
141;3;3
1295;3;3
684;3;1
2570;2;3
820;2;1
1888;2;1
2731;3;1
1616;3;3
2511;1;1
1611;3;1
2596;2;1
1832;3;3
1111;3;3
1395;3;3
1306;1;1
2102;1;1
104;3;1
1606;3;3
891;1;1
326;1;3
382;1;1
2430;2;1
3027;1;1
1331;3;3
3007;1;1
481;1;1
777;3;3
987;3;3
2622;2;1
1659;1;1
214;2;1
1563;3;3
2682;3;3
1283;2;3
1363;3;1
2436;3;1
2726;1;3
1501;2;3
549;2;1
1617;3;1
977;3;1
1033;1;1
1452;3;3
1241;2;3
2252;1;1
1791;3;1
2113;1;1
2138;1;1
2473;3;1
1474;2;3
995;1;1
1547;1;1
2661;1;3
343;1;1
1727;1;1
2691;3;3
1582;3;1
2485;2;1
2309;1;3
1272;1;1
2638;1;3
2198;1;3
2090;1;1
2954;1;1
2654;1;1
2850;1;3
315;3;3
1751;1;1
752;1;1
412;1;1
304;1;1
2550;2;1
2193;2;1
2760;3;3
2303;2;3
2282;1;3
1368;1;1
2005;3;1
2404;1;1
1923;3;3
316;2;3
2932;3;3
2423;3;1
1876;1;1
1687;2;1
1531;1;3
1007;3;1
2637;3;1
1498;3;3
716;2;1
560;1;1
1915;1;3
1223;3;1
2373;1;3
819;1;1
2540;3;3
324;2;1
1877;2;1
1308;3;1
3044;1;1
2525;3;1
2513;2;3
1183;1;1
1708;1;1
1673;3;1
2978;1;1
416;3;3
2692;1;1
3055;3;3
2509;1;1
1161;3;3
44;2;3
310;1;1
1534;3;1
2539;3;3
427;3;1
984;2;3
2360;1;1
2599;2;1
450;3;3
2219;3;3
1255;2;1
2125;1;1
1070;1;1
348;1;3
308;3;3
574;1;3
468;1;1
1487;2;3
1239;3;3
3045;3;1
1893;1;3
1003;3;3
3029;1;1
2795;1;1
1583;1;1
781;1;1
2552;2;1
832;3;1
239;2;1
536;3;1
85;1;1
462;1;1
178;3;1
219;2;1
2505;2;3
110;2;1
265;1;3
136;3;3
2285;1;1
2463;3;3
1483;1;1
323;1;3
54;1;1
57;1;1
3024;3;1
2568;3;3
2503;1;1
1447;2;1
969;2;1
1463;3;3
1225;3;1
2687;2;1
935;1;1
1322;2;1
2645;1;1
2170;1;1
882;1;1
2842;2;1
685;3;1
1502;2;1
1141;1;1
2864;1;1
1643;1;1
2535;1;1
406;1;1
2592;1;1
1371;1;1
2076;2;1
1120;3;3
1723;3;1
2105;3;3
2278;3;1
2264;1;1
65;2;1
2345;3;1
2494;1;3
318;2;1
2640;3;1
258;1;1
2958;3;1
2004;1;1
2364;3;1
898;1;1
2549;1;1
2201;2;1
1768;1;1
1848;1;1
2271;1;3
2942;2;1
337;3;3
557;1;1
1358;3;3
823;1;1
1862;1;1
1062;3;1
385;1;1
362;3;1
1926;3;3
1545;2;1
1745;2;1
272;3;1
1636;2;1
2966;3;1
878;1;1
2502;2;1
2881;2;1
1129;2;3
2287;2;3
2631;1;1
1533;1;3
2321;1;1
2710;1;1
857;1;1
286;1;1
2449;2;1
1920;1;3
2180;1;1
47;1;1
223;1;1
2475;3;3
816;3;1
906;3;3
1812;2;1
710;1;1
1407;1;1
2318;3;3
509;3;1
81;2;1
399;1;3
2320;2;1
2717;1;1
1722;3;1
2543;3;3
2017;1;1
1896;2;1
2438;2;1
2085;1;1
332;3;1
1366;1;3
2237;2;1
2091;3;1
2455;3;3
2297;1;3
404;1;3
1818;1;1
1426;2;3
1654;3;1
725;3;3
395;1;1
1653;1;1
968;3;3
444;1;1
1408;3;3
1204;1;3
930;1;3
589;1;1
1707;1;1
1168;2;1
998;2;1
2666;3;3
492;1;3
1753;1;1
1187;1;3
2782;3;3
2680;3;3
319;3;1
1221;1;3
2585;1;1
102;2;1
1125;1;1
2033;1;3
2615;2;3
1529;1;1
241;1;1
2823;1;1
632;1;1
533;1;1
2151;2;1
1445;3;1
2616;1;1
1047;1;1
435;3;1
1123;2;3
529;1;1
1469;1;1
2128;1;3
2008;1;1
2894;1;1
2755;1;1
1471;3;3
851;2;1
2798;3;1
134;2;3
2072;1;1
630;1;1
2872;1;1
2644;3;3
2787;3;1
840;1;1
2676;3;1
1251;1;3
502;2;3
1658;2;1
1519;1;1
1034;1;3
915;3;3
441;1;1
2411;1;1
2067;3;3
1898;1;1
2250;3;3
2578;1;1
227;3;1
1147;3;1
1826;3;3
419;3;3
1039;1;1
373;3;3
2948;1;1
10;2;3
701;1;3
595;1;1
2983;1;1
1895;2;1
1271;1;1
2328;3;3
2806;1;1
2002;3;1
2424;1;1
1113;1;3
2073;3;1
664;3;1
801;2;3
910;1;3
1647;3;1
398;1;1
751;3;1
1323;3;1
1064;3;1
1787;1;1
655;3;1
2683;2;1
2653;2;1
58;3;1
2208;1;1
2712;1;1
2000;1;1
2140;1;1
1250;2;1
1872;1;1
394;1;3
1055;1;3
2515;3;1
2027;3;3
276;1;1
2103;2;1
2844;1;3
2707;1;1
18;3;1
1977;2;1
40;3;1
3002;3;1
568;2;3
3000;3;3
1230;3;1
1994;1;1
2626;1;3
168;2;3
1130;1;3
1623;1;1
611;1;1
1953;2;3
1954;2;1
128;2;1
2542;3;1
708;1;1
800;1;3
381;2;3
615;3;1
902;3;1
2060;1;1
2931;2;1
2623;1;1
2450;1;1
432;1;3
2386;2;1
787;2;3
2744;2;3
2069;1;1
2593;3;3
1211;1;3
175;3;3
1058;2;1
1399;2;3
1267;1;1
899;2;1
2559;3;3
2799;1;1
985;1;1
2979;1;1
191;1;1
2187;1;1
2927;1;3
3035;2;1
1871;1;1
944;1;1
662;1;1
1733;1;1
489;3;1
2470;3;1
957;1;1
2538;1;1
1730;3;1
1256;2;1
1095;2;1
464;1;1
2392;1;3
1065;1;1
2110;1;1
1983;1;3
2811;2;1
2968;3;3
647;1;1
1293;1;3
2317;3;3
251;1;3
1402;2;1
1857;3;1
1449;1;1
457;1;3
1536;3;3
2343;1;3
2106;1;1
1012;1;1
1981;1;1
63;3;3
3014;1;1
2945;3;3
2157;3;1
2223;2;1
620;1;1
2911;1;1
2853;3;1
2702;2;1
2724;3;3
1199;3;3
1938;2;3
2337;2;1
2695;1;1
1181;2;1
2013;1;3
1942;1;3
2822;1;1
1927;3;3
2226;1;1
2668;2;1
2548;3;1
2591;1;1
133;2;3
2828;1;1
552;3;1
1830;3;1
2784;1;1
2761;3;3
2114;3;3
1264;2;1
1428;3;1
1008;2;3
628;1;1
2023;2;1
2441;1;1
2821;1;1
2419;3;3
2359;2;3
2934;1;3
1904;2;3
542;1;1
2627;3;3
2388;1;1
2165;1;1
634;3;1
360;1;1
2459;1;1
2996;1;1
1045;3;1
1997;3;3
623;2;1
2577;3;3
1388;3;1
2389;3;3
448;2;1
455;1;3
2326;1;1
1503;3;1
1598;1;1
2471;1;1
1655;3;3
2734;2;3
333;2;3
25;1;3
676;2;1
517;2;1
2880;3;3
2040;3;3
581;3;3
2480;2;1
1378;2;1
152;1;1
2827;1;3
2706;2;3
1541;3;3
965;1;1
1637;1;1
1661;3;1
3042;1;3
1494;1;1
1397;1;1
1107;1;3
1784;3;1
2995;3;3
672;1;1
2553;3;1
1560;2;1
2759;1;1
1839;1;1
273;3;3
2564;1;1
2834;1;1
668;3;3
496;2;3
50;2;1
1878;1;1
2976;3;1
1433;3;1
1506;2;1
1298;1;3
80;2;1
564;1;3
415;3;1
1088;2;1
613;3;1
1732;2;1
1049;3;1
2765;2;1
1875;1;1
768;3;3
1165;2;1
618;2;1
970;2;1
2053;2;1
786;1;1
125;1;1
724;3;3
2080;3;3
867;3;3
1822;2;1
2120;3;1
2873;1;1
2608;3;1
347;3;3
1237;3;1
918;3;1
1697;1;1
1772;3;1
1735;2;1
1001;1;1
2281;1;1
2229;1;1
2871;1;1
1287;3;3
1847;3;1
3033;1;1
1419;2;1
2624;2;1
1030;2;3
2241;3;1
2774;1;3
609;1;3
2227;2;1
1842;1;1
938;1;1
75;3;3
605;3;1
42;1;3
687;2;1
3030;2;1
327;1;3
650;3;3
1728;3;1
312;2;3
1084;2;1
2861;3;3
2956;1;1
349;1;1
1148;2;1
2571;2;1
291;3;1
1006;3;1
2621;3;3
1939;3;3
292;3;1
993;2;3
1514;3;3
1462;1;1
434;3;3
461;1;3
2394;1;1
1807;3;3
746;1;1
122;1;1
2265;1;1
449;2;3
942;2;1
2567;1;3
491;1;3
3008;1;1
2528;3;3
2160;1;1
1258;2;1
2739;2;1
2054;1;1
2236;1;1
1094;3;3
1604;2;3
2993;1;1
2474;2;3
1499;1;1
1411;3;3
83;1;3
2191;3;1
2999;1;1
2610;1;3
1510;1;1
1482;1;1
1038;1;3
91;2;1
2395;3;1
2323;2;1
1352;1;1
803;1;1
2207;2;1
2858;1;3
2190;3;3
1194;3;1
1236;2;1
1650;1;1
554;2;3
924;3;1
771;1;3
255;3;3
1277;2;3
700;2;1
1755;1;1
2896;1;1
1838;3;1
617;1;1
410;3;3
660;3;3
2737;3;1
1640;1;1
2428;3;1
1195;1;3
2663;2;1
371;1;3
778;3;1
2532;2;1
2365;2;3
1446;1;3
368;1;1
1005;1;3
2217;2;1
738;2;1
2659;3;1
1852;3;1
896;2;3
1087;3;1
2639;2;1
966;3;3
270;3;3
877;3;1
1285;1;1
2332;3;1
1713;2;1
482;1;3
1180;1;1
1031;1;1
1075;2;1
387;1;3
1562;1;3
1288;3;1
306;3;1
1808;2;1
631;1;1
2664;3;1
1076;1;3
3018;1;1
1676;3;1
991;1;1
2095;3;1
2764;2;3
3034;1;1
2781;1;3
2115;1;3
2314;3;1
2701;2;3
301;1;1
1478;2;1
831;3;1
2124;1;3
2393;2;1
744;3;3
1943;1;3
1486;2;1
2412;2;1
71;3;1
719;1;1
1551;2;3
686;2;3
2043;1;1
1801;1;1
1535;2;3
1332;2;1
129;1;1
1418;3;1
254;2;3
1042;3;3
89;3;1
1011;3;3
2127;1;1
1340;3;3
1685;3;3
1345;2;3
712;1;1
1335;3;3
359;1;1
1522;3;1
207;3;3
1558;3;1
2234;1;1
1908;3;1
2974;2;1
174;3;1
1484;1;1
1477;1;1
2443;1;1
1573;1;1
1216;1;1
971;1;3
1850;1;3
2052;2;1
74;2;3
592;3;1
1069;2;1
2797;1;1
2583;3;1
452;1;1
1316;3;3
2324;2;1
2065;3;1
755;2;3
2295;3;1
454;3;3
667;2;1
1591;2;3
1464;1;1
1642;1;3
21;1;1
297;1;3
703;3;3
1071;1;1
158;1;1
11;3;1
1870;1;1
2244;1;3
1613;1;1
1004;3;1
2194;1;1
148;3;3
2249;3;1
932;3;1
934;1;1
627;3;3
123;2;3
1328;3;3
1121;1;3
1171;3;3
1892;2;1
34;1;1
2520;2;1
1077;1;1
3025;3;1
2075;1;1
1856;1;3
1209;3;1
2408;1;1
2601;3;1
1550;2;3
1991;2;3
1601;1;1
305;1;1
1971;1;1
289;1;1
3051;3;1
119;3;3
2982;3;1
2211;1;1
1432;3;3
2168;3;3
2602;1;1
3056;3;1
151;1;1
1009;2;3
1184;1;1
271;1;3
750;3;3
996;3;3
1959;2;1
1389;2;1
1029;1;1
1336;3;3
1600;3;3
299;3;3
460;3;3
2336;3;3
2607;2;1
2809;1;1
177;1;3
1672;3;3
2521;3;1
1810;3;3
2522;2;1
2097;3;3
2904;1;3
1612;1;1
2202;1;1
1466;2;1
1040;3;1
48;2;1
165;2;1
2045;3;1
2955;2;1
559;1;3
2242;2;3
1263;2;3
99;1;3
311;2;3
871;1;1
156;3;3
1782;3;3
1521;1;3
8;1;1
1470;3;1
138;1;3
2339;1;3
431;3;1
1624;1;1
1885;1;1
1307;2;3
2711;2;3
2852;1;1
775;1;1
187;1;1
900;1;3
2020;1;1
1232;3;1
1319;3;1
2378;3;3
1382;1;1
2750;3;1
2900;3;3
2612;1;1
3;1;1
811;1;1
341;2;1
1200;2;1
2510;2;1
2925;3;1
1370;1;1
2221;1;1
1913;1;3
486;1;3
2846;2;1
2851;2;3
916;1;1
257;1;1
886;1;3
1588;2;1
551;3;1
1383;1;1
2970;1;1
1620;1;1
1779;3;1
1396;1;1
799;2;1
202;1;1
1132;1;1
1257;1;1
339;1;1
1817;3;3
1756;2;1
1681;2;3
1376;1;1
1317;1;1
2216;2;3
2019;1;3
693;3;1
2355;3;1
717;3;1
250;2;3
2498;1;1
2901;3;3
2021;1;1
504;1;1
2715;3;3
201;1;3
2866;3;1
1737;3;1
480;1;1
1139;3;3
1369;1;1
1542;3;3
1137;1;1
1441;2;1
926;1;1
1721;1;1
303;1;1
2625;1;3
1281;3;1
1260;1;1
1937;1;1
317;1;1
1231;1;1
670;2;1
1900;3;3
2705;1;3
2457;3;1
950;3;3
828;2;3
147;2;3
1485;3;3
905;3;3
2856;2;1
2930;3;1
694;1;1
2397;1;1
1017;2;3
2541;1;3
1995;3;3
1108;1;1
150;3;3
2973;3;1
2641;1;1
548;3;3
707;3;3
1438;1;3
2261;1;3
2009;2;1
1689;1;1
1789;3;1
1424;2;1
246;3;1
1602;2;1
203;1;1
2709;2;3
153;3;1
1835;3;1
2122;1;1
2606;3;1
1615;1;1
2526;3;3
810;1;1
2064;1;1
424;3;1
2025;1;1
2634;1;1
3016;3;3
864;1;1
1992;1;1
1188;1;3
846;1;1
2050;2;1
2492;3;3
1731;2;1
3057;2;1
1176;2;1
59;1;1
594;3;3
706;3;3
1671;1;1
2685;2;1
1162;3;1
2003;1;1
598;1;3
3038;3;1
2166;3;1
1122;3;3
5;2;3
2486;1;1
1880;1;1
2825;1;1
182;3;1
666;3;3
2902;3;1
1593;1;1
2878;1;1
723;1;1
2860;1;1
2277;3;1
1843;3;1
2238;1;1
1219;3;1
1540;3;3
543;1;1
1840;1;1
2819;3;1
2832;3;1
1491;1;1
2084;1;3
1680;1;1
396;1;1
4;3;1
2429;3;1
1734;2;1
1774;1;1
1220;1;3
860;1;3
2049;3;3
1325;3;1
2225;1;1
1584;3;3
2387;1;1
226;2;1
1738;1;3
2135;3;3
2565;2;1
2841;2;3
1353;2;1
2369;3;1
1761;1;1
2118;3;1
1802;3;3
2220;3;1
2087;3;3
370;2;3
1688;1;1
1691;2;1
1226;3;3
1442;1;1
2032;1;1
1987;3;1
2031;1;1
1532;1;3
1813;3;3
2598;3;3
1670;1;1
1118;1;1
2224;1;1
2248;1;1
2037;3;3
679;3;1
2605;1;3
625;3;1
1191;2;1
1887;2;1
2077;3;1
1372;3;3
1919;2;3
313;1;3
282;1;3
2732;1;3
2376;3;3
447;1;1
792;1;1
736;3;1
2783;1;3
68;2;1
2527;1;1
2298;3;3
1891;3;1
1292;3;1
608;3;3
1380;2;3
715;2;3
1902;3;1
1022;1;3
418;3;3
2584;1;1
537;1;1
2182;3;3
232;2;3
298;2;1
2415;3;3
1625;3;3
2132;1;3
626;1;1
994;3;1
2671;3;1
876;3;1
889;1;3
1334;1;1
52;2;3
714;3;1
1133;1;3
3041;1;1
145;3;3
2673;3;1
869;3;1
220;3;3
1945;1;3
458;3;3
86;2;3
1198;2;1
1153;3;1
171;1;1
383;2;3
1249;3;1
1849;2;3
2484;2;3
2843;1;1
1127;1;3
637;2;3
2833;1;1
1142;1;1
2679;3;3
2284;1;3
1944;1;3
88;3;1
612;1;1
2537;1;1
614;2;3
808;2;1
802;1;1
1794;3;1
3032;3;1
2371;3;3
1596;1;1
2504;1;3
2447;3;3
433;1;1
1053;3;1
235;1;1
2892;2;1
403;2;3
55;3;3
2414;1;3
992;3;3
1594;1;3
566;2;3
1798;3;3
2458;1;1
1304;2;1
1106;3;3
1980;1;1
1711;1;1
1861;3;3
2847;3;1
815;1;1
567;1;1
113;1;3
377;3;3
988;3;3
2446;1;1
120;3;1
2981;3;3
782;1;1
321;3;3
880;1;1
2262;1;1
563;1;1
2385;3;3
300;3;3
2837;3;1
2786;2;1
2400;2;1
2569;1;1
1054;3;1
2035;3;1
737;1;3
1618;1;1
118;2;1
1958;1;1
2117;3;3
2768;1;1
1297;2;1
1684;3;1
2062;1;1
818;1;1
2305;1;3
1290;2;3
921;3;1
1048;3;3
1279;3;3
2266;3;1
2228;2;3
1621;3;1
2126;1;3
2289;1;1
1093;2;1
2836;1;3
163;1;3
523;3;3
1222;1;3
2722;3;1
1739;1;1
1179;3;3
500;3;1
1416;2;1
407;2;1
1778;3;1
804;3;1
493;2;1
3059;1;3
2614;1;1
2748;1;1
411;1;1
287;2;3
1182;2;1
124;1;1
665;1;1
2131;3;3
196;1;1
562;1;1
2560;3;3
1595;1;1
2273;3;1
1639;3;3
2589;3;3
1539;2;1
1988;1;1
155;3;1
2479;1;1
2111;3;3
734;1;1
1855;1;1
842;3;1
2469;1;1
1454;3;1
1215;1;3
170;3;3
2940;3;1
1303;1;1
1392;1;1
887;2;1
1665;1;1
231;3;3
838;1;1
283;3;1
2780;2;3
425;2;1
1468;3;3
940;2;3
689;1;1
1585;3;1
2719;3;1
1146;2;1
2918;3;3
681;1;1
32;1;3
1795;3;3
1773;1;1
729;1;1
541;3;3
691;1;1
1929;3;3
2210;3;1
1227;1;3
2057;3;3
1800;2;1
726;2;1
2162;1;1
70;3;3
1505;3;3
1530;2;3
2826;3;1
494;1;1
1102;3;1
2688;2;1
2835;1;1
2142;1;3
2096;3;1
1073;3;3
2108;2;1
2887;1;3
224;3;1
2746;2;1
1339;3;1
1275;1;1
1355;1;1
17;3;1
2024;2;3
3005;1;1
82;2;3
485;1;1
1299;3;1
167;3;3
879;1;1
2380;2;1
2247;2;3
269;2;1
2143;2;1
354;3;3
817;2;3
28;1;1
2109;3;1
1931;1;3
2121;2;1
1982;1;1
459;1;3
1381;3;1
1651;3;1
142;3;1
2197;2;1
1284;1;1
2523;1;1
2370;3;1
3023;1;1
1668;3;1
2905;1;1
217;3;3
446;2;3
2875;2;3
1149;1;1
2454;1;1
1350;1;1
1543;1;3
1300;3;1
352;1;3
2917;2;1
1930;1;3
2883;1;1
2048;1;1
590;1;1
2964;1;1
2998;2;1
1714;1;1
1126;2;3
805;3;1
2667;1;1
980;2;3
1946;1;1
1825;3;3
374;1;1
1329;1;1
692;2;1
6;1;1
885;1;1
442;3;3
1968;1;1
530;3;3
946;2;3
477;3;3
2657;1;1
2807;1;1
2061;3;3
2367;3;3
837;1;1
1586;1;3
2086;3;3
527;1;1
1229;1;3
1027;1;1
2267;1;1
2898;1;1
1608;3;1
1151;1;1
1973;3;1
640;2;1
955;1;1
952;3;3
146;2;1
1103;1;1
1993;3;3
3011;3;1
1301;2;1
2741;3;3
2481;2;3
933;3;3
1252;2;1
974;1;1
33;3;1
2939;3;3
713;3;1
2751;3;3
1717;3;1
1592;3;3
3019;1;3
2490;3;1
1792;3;3
98;1;3
680;1;1
2311;3;3
1117;1;3
2338;3;3
895;1;1
1579;3;3
2466;2;1
1853;2;1
139;3;1
2840;1;1
997;1;1
2299;3;1
2534;1;1
796;3;1
3003;2;1
1280;1;1
225;3;1
836;3;1
7;2;1
730;3;3
277;1;1
2594;3;1
1420;3;3
2919;2;1
2152;2;1
1078;2;1
2286;1;1
2047;2;1
982;1;3
2222;1;1
2476;3;3
1314;2;1
1750;2;1
358;2;1
1537;1;3
520;2;3
1569;1;1
218;1;1
135;3;3
505;1;1
550;2;1
2391;3;1
2802;1;3
2703;2;1
814;3;3
2383;1;1
1158;2;3
1157;3;3
1716;1;1
868;3;3
711;3;1
320;2;3
1859;3;1
1413;1;1
2167;3;1
107;3;3
14;2;1
2957;3;1
366;3;1
2530;3;3
3010;3;1
1726;1;1
1692;1;3
2420;1;3
161;1;1
1041;2;3
1631;2;1
922;1;1
645;1;1
3049;1;1
1218;3;1
2699;1;1
2557;2;1
117;2;1
2643;1;1
720;1;3
1964;2;1
372;1;1
1136;3;3
2344;3;1
835;2;1
1213;1;3
1587;3;1
1564;1;3
503;1;1
1019;3;1
948;2;3
2868;3;1
1357;1;1
355;1;1
1384;1;1
2582;1;1
2508;2;3
1580;1;1
1657;2;1
2141;3;1
421;1;3
1548;1;1
2012;1;1
115;2;3
2148;2;3
2965;3;3
2306;1;1
3037;1;1
2924;3;1
1763;3;1
1085;2;3
2399;3;1
1273;2;1
193;3;3
1819;2;3
853;3;1
79;1;1
1960;1;1
822;1;1
1749;2;1
1712;1;1
212;1;3
2647;1;1
2150;1;1
2437;3;3
2439;2;1
1496;1;1
534;1;1
498;1;1
2426;2;3
2747;2;1
1626;1;1
2674;2;1
2172;3;3
2357;3;1
35;2;3
528;1;1
2903;3;3
172;2;3
1742;1;1
2767;2;1
1052;1;1
1186;3;1
2500;3;1
1167;3;1
1431;2;1
2206;1;1
236;3;3
2723;1;3
16;2;1
1709;1;1
597;1;1
2675;3;3
472;3;3
999;1;1
443;3;3
2260;1;1
56;3;1
1873;2;1
1400;1;1
245;3;3
1173;1;1
27;2;3
1955;3;3
587;1;1
2655;1;1
1354;1;1
2239;3;3
1809;2;1
1641;3;1
580;2;1
2985;1;1
160;2;3
