Observation.No;Observed.y;Predicted.y
1966;3;2
1887;2;2
1257;3;2
1468;2;1
959;1;2
2880;2;2
2613;4;2
876;4;1
1743;3;2
2879;3;2
2964;4;2
1554;2;2
101;3;1
2347;2;2
2969;2;2
1016;3;2
2895;1;2
1975;2;2
1532;5;1
1327;4;2
2065;3;2
22;2;2
63;5;2
1109;2;2
1521;2;2
1791;3;2
1542;2;2
1563;3;2
1477;5;2
1436;4;2
1907;2;2
679;2;2
294;2;1
369;5;2
1136;1;1
298;1;1
835;3;1
1153;2;2
1760;4;2
762;2;2
1431;3;2
1424;3;2
1780;4;2
1408;2;2
918;4;2
1111;3;2
1691;1;2
3046;5;2
1922;2;1
1569;5;2
2093;5;1
2799;5;2
644;3;2
1384;2;1
1252;4;2
1354;1;2
1488;4;2
2565;1;1
144;6;1
1019;1;2
2158;5;2
1493;4;2
1319;1;1
1200;2;2
3100;3;2
367;1;2
1242;4;1
1466;3;1
1714;5;2
472;1;2
665;3;2
1765;3;2
1365;3;2
1033;5;2
787;5;2
2456;4;2
1190;3;1
1387;5;1
77;2;2
2035;2;2
2921;1;2
1281;2;2
1430;3;2
3052;3;2
2118;3;1
1490;3;2
2736;5;1
1497;3;2
1260;3;2
2128;5;1
789;5;2
1440;5;2
12;2;2
2194;3;2
2555;2;1
221;2;1
2690;1;1
1333;5;2
746;2;2
1142;2;1
2765;4;1
1829;5;2
944;5;2
728;1;2
43;2;1
2582;5;2
250;1;1
1901;1;2
400;2;2
1644;4;2
1731;6;2
2547;1;2
1826;5;2
1811;1;2
1444;3;2
582;3;2
699;3;2
48;3;2
72;5;2
811;6;2
2274;3;2
3083;1;2
2276;2;2
1273;5;2
2107;5;1
547;2;2
1498;1;2
339;5;2
739;4;2
1864;5;1
97;1;1
2717;5;2
276;1;1
700;5;2
1429;2;2
380;4;1
1630;3;2
550;4;2
612;5;2
791;2;2
2070;5;2
1030;4;2
553;4;2
154;3;2
1152;3;2
2923;2;2
801;3;2
196;1;2
2644;2;1
2575;2;1
525;5;2
594;2;2
1606;2;2
2720;5;2
431;5;1
562;5;2
347;2;2
1135;2;1
2729;3;2
523;3;2
2506;5;2
2972;5;2
1434;1;2
1293;3;1
2891;1;2
1112;5;2
2232;5;2
2116;3;2
2570;2;2
355;2;2
1803;3;2
1545;4;2
3031;5;2
1105;1;2
18;5;1
1023;4;2
814;3;2
2478;5;2
823;1;2
1870;3;2
1239;2;2
2030;2;1
2321;2;2
354;6;2
2437;2;2
2052;5;2
208;5;1
688;1;2
905;2;2
894;1;2
1944;2;2
2632;1;2
1602;2;2
1635;4;2
1381;2;2
846;5;1
2337;1;2
1032;4;2
1860;5;1
558;4;2
277;1;1
1377;3;2
3109;1;2
1972;3;2
1015;2;2
844;3;1
2747;4;1
2362;2;1
1764;3;2
2011;3;1
1698;1;2
1744;2;2
2080;5;2
1666;2;2
2123;3;2
2082;5;2
304;2;1
2715;2;2
3071;6;2
609;4;2
2773;1;2
3041;3;2
2377;3;1
1613;2;2
156;4;1
2500;2;2
1237;3;1
1241;4;1
794;2;2
297;5;1
2812;5;2
2838;4;2
2352;5;2
2271;1;2
2338;1;2
352;2;2
3034;2;2
34;2;1
610;4;2
1656;2;2
342;3;2
1000;1;1
23;2;2
627;5;2
2180;4;2
465;2;1
3027;2;2
2178;1;2
2008;4;1
75;5;2
108;1;1
897;1;2
1233;3;2
227;4;1
161;1;1
38;5;1
2662;1;1
422;5;1
150;5;1
1969;1;2
1844;3;2
42;1;1
2071;5;2
178;5;2
2400;4;1
2734;4;2
756;2;2
393;2;1
648;5;2
1947;5;2
862;1;2
1539;5;1
167;5;1
376;5;1
314;2;1
2055;5;2
2991;2;1
179;5;2
1356;3;2
1446;4;2
2958;1;2
86;3;2
2222;2;2
2778;2;2
206;5;1
325;3;1
1325;5;2
1494;1;2
476;5;2
3063;2;2
1576;3;2
2718;2;2
1371;5;1
2544;6;1
2897;1;2
1423;1;2
984;5;1
2248;1;1
1777;6;2
429;1;1
83;1;2
870;3;2
1156;2;2
1320;4;1
2202;3;2
341;5;2
2059;1;2
88;5;2
193;5;2
579;2;2
1650;1;2
1853;5;2
828;4;1
2631;3;2
1361;2;2
3023;2;2
1671;4;2
674;3;2
1455;1;2
2200;1;2
2668;3;1
57;1;2
2291;4;1
2264;5;1
2038;5;1
2887;2;2
2572;2;2
2284;2;2
2659;3;1
381;3;1
714;4;2
1447;3;2
1885;1;2
2136;3;1
681;2;2
2383;5;1
1936;2;2
455;2;1
2328;5;2
253;3;1
1633;5;2
1675;3;2
2407;4;1
2954;2;2
1385;3;2
667;5;2
548;2;1
2535;4;1
1612;4;2
662;4;1
1897;2;2
2933;2;2
1088;4;2
271;4;1
1248;4;2
2431;5;1
1254;5;2
2980;3;2
1140;2;1
1568;1;2
2016;6;2
531;3;2
333;4;2
218;2;1
2848;3;2
163;2;1
58;4;2
2003;3;2
1043;1;2
2829;3;1
357;4;2
1881;4;2
511;3;2
1655;2;2
413;4;1
2207;5;2
1652;4;2
566;2;2
486;1;2
2899;4;2
192;1;2
1642;2;2
2120;3;1
1672;3;2
3008;4;2
2179;5;2
1039;2;2
2952;4;2
1742;1;2
1183;5;1
2677;1;1
564;2;2
456;5;1
1313;5;1
2322;3;2
2358;2;1
2028;5;1
1074;6;2
2122;4;2
2293;2;1
1923;2;2
1063;3;2
797;2;2
324;2;1
2485;3;2
1075;4;2
1481;3;2
457;4;1
160;3;2
632;5;2
2481;2;2
2488;5;2
2173;1;2
687;1;2
49;3;2
2608;5;2
1046;2;2
830;5;1
1230;3;1
1991;4;2
2385;3;1
2088;3;2
41;3;1
1875;4;2
1995;2;2
29;2;1
2637;5;1
2327;3;2
2063;2;2
940;5;2
494;4;2
2184;2;2
2965;5;2
188;1;2
2657;1;1
1044;4;2
2212;4;2
2045;2;1
2989;5;2
1108;3;2
755;2;2
2315;5;1
187;2;2
1417;2;2
2280;6;2
1379;1;2
230;5;1
1491;3;2
2927;2;2
1510;5;2
2775;3;1
2157;2;2
2468;5;2
3125;1;2
2766;1;2
849;4;2
1988;3;2
931;5;2
406;3;1
100;5;1
1287;3;1
1943;3;2
995;1;2
1729;3;2
2860;5;2
1123;2;1
2624;2;1
545;2;2
1560;3;1
2251;2;2
2901;5;2
583;5;2
2922;3;2
215;5;1
2768;2;2
2588;2;2
1676;1;2
1550;2;2
683;3;2
2594;3;2
2540;3;1
1533;5;2
1571;2;1
1702;2;2
1163;5;2
2318;4;2
1500;5;2
1768;5;2
2054;2;2
777;5;1
2091;5;2
1222;5;1
2522;4;2
129;1;1
502;4;1
2134;5;1
302;2;1
3093;3;2
1799;2;2
872;1;2
871;2;2
1629;3;1
1548;4;2
256;5;1
1884;5;2
1610;2;2
2285;3;2
1984;2;2
2493;5;2
2561;5;2
2126;1;1
2233;2;2
1846;5;2
1150;1;1
860;1;2
1773;1;2
2962;5;2
1981;2;2
417;2;1
492;3;2
3015;3;2
31;4;1
1896;4;2
2524;1;2
74;3;2
119;4;1
2270;2;2
383;1;1
704;5;2
2926;5;2
1662;2;2
3087;2;2
2414;5;1
337;2;2
2526;3;2
1567;4;2
1911;2;2
1214;3;2
743;1;2
1036;3;2
1335;1;2
2680;2;1
1321;3;2
1461;3;1
2988;5;1
495;3;2
510;2;2
259;1;1
258;2;1
3098;2;2
2787;4;2
1989;6;2
2114;2;2
768;2;2
2220;2;2
2381;3;1
1757;1;2
464;5;1
1050;2;2
2408;1;1
424;1;1
1783;2;2
3045;5;2
2263;3;1
1800;1;2
1722;4;2
2795;2;1
2672;2;1
2441;2;2
2883;2;2
979;4;2
2250;4;2
2073;2;2
3055;4;2
2722;2;2
78;1;3
2036;5;1
3039;2;2
2497;3;2
2000;5;2
2649;5;1
1654;2;2
1779;5;2
641;5;2
1250;6;2
3044;2;2
1833;5;2
2619;5;2
851;3;2
2628;4;2
741;3;2
71;4;2
740;3;2
2945;3;2
748;3;2
197;2;1
174;4;2
759;5;2
738;2;2
664;2;1
3005;3;2
2900;4;2
2267;2;1
2835;6;2
2974;1;2
1174;1;2
1410;4;2
16;3;2
772;3;2
1601;5;2
2306;3;1
390;1;1
764;5;2
544;4;2
1873;5;2
952;5;2
2992;2;1
66;5;2
2146;3;2
1093;2;2
2097;5;2
1960;3;2
3113;4;2
2985;2;2
1987;4;2
398;2;2
1177;5;1
1193;5;1
1374;1;2
39;4;1
2646;1;1
2836;5;2
1679;5;2
2237;5;2
2096;1;1
1807;1;2
91;3;2
3070;4;2
2060;2;2
2499;2;2
379;5;1
724;3;2
1146;3;1
1890;3;2
633;1;2
3038;3;2
1057;2;2
892;4;2
3101;5;2
1879;2;2
1086;5;1
2367;5;1
1704;4;2
2676;3;1
1930;3;2
1526;3;1
1594;3;2
1034;3;2
3076;5;2
1623;2;2
2942;1;2
2727;5;2
419;4;1
283;2;1
1119;4;1
2444;1;2
54;1;2
2998;2;2
1249;4;2
1443;4;2
1205;1;2
1605;4;2
1530;5;1
971;2;1
1054;2;2
2655;5;1
1664;3;2
2007;2;2
3032;4;2
19;3;1
2667;5;1
913;5;2
962;3;2
2067;1;2
2605;2;1
257;2;1
1687;1;2
1454;5;2
657;4;2
1171;3;2
1531;3;1
2630;3;2
177;2;1
1052;2;2
2917;5;2
2177;2;1
1049;3;2
1886;3;2
2732;5;2
549;2;2
496;1;1
1266;3;2
973;1;2
2050;3;1
1856;2;1
2310;5;1
3115;5;2
1778;3;2
2963;4;2
262;1;1
237;1;1
468;2;1
1867;4;1
1323;2;2
442;4;1
2471;6;2
885;2;2
2944;3;2
2324;4;2
2617;3;2
2501;3;2
1465;3;2
1008;5;2
1839;5;2
2262;3;1
1157;4;2
3117;2;2
1452;3;2
1422;1;2
73;2;2
1951;2;2
1827;4;2
395;4;1
939;3;2
243;5;1
1114;2;2
469;1;1
1877;2;2
478;4;2
1484;5;1
1723;5;2
2706;5;2
2216;2;2
3068;3;2
2728;2;2
1953;2;2
3104;2;2
784;3;2
385;2;1
1608;6;2
2429;2;1
3014;2;2
2791;3;1
1689;5;2
890;5;1
1147;5;2
3120;4;2
2049;2;1
286;2;1
1812;5;2
436;2;1
1979;5;2
358;2;2
80;3;2
2756;1;1
577;4;2
2130;5;1
1175;5;1
1448;2;2
2226;1;2
1591;2;2
2101;2;1
1648;4;2
669;2;2
2633;3;1
2236;5;2
2650;2;1
2523;5;2
802;2;2
938;1;2
4;5;2
2772;3;2
2603;5;1
636;2;2
335;2;2
2187;2;2
2517;4;2
1913;1;2
2151;3;2
1449;3;2
2463;1;2
723;6;2
804;4;1
2098;5;2
1161;1;1
2516;2;2
2389;4;1
3036;1;2
618;4;2
898;2;2
2230;3;2
1270;2;2
2925;4;2
1245;2;1
291;5;1
98;1;1
2196;2;2
2138;4;2
2903;3;2
2320;3;2
2360;5;1
1370;2;2
3097;4;2
1017;1;2
2919;3;2
2946;2;2
1645;1;2
1570;3;1
1042;1;2
2788;2;2
1022;6;2
1021;5;2
2941;1;2
2287;4;2
1127;3;1
2304;4;1
2411;1;2
1202;2;2
763;5;2
3011;2;2
2;3;2
518;3;2
2782;4;2
2312;1;1
125;5;1
3062;3;2
2018;3;2
2492;3;2
1583;4;2
2660;1;1
186;1;2
399;1;1
822;3;2
1148;1;1
293;4;1
505;5;1
2534;3;1
1632;2;2
1463;2;2
2296;6;1
1573;2;2
2246;5;2
210;3;1
1091;3;2
993;4;2
264;5;1
1312;5;1
2549;4;1
1350;4;2
1482;5;1
1801;2;2
140;4;2
2409;5;1
2484;2;2
655;5;2
1154;1;1
2971;5;2
580;2;2
1300;5;2
2847;3;2
426;5;1
1865;4;1
2127;2;2
2015;3;2
1334;2;2
248;6;1
2710;1;2
285;5;1
265;5;1
412;2;1
2528;5;2
2083;3;2
539;1;2
309;4;1
2904;6;2
1876;1;2
155;4;1
1814;6;1
1746;1;2
1339;3;2
875;1;1
1968;1;2
234;2;1
168;3;2
461;2;1
3078;4;2
1204;3;1
386;3;1
1925;3;2
1647;1;2
323;2;1
2824;1;1
493;3;2
2161;5;2
1309;2;1
403;2;1
2013;2;2
317;3;1
360;1;2
2167;2;2
1213;1;2
2094;3;1
2100;2;1
2208;2;2
2261;1;2
2155;5;2
2399;5;1
2509;2;2
2043;4;1
796;5;2
1012;5;1
2697;5;1
2620;5;2
2153;2;1
1949;2;2
2889;1;2
2439;2;2
263;5;1
2020;3;2
592;1;2
46;5;2
2537;3;1
1195;1;1
2491;1;2
418;5;1
2708;2;2
977;2;1
2395;5;1
628;6;2
2841;3;2
307;5;1
2403;4;1
1816;5;2
3108;2;2
338;4;2
900;5;2
904;1;2
2698;5;2
2325;5;2
1945;5;2
2103;5;2
1992;3;2
1818;5;2
812;3;2
135;5;1
2652;1;1
1122;2;1
310;5;1
908;3;2
1004;4;2
2844;5;2
2858;2;2
2757;2;1
1558;2;2
1110;4;2
21;1;2
65;3;2
1556;1;1
2480;1;2
2560;2;2
3020;2;2
1473;4;2
2983;3;2
1857;5;1
2193;2;2
176;5;1
53;2;2
3006;5;2
708;1;2
521;1;2
2769;2;2
715;2;2
1181;2;2
2258;1;2
2505;2;2
2967;2;2
2105;2;1
600;1;1
706;5;2
1847;4;2
3007;1;2
2701;3;2
508;1;2
2417;3;2
994;2;2
1825;1;2
2163;2;2
732;2;2
13;2;2
2342;2;2
1480;3;2
1874;2;2
1020;3;2
1824;5;2
1915;1;2
1978;2;2
2266;5;1
734;5;2
451;3;1
2615;2;2
202;2;1
1392;2;1
2472;2;2
2503;5;2
1535;2;2
1794;1;2
2170;1;1
1565;4;2
1683;5;2
991;3;2
1064;5;2
921;4;2
1206;2;2
1859;3;1
2796;3;1
922;5;2
2742;5;1
68;3;2
2044;2;1
2724;3;2
181;3;2
1552;3;2
2539;2;1
1307;4;1
151;1;1
727;2;2
374;2;1
711;1;2
1716;3;2
953;1;2
936;2;2
1845;3;2
2176;5;2
407;2;1
948;5;2
3085;3;2
960;2;2
1472;3;2
2695;4;1
1912;1;2
2041;1;1
781;2;1
1294;2;1
915;3;2
2543;1;1
1782;3;2
2928;4;2
1849;4;2
132;3;1
2867;2;2
1726;1;2
1505;1;2
2627;2;2
2822;4;1
425;3;1
671;4;2
1546;1;2
766;5;2
61;3;2
2386;5;1
2009;2;2
527;4;2
411;4;1
1459;1;1
1711;5;2
1083;4;2
910;2;2
1405;3;1
1619;5;1
2741;5;1
2639;2;1
2451;2;2
2214;5;1
1850;1;2
289;4;1
1218;2;1
1001;3;2
1336;5;2
9;2;2
2832;3;1
1282;3;2
2283;5;2
1970;5;2
120;3;1
2931;5;2
1188;5;1
1078;3;2
2508;3;2
2818;4;1
2313;2;1
1831;2;2
326;2;1
2920;5;2
343;2;2
340;2;2
2242;2;2
2111;1;2
857;3;2
1314;2;1
2124;5;2
1276;3;2
2564;1;2
2947;5;2
2982;3;2
466;2;1
785;1;2
1058;2;2
1217;5;2
809;6;2
3067;3;2
736;1;2
2781;2;2
2412;6;1
3049;1;2
1278;5;2
1935;3;1
1028;3;2
2907;2;2
1750;4;2
1909;3;2
246;5;1
672;2;2
2816;3;1
717;6;2
229;2;1
1162;4;2
172;3;1
1511;3;2
1486;3;2
2190;6;2
2160;4;2
2229;2;1
1372;2;2
719;2;2
2636;1;1
2309;1;1
113;5;1
3075;5;2
833;1;1
1280;3;2
76;5;2
392;1;1
332;3;2
2031;2;1
2890;1;2
382;1;1
2391;3;1
471;5;1
1938;4;1
366;3;2
33;4;1
974;3;2
1315;3;1
3025;2;2
1506;3;2
2384;4;1
2642;2;1
1145;4;1
1076;5;2
2223;4;2
330;5;1
2934;1;2
578;3;2
2959;1;2
2110;2;2
883;5;2
2683;3;1
2159;2;2
1310;2;1
2023;1;2
3096;3;2
1614;5;2
313;3;1
2440;1;2
3121;5;2
8;2;2
752;5;2
2001;2;2
1841;4;2
1810;6;2
895;1;2
2061;1;2
2420;5;2
2828;4;1
2807;3;2
917;3;2
2005;4;2
861;3;2
1478;3;2
1931;2;2
1918;5;2
3064;5;2
2458;1;2
3102;1;2
1117;5;1
2809;3;2
290;2;1
2034;4;1
529;5;2
1305;1;1
1713;4;2
1340;3;2
1267;5;2
2885;2;2
1983;2;2
238;3;1
1268;2;2
365;5;2
3022;5;2
2286;2;2
1378;2;2
1804;5;2
543;1;2
316;5;1
1235;5;1
1094;3;2
1752;4;2
1084;4;2
950;1;2
1412;3;2
2254;1;2
2937;3;2
470;5;1
2496;4;2
1045;3;2
2669;4;1
1411;2;2
1882;2;2
663;1;1
1788;3;2
220;4;1
2333;2;2
1025;5;2
1265;3;2
3021;5;2
570;2;2
387;2;1
770;5;2
631;5;2
2450;3;2
2460;6;2
2869;2;2
1503;3;2
1059;5;2
2999;2;2
554;3;2
2574;3;2
832;6;1
2079;4;2
2850;2;2
1639;1;2
2853;5;2
175;4;2
255;3;1
923;3;2
1199;5;2
1950;5;2
1464;3;1
1990;2;1
474;3;2
551;1;2
2305;3;1
996;6;2
2424;3;1
691;4;2
827;5;1
1479;5;2
1337;3;2
141;5;2
1347;3;1
2953;2;2
1223;3;1
105;1;1
1574;4;2
1451;3;2
2623;3;2
2419;2;1
344;2;2
2410;4;1
2898;2;2
955;3;2
2862;4;2
200;3;1
1696;4;2
2231;3;2
1011;3;2
718;5;2
2066;3;2
868;4;2
761;4;2
512;2;2
2348;4;2
409;2;1
949;5;2
1240;3;1
2752;5;1
2343;2;2
2108;3;1
1861;5;1
2538;2;1
3124;2;2
2578;3;2
1745;3;2
1082;4;2
2319;1;2
212;2;1
2966;5;2
2288;5;2
50;3;2
3094;2;2
2896;2;2
2661;4;1
782;1;2
453;5;1
1346;1;2
576;3;2
640;3;1
643;3;2
348;6;2
361;3;2
1724;1;2
261;5;1
149;5;1
2369;2;1
2596;1;2
686;4;2
536;4;2
2077;5;1
173;1;1
943;3;2
1107;3;2
1406;5;2
281;1;1
3019;3;2
3058;2;2
1695;3;2
1211;6;2
1420;5;2
3111;3;2
345;5;2
1730;4;2
1928;1;2
2870;3;2
2436;3;2
2529;1;2
1798;1;2
2595;1;2
2379;3;1
2640;1;1
599;5;2
241;2;1
2875;3;2
1432;2;2
2976;4;2
841;6;1
1492;1;2
912;3;2
838;1;1
2748;3;2
2364;5;1
373;3;1
1285;4;2
90;5;2
2863;3;2
2777;5;2
2854;5;2
1450;2;2
573;1;2
2235;2;2
1167;3;2
2581;3;2
2029;2;1
930;5;2
799;3;2
1603;1;2
1674;5;2
123;2;1
2843;2;2
2956;3;2
3053;4;2
1271;4;2
2712;2;2
1959;5;2
1399;2;2
1380;3;2
2820;5;1
1895;2;3
1344;4;2
214;3;1
1342;2;2
707;3;2
1359;5;2
2957;2;2
2845;2;2
2878;3;2
2090;1;2
1415;3;1
2269;3;2
2866;3;2
2950;1;2
1819;4;2
2569;3;2
2402;3;1
2243;3;2
693;3;2
1226;4;2
795;5;2
2711;2;2
166;4;1
1707;5;2
1834;5;2
450;1;1
2129;4;2
1037;3;2
2192;4;2
2476;1;2
3079;1;2
2366;2;1
375;2;1
2948;2;2
2813;5;1
2154;4;2
2785;4;2
2521;1;2
584;2;2
1725;2;2
364;5;2
2201;4;2
1727;2;2
1855;3;1
2568;4;1
1062;5;2
976;5;2
396;5;1
776;5;1
279;1;1
2053;2;2
378;2;1
2666;2;1
203;2;1
754;2;2
1665;2;2
2268;2;2
677;3;2
2150;1;2
1737;2;2
2033;2;1
1994;5;2
1924;3;2
2688;1;1
2148;5;1
3035;5;2
1442;2;2
1529;4;1
1534;3;2
2938;3;2
3072;1;2
1904;2;2
2914;3;2
2405;2;1
3099;2;2
3042;2;2
2210;4;2
1577;2;2
1299;1;2
2770;3;2
52;3;2
726;3;2
504;5;1
1141;1;1
2749;3;2
443;2;1
3095;3;2
235;2;1
901;2;2
389;5;1
1541;1;2
2462;1;2
790;5;2
446;4;1
2552;3;1
2336;2;2
1158;3;2
970;3;1
2994;3;1
678;1;2
555;3;2
2392;5;1
1283;4;2
2929;5;2
55;4;2
2341;1;2
1072;6;2
1419;3;2
694;3;2
1297;3;1
1390;2;2
3077;2;2
2726;3;2
462;5;1
2490;2;2
520;5;2
2916;4;2
249;2;1
1685;3;2
2856;1;2
1700;4;2
680;4;2
2390;4;1
64;4;2
1835;3;2
87;4;2
2095;3;1
2532;4;2
2629;2;2
1929;5;2
482;3;2
2855;3;2
806;2;2
331;2;1
968;5;1
1916;1;2
17;4;2
137;2;1
1640;1;2
1286;2;2
1427;3;2
2793;4;2
1581;2;2
682;5;2
308;5;1
189;2;2
805;1;2
2247;3;2
1005;6;2
606;2;2
2674;5;1
1863;2;1
2102;2;2
1029;5;2
533;2;2
722;3;2
1693;2;2
481;5;2
2939;1;2
623;3;1
2064;5;2
1527;3;1
603;1;2
247;2;1
1690;5;2
1967;5;2
1719;2;2
2576;4;2
15;3;2
2735;3;1
1512;3;2
145;4;1
146;3;1
2487;5;2
845;3;1
2292;6;1
1598;2;2
269;2;1
274;5;1
907;1;2
3065;4;2
1903;4;2
1596;5;2
2558;3;2
2329;5;2
1457;5;2
2474;4;2
2894;5;2
516;5;2
1686;3;2
1106;3;2
2048;3;1
2081;1;2
1172;2;1
1740;2;2
3084;2;2
2434;4;1
2087;4;2
2014;5;2
666;4;2
1403;3;2
252;2;1
2744;3;1
1362;2;2
2704;2;2
2281;1;2
416;1;1
2563;3;2
2198;3;2
1338;1;2
116;3;1
1736;2;2
127;3;1
1101;3;2
2692;1;1
981;1;2
2453;2;2
575;2;2
1298;3;1
1927;6;1
2802;2;1
2149;2;2
2438;6;2
1010;5;1
1425;2;2
1974;5;2
1100;6;2
2960;3;2
2273;3;2
990;2;2
3018;2;2
114;3;1
1504;4;2
1066;6;2
96;2;1
774;5;1
696;1;2
111;1;1
1618;3;2
2316;2;2
2643;4;1
639;2;2
336;2;2
1771;2;2
1256;5;2
244;2;1
1373;2;1
1564;3;1
184;1;2
454;3;1
1186;3;1
81;3;2
1121;5;1
1621;2;2
2819;2;1
1061;5;2
1872;5;2
1667;2;2
1208;5;1
1196;5;1
1435;4;2
445;5;1
535;1;2
1341;5;2
1701;4;2
1616;2;1
1176;5;2
2470;3;2
2265;4;1
2332;2;2
1124;4;1
670;2;2
2871;2;2
1549;4;1
204;5;2
2272;2;2
638;2;2
1559;5;2
613;5;2
1187;3;1
2189;3;2
1192;5;2
2641;3;1
1414;3;1
542;2;2
2804;4;2
2275;1;2
621;2;2
710;4;2
2670;1;1
1132;4;1
2042;5;1
2140;5;2
1003;2;2
1396;2;2
1507;2;1
1772;5;2
3029;5;2
2172;2;1
877;3;2
1210;2;2
1522;1;2
891;1;1
2703;1;2
1018;3;2
1471;2;2
240;4;1
2339;3;2
284;5;1
2323;1;2
485;2;2
653;2;2
2510;6;2
967;2;2
695;5;2
903;3;2
2882;3;2
1009;2;2
2530;5;2
1031;2;1
2239;3;2
2592;2;2
969;1;1
2754;1;1
427;5;1
301;4;1
1263;4;2
2604;3;2
956;3;2
942;1;2
20;2;2
2583;3;2
3059;5;2
1680;1;2
808;3;2
2707;1;2
2109;5;2
2089;3;2
530;4;2
2131;2;1
561;3;2
2099;5;1
843;3;1
602;2;2
2784;2;2
3037;5;2
2794;2;2
1369;3;2
1553;2;2
532;5;2
3017;5;2
1508;2;2
676;5;2
1681;2;2
920;5;2
2197;3;2
2616;5;1
3066;5;2
2654;4;1
459;1;1
1792;2;2
1677;6;2
224;5;1
1971;2;2
1888;2;2
2789;5;2
1220;3;1
288;3;1
3013;6;2
1718;1;2
2714;3;2
3081;5;2
3009;3;2
780;2;2
825;1;2
2303;2;1
911;2;2
1219;3;1
2112;2;1
79;2;2
1946;5;2
1401;2;2
720;5;2
507;2;2
3123;3;2
499;2;2
760;6;2
747;3;2
1869;4;2
2345;1;2
2357;3;1
1525;4;2
148;5;1
1688;1;2
1933;3;2
1543;4;1
1762;3;2
3116;5;2
2873;3;2
2139;4;1
769;5;2
1523;5;1
1353;5;2
2121;2;2
2780;5;2
1131;2;1
1663;2;2
199;2;1
2026;2;2
886;2;1
1169;3;2
1805;2;2
2204;3;2
2585;2;2
2502;2;2
1284;2;2
847;4;1
725;5;2
1308;3;1
2587;5;2
198;1;1
477;3;2
1296;2;1
3054;5;2
1607;3;2
2482;5;2
2839;3;2
1469;5;2
692;4;2
1182;4;1
362;2;2
3;1;2
498;3;1
1957;3;1
2973;2;2
2995;4;1
2368;1;1
2940;3;2
1961;5;2
153;4;2
490;6;2
2398;5;1
1741;1;2
2074;2;2
3090;4;2
45;1;1
110;4;1
219;3;1
1212;2;2
2423;5;1
595;2;2
266;2;1
534;2;2
1096;5;2
1077;2;2
607;2;2
1322;3;2
557;5;2
85;2;2
1085;2;2
1071;3;2
2665;3;1
2171;2;1
1291;2;2
1631;3;2
1352;1;2
2684;1;1
528;5;2
489;1;1
2213;5;2
1144;2;2
239;3;1
2930;5;2
2464;5;2
988;5;2
484;1;2
2076;5;2
3043;1;2
2117;2;1
1165;2;2
1636;3;2
563;2;2
32;1;1
1345;3;2
986;3;2
2240;1;2
51;2;2
947;2;2
350;2;2
2817;2;1
2164;5;2
2241;5;2
2826;3;1
608;3;2
2483;1;2
853;2;2
180;3;2
824;1;2
2602;5;1
954;1;2
1027;3;1
1258;3;2
3048;2;2
1460;5;1
1041;1;2
1705;6;2
2906;2;2
1332;3;2
2426;5;1
1796;3;2
1456;3;2
925;2;2
889;6;2
2553;5;1
1120;5;1
1164;1;2
2753;2;1
1053;2;2
1673;3;2
522;2;2
2326;1;2
1717;1;2
2186;5;2
767;5;2
1060;3;2
1125;4;1
1965;5;2
2092;3;2
1261;4;2
1817;5;2
487;3;2
783;5;2
2218;5;2
1585;3;2
1128;5;1
404;3;2
3080;5;2
2253;3;2
1956;3;2
2373;3;1
1224;4;1
2425;5;1
2905;3;2
2406;6;1
2851;5;2
2557;2;2
1366;2;2
371;1;2
2861;1;2
2645;1;1
2370;4;1
506;1;2
2679;5;1
2075;2;1
2580;1;2
47;1;2
2924;5;2
319;3;1
588;1;2
514;6;2
1954;4;2
1840;2;2
2675;1;1
1069;5;2
842;2;1
2188;3;2
1080;3;1
2566;3;2
1709;1;2
2012;5;1
2533;5;1
1330;5;2
1822;2;2
3057;2;2
3060;1;2
1445;5;2
488;1;1
1476;1;2
2143;1;1
1475;5;2
1544;2;2
2085;1;1
190;2;2
126;3;1
1151;1;1
559;3;2
1582;4;2
2354;3;1
869;2;2
2750;5;1
937;4;2
1104;1;2
251;3;1
5;3;2
3002;4;2
207;4;1
649;4;1
538;2;2
408;1;1
1813;5;2
1580;1;2
1216;3;1
1274;3;2
2387;5;1
300;5;1
757;2;2
586;5;2
3056;2;2
2191;2;2
2084;4;2
1908;2;2
848;4;2
803;2;2
2874;3;2
2238;2;2
183;2;2
2525;2;2
1495;4;2
2872;2;2
2739;5;1
2612;3;2
318;2;1
1056;2;2
793;2;1
1514;4;2
999;2;2
3033;1;2
1985;1;2
2378;3;1
1134;5;1
2442;5;2
2515;5;2
596;3;2
236;5;1
2245;3;2
1592;3;2
880;3;1
2625;3;2
611;4;2
3012;1;2
1418;1;2
865;2;2
2745;3;1
321;3;1
448;3;1
2774;2;2
3061;3;2
1496;5;2
3092;1;2
593;4;2
2466;2;2
164;3;1
3088;2;2
1065;2;2
1014;5;2
647;3;2
3030;4;2
2597;2;2
1586;3;2
546;5;2
410;3;1
1625;2;2
2259;5;2
349;4;2
1259;2;2
1537;2;2
82;3;2
3082;2;2
2017;6;2
654;2;2
2290;3;1
1368;1;1
2295;5;1
1351;2;2
2811;3;1
2162;4;2
658;5;2
963;3;2
2864;2;2
439;5;1
2115;4;2
690;5;2
855;4;2
2228;5;2
1055;2;2
2397;1;1
965;5;1
1470;4;2
2025;4;2
1236;2;1
1842;5;2
1715;3;2
124;1;1
2908;4;2
2542;4;1
2422;3;1
615;3;2
2069;5;2
2759;4;1
1129;5;1
2975;2;2
2215;4;2
1955;2;2
452;3;1
864;2;2
697;2;2
2401;2;1
1763;2;2
3089;4;2
972;5;2
479;3;2
1467;1;1
3119;1;2
2536;5;1
112;2;1
2833;1;2
2511;2;2
630;3;2
2350;1;2
591;2;2
2713;2;2
2278;5;2
2380;1;1
2137;3;2
1919;1;2
652;2;2
926;2;2
928;5;2
1116;3;2
228;5;1
634;5;2
1973;2;2
1562;2;2
2699;5;2
191;1;2
36;2;1
773;5;2
1191;3;1
1180;5;1
1706;2;2
1439;2;2
2394;4;1
1766;6;2
2495;4;2
509;6;2
1899;2;2
716;1;2
2798;1;2
2865;1;2
2010;2;2
1809;4;2
2459;3;2
646;2;2
444;2;1
1103;3;2
1519;1;2
377;2;2
859;4;2
2182;2;2
1808;6;2
329;5;1
705;5;2
2514;1;2
1391;2;1
1653;1;2
878;5;2
837;1;1
2716;1;2
278;2;1
2255;2;2
2893;2;2
941;5;2
1343;4;2
1159;4;2
2968;2;2
836;2;1
735;3;2
2559;1;2
1637;5;2
2298;3;1
134;5;2
2144;2;2
2737;4;1
430;4;1
2374;1;1
139;1;1
1756;1;2
109;3;1
758;5;2
2211;2;2
2404;1;1
2004;2;2
414;2;1
205;1;1
820;5;2
1485;5;1
2689;5;1
1998;3;2
2601;1;2
800;2;2
966;4;1
1749;5;2
370;1;2
169;1;1
556;6;2
1624;5;2
2106;2;2
2356;3;1
997;3;2
2375;6;1
1540;5;1
2299;2;1
483;2;1
2949;3;2
138;5;1
3001;2;2
2234;3;2
447;2;1
2993;5;1
3107;1;2
2935;2;2
721;4;2
2203;4;2
2032;3;1
598;2;2
1738;1;2
3127;1;2
1160;2;1
1231;2;1
1143;5;1
1092;1;2
165;3;1
2797;5;1
95;4;1
1921;2;2
1572;2;2
2477;4;2
1301;6;1
1557;1;2
2852;1;2
2548;4;2
3126;3;2
2783;4;2
2340;5;2
1767;3;2
698;1;2
133;3;1
3086;3;2
2888;5;2
661;2;1
2943;5;2
3024;1;2
856;2;2
2311;1;1
2733;2;1
2297;2;1
2806;3;2
2359;2;1
1398;1;2
1251;1;1
1407;2;2
287;2;1
899;3;2
2823;5;1
2363;1;1
2361;3;1
815;2;2
171;2;2
819;6;2
2334;1;2
1047;4;2
2078;5;2
1976;3;2
24;3;2
2307;6;1
675;5;2
637;2;2
2428;1;1
1197;4;1
35;3;1
3000;3;2
2221;1;2
1518;6;2
158;2;1
1348;4;1
689;3;2
2977;1;2
1207;3;2
813;2;2
388;1;1
1646;5;2
684;2;2
1002;1;1
524;5;2
2767;3;2
1964;5;2
745;4;2
2653;5;1
2694;3;1
275;1;1
104;5;1
858;5;2
1068;5;2
2119;5;2
839;4;1
3091;3;2
2751;4;1
1789;2;2
2678;4;1
59;2;2
1712;4;2
788;6;2
2156;6;1
1643;5;2
2518;1;2
40;5;1
423;4;1
128;2;1
2821;2;1
771;2;2
1787;1;2
1697;1;2
1067;1;2
2951;4;2
1638;4;2
282;2;1
840;5;1
305;1;1
1836;1;2
1225;1;2
1854;1;2
391;1;1
1355;3;2
2125;3;2
2541;3;1
731;6;2
1720;3;2
143;5;1
1179;3;2
225;4;1
1194;5;1
1609;5;2
749;2;2
2911;3;2
1837;6;2
1318;2;1
1891;1;2
2260;2;2
2705;2;2
2626;4;2
2002;3;1
1538;2;1
1661;3;2
2430;4;1
1139;2;2
1402;5;2
2702;5;2
1102;3;2
1302;3;1
2573;2;2
635;1;2
2586;5;2
2452;4;2
245;5;1
946;2;2
1113;2;2
1759;5;2
1692;5;2
334;3;2
817;5;2
2743;5;1
1784;4;2
1137;1;1
62;4;2
433;1;1
881;3;1
2435;3;2
1474;2;1
2589;4;2
742;4;1
1703;5;2
2168;2;2
159;1;1
1997;2;2
1754;5;1
2840;2;2
480;3;2
1942;3;2
440;2;1
1578;5;2
328;2;1
2986;2;2
1626;5;1
597;5;1
67;1;2
1184;4;1
985;3;2
625;1;2
2970;2;2
106;5;1
867;1;2
3122;3;2
44;3;1
702;1;2
560;3;2
2918;1;2
1487;2;2
866;3;2
2696;2;1
2300;5;1
2489;3;2
2801;3;1
2792;4;2
2955;3;2
1524;1;2
2473;2;2
1920;3;2
1634;3;2
1906;2;2
1852;3;2
1584;6;2
935;1;2
2371;5;1
60;5;2
980;2;1
1329;3;2
260;2;1
1785;2;2
2849;4;2
2881;4;2
1579;3;2
1732;1;2
3051;4;2
2648;2;1
1600;5;2
589;3;2
1079;2;2
2846;2;2
1604;4;2
6;1;2
2622;4;1
1963;4;2
2618;5;2
2915;1;2
2415;3;1
850;3;2
2455;2;2
2913;1;2
1905;1;2
463;1;1
420;4;1
182;5;2
415;2;1
1501;3;2
402;1;1
311;2;1
2609;1;2
92;4;2
25;2;1
2990;2;1
2244;2;2
1499;3;2
1238;2;1
2892;5;2
195;4;1
834;1;2
56;5;2
916;2;2
1868;5;2
2498;3;2
1774;1;1
829;2;1
1189;4;1
170;5;1
1941;1;2
987;2;2
1795;5;2
1547;5;1
964;3;1
2997;2;2
449;3;1
356;5;2
1227;1;1
624;2;2
2185;2;2
1221;3;1
1790;5;2
458;6;1
2349;2;2
2611;2;2
2056;2;2
2776;4;1
437;5;1
267;5;1
810;4;2
541;4;2
1641;4;2
2376;1;1
604;2;2
1453;4;2
2902;2;2
1394;2;2
2562;3;2
107;2;1
989;5;1
945;2;2
1982;2;2
401;2;1
2104;1;2
2507;3;2
1118;3;1
3106;2;2
30;5;1
617;2;2
2610;3;2
1894;5;2
162;2;2
929;5;2
3073;2;2
2504;1;2
1382;5;2
1458;5;1
2519;2;2
622;1;2
2599;2;2
1775;3;2
2469;2;2
642;5;2
1721;1;2
779;5;2
2019;2;2
2598;2;2
1910;6;2
1551;2;2
232;3;1
185;4;2
2227;5;2
569;2;2
2758;5;2
2842;3;2
1279;3;2
1306;4;1
1095;5;2
2072;2;2
1793;1;2
2132;2;1
359;4;2
2761;3;1
1215;5;1
296;5;1
353;2;2
1311;2;2
2738;4;1
3016;1;2
1958;1;2
1173;2;2
798;3;2
1770;1;2
2169;6;1
1089;3;1
1996;2;1
601;1;2
1670;2;2
2175;2;2
222;2;1
2388;2;1
1893;1;2
432;1;1
2884;2;2
226;3;1
1733;3;2
1115;1;2
1977;4;2
2673;2;1
1324;5;2
2638;1;1
1659;6;2
254;1;1
1393;2;2
1228;1;1
70;5;2
2760;2;1
1832;3;2
2486;2;2
2512;2;2
491;2;1
475;1;2
733;5;2
2719;2;2
28;1;1
315;5;1
2663;1;1
2815;5;1
438;5;1
1939;5;2
2046;4;1
1758;4;2
2346;3;2
103;4;2
2113;3;1
1748;5;2
1081;5;2
2746;3;1
1566;5;1
2779;1;2
142;1;1
526;3;2
2567;1;2
816;1;2
1051;5;2
1483;1;1
2590;2;2
884;5;1
919;3;2
1588;1;2
2166;2;2
1331;2;2
2277;6;2
1710;3;2
1317;4;1
217;4;1
2682;5;1
102;2;1
701;1;2
821;5;2
1871;6;2
703;2;2
1986;2;2
2058;6;2
1040;2;2
272;2;1
2984;2;2
713;5;2
2195;3;2
1413;5;2
1937;2;2
673;5;2
1048;2;2
2331;3;2
1244;1;1
2656;3;1
2353;3;2
2554;3;2
1360;5;2
2165;3;2
327;2;1
565;2;2
2206;1;2
1;5;2
1917;1;2
2647;4;1
659;2;1
1364;5;2
1243;2;1
1628;1;2
14;3;2
3110;5;2
1438;2;2
2693;2;2
2910;5;2
201;2;1
2762;3;1
421;5;1
1316;1;2
519;5;2
2987;4;1
157;3;1
1599;2;2
1699;2;2
1269;2;2
2545;3;1
1898;5;2
2302;4;1
2571;3;2
2979;2;2
978;3;1
2671;2;1
2021;1;2
268;5;1
1421;1;2
2181;5;2
1517;3;1
2936;1;2
590;2;1
1209;1;2
1595;2;2
303;5;1
765;3;2
69;4;2
7;3;2
2355;4;1
1611;4;2
914;1;2
863;3;2
312;3;1
605;5;2
280;5;1
2301;5;1
1682;5;2
2810;2;1
2635;3;1
660;5;1
2755;5;1
2249;3;2
1229;5;1
2432;5;1
513;3;2
2721;3;2
2996;4;2
2289;5;2
2868;2;2
2133;6;2
93;5;1
1561;5;2
1006;5;2
934;5;2
2040;2;1
656;3;2
1441;3;2
3114;1;2
2416;2;1
1940;4;2
2209;2;2
616;1;2
2294;6;1
1349;1;2
1253;2;2
2330;5;2
231;5;1
115;1;1
2763;3;2
517;5;2
2551;5;1
1889;4;2
1304;5;1
1999;2;2
3003;5;2
1272;5;2
1087;2;1
1734;4;2
223;2;1
2224;2;2
2831;3;1
515;4;2
1367;3;1
1902;1;2
1536;4;1
1513;3;2
1694;2;2
786;3;2
1170;4;2
501;3;1
651;5;2
441;4;1
1753;5;2
1880;4;2
2413;5;1
2279;2;2
3004;1;2
1776;3;2
233;5;1
620;4;2
1620;2;2
1509;2;2
1830;5;2
2546;3;1
2335;3;2
2800;3;1
1098;2;2
1433;5;2
1615;3;2
2183;1;2
94;3;1
1858;3;2
1290;5;2
2520;1;2
1926;2;2
1649;1;2
1589;5;2
574;3;2
581;2;1
1821;1;2
147;3;1
1747;5;2
2039;3;1
2808;3;2
873;1;1
2317;1;2
3028;2;2
209;5;1
10;3;2
2252;1;2
2447;2;2
1617;5;1
397;2;1
2141;5;2
1751;2;2
1397;5;2
2351;5;2
1073;2;2
2658;5;1
1828;4;2
2465;5;2
906;3;2
951;1;2
1246;5;1
3103;4;2
998;2;2
2584;2;2
626;6;2
1892;2;2
1303;1;1
2152;4;1
2022;2;2
1678;1;2
1728;3;2
2205;1;2
2731;4;2
2709;1;2
1802;1;2
121;2;1
792;2;2
2219;4;2
2344;6;2
1203;3;1
2579;5;2
3118;4;2
3026;3;2
2433;3;1
306;2;1
27;3;1
1201;5;2
1126;2;1
1026;5;2
2027;5;1
1769;2;2
1516;5;1
1099;2;2
1035;5;2
1755;4;2
629;2;2
2700;2;2
1326;3;2
1247;2;2
1851;4;2
1295;1;1
299;3;1
500;5;1
1900;2;2
1090;2;2
1668;5;2
585;3;2
567;2;2
2443;3;2
2527;3;2
1070;1;2
982;5;1
2372;2;1
614;2;2
1428;5;2
1786;4;2
924;2;2
270;3;1
117;3;1
2830;2;1
1138;1;2
194;5;2
2600;5;2
744;4;2
826;3;2
1426;2;2
2550;5;1
2725;5;2
1515;2;2
645;5;2
1708;2;2
295;3;1
1038;5;2
2396;5;1
2147;4;2
2006;3;2
2981;5;2
1007;3;2
2685;3;1
1155;1;1
552;1;2
1357;1;2
1843;4;2
346;4;2
2145;2;2
927;4;2
2805;5;1
2740;5;1
1234;2;1
1735;3;2
1660;1;2
2256;4;2
213;5;1
668;2;2
136;3;1
1288;3;2
572;3;2
1462;1;1
2764;3;2
2062;2;2
2448;4;2
3074;1;2
975;5;1
2467;1;2
893;4;2
1289;1;2
1097;3;2
1185;1;2
537;4;1
2449;2;2
2365;4;1
2876;5;2
2814;3;2
1520;3;1
1400;4;2
1590;2;2
2199;1;2
650;5;2
2593;3;2
2393;2;1
1878;5;2
2421;3;1
882;5;2
434;5;1
1130;2;1
2024;2;2
2174;3;1
775;5;2
540;1;2
1149;3;1
1797;3;2
2686;6;1
1178;5;1
2051;4;2
1388;6;1
2912;3;2
2606;2;2
2494;2;2
473;5;2
1781;3;2
26;5;1
1264;2;2
750;5;2
273;5;1
2142;4;2
909;3;2
99;3;1
1866;5;1
428;3;1
1416;1;1
1962;5;2
3040;4;2
384;3;1
37;1;1
932;2;2
1932;3;1
1651;1;2
807;5;2
2834;3;1
131;2;2
1823;1;2
2577;3;2
2513;2;2
1375;5;2
1820;3;2
320;5;1
831;3;1
2634;1;1
933;3;2
322;5;1
1198;3;2
1502;2;2
571;1;2
89;5;2
2479;2;2
1386;5;2
503;1;2
2827;3;1
2068;5;2
958;3;2
1292;3;1
1575;3;2
2877;2;2
292;5;1
2825;2;1
84;3;2
1669;2;2
2932;3;2
2691;1;1
1657;1;2
2651;2;1
737;2;2
2961;1;2
435;2;1
2225;5;2
3050;3;2
2664;6;1
751;5;2
2857;2;2
729;2;2
1848;3;2
1489;2;2
1815;5;2
709;3;2
1948;2;2
2687;1;1
1168;1;2
1277;2;2
1883;5;2
2086;2;2
2723;3;2
957;1;2
1761;3;2
3105;5;2
363;2;2
1262;2;2
2614;1;2
1739;1;2
874;1;2
2621;2;2
394;2;1
888;4;2
778;5;2
2681;1;1
1376;1;2
351;2;2
1587;3;2
1275;2;2
1232;5;1
1395;2;2
3069;2;2
1013;2;2
1358;2;2
2886;3;2
2047;5;1
2803;4;1
1993;3;2
11;5;2
405;4;1
2282;2;2
467;2;1
619;3;2
887;2;2
1555;3;1
2909;3;2
902;2;2
1914;3;2
460;5;1
2837;1;2
118;4;1
2475;2;2
3047;2;2
3010;3;2
372;2;2
568;1;2
2135;4;2
3112;3;2
1952;5;2
2786;6;2
2454;1;2
2591;4;2
368;2;2
242;5;1
1622;1;2
216;5;1
2446;5;2
2314;2;1
1627;5;1
753;5;2
2382;5;1
2556;5;1
2978;2;2
2461;2;2
1389;2;1
1838;5;2
1024;1;2
2730;1;2
730;3;2
2607;1;2
2427;5;1
1363;5;2
152;1;1
1328;1;2
1409;1;2
854;2;2
2308;5;1
587;1;2
1934;3;1
1980;2;2
1862;5;1
1684;2;2
2771;2;3
896;2;2
2859;1;2
961;5;2
2257;2;2
983;3;2
1658;3;2
2445;2;2
1383;3;1
879;2;2
2790;4;2
818;5;2
122;3;1
1597;1;2
1255;2;2
2217;2;2
130;3;1
1437;1;2
712;3;2
1528;5;1
2457;3;2
1593;5;2
211;5;1
1404;3;2
2418;2;1
497;1;1
2037;1;1
685;5;2
1133;1;1
2057;1;2
1166;5;2
2531;2;2
1806;1;2
852;5;2
992;5;2
