"Stadtteil";"u_intervall_1";"u_intervall_2";"u_intervall_3";"o_intervall_1";"o_intervall_2";"o_intervall_3";"mean_1";"mean_2";"mean_3";"median_1";"median_2";"median_3"
"Altenburg";366,096410499119;172,644815416861;184,661764093091;535,027545076636;218,248630690402;319,075533723126;449,723962596423;197,360580262428;248,915457141149;448,703362103644;198,020637062774;248,79243938972
"Am Bismarckturm";104,729926074067;58,5012820458048;77,3926391933069;159,690926847314;73,6869548229861;121,980038253001;132,508837669294;66,9705132333349;97,5206490973711;132,453410362014;67,4219488561172;96,7875290403353
"Am Pragfriedhof";366,366527332663;184,326140477721;234,31052760376;461,037730740019;216,194733184842;312,780445061989;417,400703659144;200,053938959327;269,54535738153;417,360722580776;199,941396860736;268,623409577245
"Am Rosensteinpark";10,1067851392432;5,51899044530966;7,1724942132848;13,0138507769077;6,472222118963;9,7136584542151;11,553622125339;6,00296693399848;8,44341094066253;11,5531624086443;5,99776947200616;8,46438933165978
"An der Burg";262,03465844755;136,027156040763;156,804864238518;393,681002306191;169,566993475358;267,313436656407;325,195662112442;154,017850206878;210,786487680681;324,506842487073;154,577958516958;210,480405628056
"Asemwald";195,419624112312;100,343660598549;101,114557058658;372,584079150823;141,362355636752;244,233740899581;281,846986326852;125,513838385493;166,639175287655;282,448090622166;127,408309242108;162,899890325207
"Auf der Prag";1188,4404013791;558,625050388646;588,821872782797;1757,53655933464;705,34580332951;1061,69698682315;1460,87561436596;639,066828747447;822,05755688659;1459,86452390515;640,620316203101;815,759804617899
"Bahnhof Feuerbach";564,493350810187;305,851633733159;392,333761055443;799,220995334729;368,382189556186;588,692834906618;688,577001611124;337,726338691682;476,696659697194;691,247598958305;338,499729439365;472,803428773756
"Benzviertel";63,1440676122839;28,0796442366378;31,5717405542691;80,6022786706164;34,1425764477711;45,0538602026005;71,8927100530702;31,0953279039547;38,011962042975;72,040551630857;31,1018220511591;37,8290068336488
"Berg";654,914736525226;382,465461505867;485,345863295157;950,91080233006;451,922822891363;747,107045268992;813,132695415095;418,239438665883;601,627865919022;815,676982570437;418,514268758632;595,821606072575
"Bergheim";499,539320053744;321,399686642891;400,32841676658;839,672575702847;391,878804361737;710,408727184008;675,258750926211;359,835533933749;539,905715140039;675,904852095038;361,052655058965;534,151578248883
"Birkach-Nord";371,254304849632;208,969815679319;256,124174516205;568,35533863944;256,530489571855;424,304172880705;467,21390514663;235,787283395549;335,998811457822;466,175402286383;236,861758670144;333,298561828636
"Birkach-Süd";802,72690349709;464,975771271018;589,06035247724;1163,03282227114;553,032064594251;894,222883735436;981,549610015293;510,534523518995;736,915866465712;984,048884021892;510,718448262614;734,46901169473
"Birkenäcker";1023,26165767695;482,509665193487;553,949623155233;1409,82040042929;601,581260313097;861,190179389341;1220,28442887793;546,428351301347;703,287219820721;1221,09704030685;548,250195587358;700,510594285141
"Bopser";706,404134816684;407,587656795699;545,584628496983;974,551048821443;482,678900092772;779,903557348648;837,821297387985;447,017375661988;656,161326950027;835,722753845795;447,186908723965;654,288438368645
"Botnang-Nord";616,873253006585;367,265663873351;438,372804955301;1007,20875109047;452,454425301614;795,506077864977;812,908450440238;414,96753422713;600,124015332631;812,832091007326;417,03500265307;595,721727998921
"Botnang-Ost";672,102168970284;366,497051565974;411,608382723905;1051,37102760812;452,530194122198;736,545374644934;858,60063772302;412,965067280717;569,434294996263;856,112201278062;413,997761098311;567,404840719748
"Botnang-Süd";877,436308065767;468,676121114879;534,57100871452;1397,89463479165;596,563144218075;976,070812482414;1111,72469513764;543,967239491692;758,308065370666;1108,39890610143;546,692055990979;755,621367480811
"Botnang-West";548,013565014208;296,230121298908;343,104238655776;860,367148780515;372,686882620681;600,570034049735;702,390528775621;339,017683925533;466,591787298846;700,959322998442;340,185104040852;463,525770895243
"Burgholzhof";624,629356576188;385,381986901112;469,952315226436;977,064129211795;455,439769674553;785,67542316988;800,798625681331;421,380918969233;617,820455349436;801,432526651228;420,832140915249;614,801637397331
"Büsnau";701,487323418847;315,631807198991;322,889202433706;1063,63235353573;414,488023187772;603,455769894765;872,336433638147;370,938995522139;462,724570839714;873,135537620502;373,471022401078;460,175534378161
"Cannstatt-Mitte";1156,28033753409;492,33559976751;484,643166805049;1744,47661484057;651,727570907501;939,831591752389;1439,71533216753;580,833672593492;707,450995238981;1438,81563992156;584,999750902523;705,120702044608
"Chausseefeld";339,507802586272;145,629874448923;139,614024071727;525,102009217209;195,04466992766;287,379337574164;425,900078585156;174,955807890318;211,144113524525;423,420030913821;176,613802076694;210,803573101308
"Dachswald";1273,46478302617;579,551077739391;614,46976167925;1867,88325878223;747,263637353277;1087,04245033443;1567,02126079832;672,527821109034;841,450918092642;1564,3111610027;675,723022548172;838,941510694323
"Degerloch";1836,0715684537;1130,63989098109;1539,47633627734;2692,85549598923;1337,52915974377;2288,4107823907;2275,58735092927;1240,5855046074;1877,82714446333;2280,4856728837;1241,09178331652;1867,35089044487
"Diemershalde";583,204418818812;324,389570537687;406,462493939117;823,610452145699;384,90959909464;618,67406956181;701,09123826801;357,061828706392;507,846933025598;700,29014937018;357,116943026343;509,208594908354
"Dobel";1151,47867966296;615,760884830002;689,220885178046;1746,37400469608;750,972862143872;1198,83637294594;1426,46357572636;689,471321689513;946,065102584128;1427,74654070436;691,107445268037;943,106759029717
"Dürrlewang";689,369815657189;502,790242874403;702,751962913106;1165,54473440167;588,929303950513;1155,92429516564;924,067600317789;547,354727163628;908,577672518584;929,306393425732;548,147580616646;898,243856740501
"Espan";1137,69642746245;509,783639897379;506,261636247619;1856,33937013368;694,040860290318;1067,292342798;1503,5517830017;616,315666918349;766,132550079951;1503,9868721464;621,304539366729;759,338031606547
"Fasanenhof";1609,92057390003;715,359859818474;739,570013741651;2376,21150432384;932,000511218493;1337,15777394542;2000,35387815759;832,126052887966;1021,52006895444;2009,32629505224;834,520982426884;1012,80012571758
"Fasanenhof-Ost";18,505436911979;9,23292207102567;11,1841064853515;25,3561515116677;11,3231151946117;16,4575401421965;22,0542530656137;10,3612474103629;13,5844995240233;22,0775664776228;10,3887103003803;13,5545101868639
"Feuerbacher Tal";1368,05691633824;618,416986087624;699,581569418257;1831,8084472426;767,08851667547;1051,13114467279;1597,9767882765;693,855864339751;877,167347383753;1593,73428000298;693,930723794224;875,262390324097
"Feuerbach-Mitte";1825,53735394045;860,34375012058;915,333862346763;2721,26893496434;1092,28801934266;1627,49505292519;2269,36506046858;983,564593061854;1257,07034646956;2264,12460692767;988,188522755501;1258,7754652344
"Feuerbach-Ost";142,900729725934;63,7667137697019;72,7683774242335;183,81129059255;77,6578282905074;103,458567506468;163,454277045339;70,6363225799645;86,9094003746965;163,490882199297;70,7345272233607;86,6323541914643
"Feuersee";1436,89444187204;972,274868803344;1342,69458671884;2180,63081852856;1123,64544116238;2065,2815643361;1808,85462765381;1047,29871190516;1676,84666044103;1817,93664243999;1045,6483531827;1663,49658667162
"Flohberg";215,366999114223;148,050733636304;185,55849291434;373,660398506534;176,909872886011;332,095759149307;296,905151170167;163,620142931094;252,474705898739;298,689880189705;164,003920579359;249,101540034966
"Frauenkopf";162,906732344384;85,5089298567483;105,373428024997;247,735495341048;109,275934776057;173,026851964523;206,322997513731;99,1043965874438;136,572605898825;206,537741885304;99,690688052949;135,71571952316
"Freiberg";1546,18838054761;817,849803679607;925,690711936875;2462,77856062753;1033,91864608574;1696,44624749039;2011,3751141072;940,079910669315;1263,54497522348;2015,02958144432;947,039960488011;1254,09784020801
"Gablenberg";2532,11056600768;1432,9327550029;1808,0692046252;3627,28871099653;1710,49851150006;2788,61679790123;3069,82355679582;1578,72042221052;2280,45602099366;3064,52590556581;1579,92143450557;2280,60372188441
"Gaisburg";1979,3641098599;1159,8923944532;1486,35627271223;2903,30104855266;1377,53723628893;2289,29013669515;2476,49711496535;1271,8623199601;1839,64056507455;2480,17424116964;1272,83148776981;1829,2783724086
"Gänsheide";631,807291389509;449,145115064958;617,462895510542;1077,77306459006;537,243902967846;1030,61430492302;864,219659919709;497,418637163613;798,361702916678;865,952734995962;498,362254139776;787,842021942762
"Gehrenwald";637,693450046789;368,1027693566;402,676224294389;1099,73655331355;464,866444405837;810,062639414827;890,621078109237;419,93944878439;570,439473106372;897,451438732428;421,57690186801;559,191565703896
"Giebel";1137,11734439434;597,047995475137;669,748806326331;1775,53667084396;747,909751471388;1190,70973770312;1452,29713450608;680,300015668509;915,402849825411;1453,63747606683;683,327816247474;910,092745966866
"Hafen";15,7713800383834;7,61328032637632;9,16280237366258;21,0233646750003;9,27809462798435;13,267363374109;18,4422363797468;8,46250082860228;11,095262791651;18,4831352915809;8,4691071181043;11,0363738887279
"Haigst";310,264246009201;221,148032606036;299,345272915573;519,929432190941;261,548269448595;503,177310826228;417,281447653069;242,101217801496;392,617334545435;417,495378074142;242,094945521363;389,22133732101
"Hallschlag";1910,00682523684;853,790349452555;898,709439372349;2811,56187158029;1102,70998332255;1627,28375514897;2346,32950537356;991,066708187531;1244,60378643891;2350,49464011744;995,407546891178;1240,45096311927
"Hasenberg";997,391519487916;623,104205655279;781,172030223799;1531,56945639267;730,175935870972;1244,55999802953;1255,09715478205;679,090285201371;1016,81256001658;1253,56347555386;680,07655330844;1015,63666172608
"Hauptbahnhof";60,1931202475358;32,9334947975115;43,9236220834707;74,9680503553813;37,8303356565178;56,8820985624827;67,4211353759076;35,3449717541953;50,2338928698972;67,3219299416147;35,2814616453521;50,1011406706898
"Hausen";966,752560911049;382,223198126322;367,275079800385;1421,35765967586;516,92259257305;701,873755115414;1192,41332815662;454,940669606047;523,646002237335;1187,94672916648;459,074953327741;521,692626336599
"Hedelfingen";1314,8920793716;670,336307627938;768,654785848841;1968,89175039191;836,313679826635;1294,27555272952;1642,29048372032;761,78974549346;1018,91977078622;1642,13754300714;764,447150348669;1014,61264410103
"Heerstraße";1028,00434080331;674,925795158947;932,805366688841;1574,11570928178;795,948455071117;1415,9388841973;1300,36122023018;738,742682883653;1157,89609688617;1302,03747028681;739,766408246122;1151,9824617693
"Heilbronner Straße";642,695214273941;331,579598835032;403,965458580381;867,691615483312;395,877854925046;586,651226987509;758,022074949259;364,093384272751;490,884540777991;757,417187365253;364,307201595319;489,303158251736
"Heslach";2730,812529655;1632,14860715335;2231,76075182436;3877,59041707436;1919,73034173014;3234,15002066923;3315,25767493278;1777,6455156051;2689,09680946211;3312,88695978683;1777,74292637819;2688,86813654452
"Heumaden";2119,84035757268;1021,45040968957;1108,20101269409;3254,76329023469;1330,58604670172;2009,57385520495;2684,3621235487;1192,98369298767;1540,65418346363;2674,00690976321;1200,47090405127;1538,18748348459
"Heusteigviertel";909,064039217769;558,995308593503;751,881607256632;1313,02450966667;653,251528759455;1122,25960742897;1118,25403971719;608,303499508117;921,44246077469;1118,82930326402;608,175008081252;914,456038555401
"Hofen";1120,77853929023;511,56163693558;566,933115341811;1601,41585271288;655,59832095189;932,116610965063;1374,30017918981;587,170938050063;735,528882760131;1371,9318188059;589,111868864741;731,611947492227
"Hoffeld";509,844264717025;303,48964930269;379,05038670286;802,207688579049;371,058332752441;637,593209331257;655,456111054362;340,412361109114;497,131527836524;654,135213881773;341,951502525766;496,714590084522
"Hohenheim";181,849092904674;113,420045850552;146,856046747453;257,380790835942;130,409381734251;219,27464460066;219,008655526511;121,670140683551;182,321203789938;218,369508711889;121,60299709082;181,970390174244
"Höhenrand";608,108290065248;307,338417208586;343,929442439915;880,47770456467;379,497170328033;574,848216177079;734,621733664201;347,238914131032;461,139352204768;730,962975698868;349,135018626933;462,267089742883
"Hohe Warte";1044,12749746887;501,598413650202;546,123860359448;1578,79020477091;646,575866192774;973,14148272772;1310,48363328234;580,398590565135;748,117776152526;1310,52896605512;583,78981324539;745,102858001853
"Hölderlinplatz";935,575862683521;718,93599093938;1150,16869568471;1471,26406414958;832,231397004897;1689,23087036145;1204,55911938293;778,062986356837;1401,37789426023;1211,09266842368;778,182106916074;1389,94317703151
"Im Geiger";1023,61834263421;537,010794913334;583,664540299484;1613,78944431772;674,617836649214;1073,50537265933;1315,01753516084;611,163757294422;816,818707544733;1306,23938867676;613,598767541216;817,789777903615
"Kaltental";1417,18884423439;785,407291434555;973,622075602454;2072,00664445268;954,09155734969;1517,07156000277;1749,97653508738;874,595944412367;1224,42752050025;1747,73966373348;875,639811139346;1219,88112618442
"Karlshöhe";1363,88939749797;808,36286194767;1032,63875954351;2008,40810291745;957,428973420189;1607,36536840628;1706,91359490896;884,977432194469;1295,10897289657;1719,56073285466;885,824583647882;1282,07660699526
"Kernerviertel";1461,02519066183;846,321218383172;1067,12963853118;2113,2456274059;997,922191258005;1632,98433696324;1784,39583452633;925,602995438494;1324,00117003517;1780,9051608347;926,349168874227;1317,38403890362
"Killesberg";336,360812428572;177,165430503237;217,736602551341;472,387840782092;216,525151548309;327,460376855326;404,396678771046;197,047813456405;269,555507772548;405,822760741702;197,59337646426;268,384738567868
"Kräherwald";1479,3855474231;794,147687801399;993,266312867225;2082,38977329407;963,388466780127;1487,38539254259;1770,03217916889;885,469474005803;1235,49834682531;1768,09604016323;887,094498835814;1232,83256774012
"Kurpark";1257,84932160148;732,681642586341;880,861260789333;1960,00909234373;883,954069185648;1504,13880839427;1613,42350012414;814,818986169966;1171,75751370589;1621,49691485495;816,959632738724;1160,40221289427
"Lauchäcker";697,31771700922;379,762578146068;441,425026060121;1055,95952781977;466,016743251687;742,21586519828;880,412847200021;425,32866318256;583,258489617419;881,140220584277;425,641063356906;580,352669949759
"Lederberg";136,238148645135;71,635381304363;71,3666064828978;253,936195238329;98,8388837562642;167,382558180884;195,000424354591;87,8941689523118;116,105406693097;195,456765846289;89,0513687084481;114,110356845493
"Lehen";3412,46435816035;1543,49911527564;1653,27194227128;4709,27355031503;1911,24762973408;2707,22653125585;4045,54239456553;1742,51547993106;2178,94212550341;4043,5992362367;1744,66276918352;2179,59355762741
"Lemberg/Föhrich";1906,25526010719;960,244742785175;1205,58495099317;2519,45818665322;1161,00377573921;1707,57756870653;2217,08791570274;1061,87239596838;1445,03968832888;2216,80790222421;1061,85721838564;1440,54832570388
"Lenzhalde";613,755102721472;346,435504066146;441,080017323501;895,036970323018;417,461558999134;675,915491581937;751,852986070287;383,814328767278;551,332685162435;753,588681303164;384,303360803617;547,064724902622
"Lindenschulviertel";290,868617915308;146,554202449555;176,702131458531;384,71635682746;173,938367877155;253,335134618244;337,176642222997;160,400832809136;214,422524967867;337,611489119568;160,521874035666;213,687130389333
"Luginsland";406,974375505299;320,19084201157;431,592744434084;796,98126853271;387,027230063768;812,087137779288;603,345730024033;357,303395648557;600,35087432741;602,087035088423;357,904133408807;593,667453084974
"Möhringen-Mitte";1637,73789912463;926,5501261418;1184,36230498776;2319,27351546178;1103,81045469302;1763,75986521622;1997,70476141144;1018,84200424314;1448,45323434542;1998,41067686575;1020,55725121857;1436,72859983806
"Möhringen-Nord";638,388126262867;413,474608968051;585,053223350833;973,388342489485;492,728359891696;886,58688808433;812,580187995512;455,933681750312;713,486130254176;811,549534453828;456,697177786268;708,193771513261
"Möhringen-Ost";1288,60855505448;710,080855722908;818,149649747669;1985,82875616677;879,598819706978;1426,54957340709;1650,70891205741;800,594840127856;1101,69624781474;1653,749062821;804,087018915819;1094,29386987848
"Möhringen-Süd";747,531970347724;389,396233629618;471,632483490049;1093,08572605155;487,206173707122;751,193105126399;923,606239134286;442,264777829199;603,128983036515;924,170581582383;443,758110545014;599,865828582514
"Mönchfeld";523,351856013089;321,005067421669;345,707486936883;999,719870465955;408,386048811697;765,141447307551;769,513406324061;373,397447353932;528,089146322007;772,21626781705;375,704092584788;520,16989816968
"Mönchhalde";583,499185199608;349,844709932463;452,201146619616;893,288104917392;422,599155821467;719,209062287719;737,960644478865;389,341535421621;574,697820099513;738,036198708871;389,78956111036;573,980268137597
"Muckensturm";721,296197751965;313,222624198029;335,701578387036;1061,49371128069;413,105858477708;593,14257018809;888,843553355201;368,554160720865;456,602285923934;891,938579701878;369,446160152053;453,365632176995
"Mühlhausen";748,457657468731;419,789549260897;498,196377195666;1145,98211565905;511,918664591079;837,521842908661;954,628957698425;469,913999047135;650,45704325444;955,630323182644;470,743377726639;645,522182088076
"Münster";1737,71060882501;763,321389555649;848,937001390375;2369,28573279759;965,686747777088;1313,8697673912;2059,08687967796;867,044327530034;1069,86879279201;2055,57081168293;867,793054342325;1069,01677354636
"Neckarvorstadt";1194,10424217751;527,010771116013;611,800421322765;1523,33662500633;643,377167359392;861,506041771792;1360,46796014794;584,736851590807;729,795188261255;1358,92027978418;585,233153575234;728,392408332659
"Neue Vorstadt";390,562573030055;218,523225276701;285,041231397771;520,634806903762;254,013715375723;395,618696547281;455,347351047143;236,581601581236;339,071047371621;455,212455316884;236,38958630109;338,550191539005
"Neugereut";1601,85700771948;922,50280060321;1023,99525019834;2796,00532220707;1171,41647796114;2036,93226736711;2208,68522233408;1065,59205592153;1478,72272174439;2207,28092771918;1074,5014043454;1464,55869651465
"Neuwirtshaus";166,134234332318;82,2426513407387;90,4571190294491;256,499844825012;107,084686718936;160,936707999138;214,081091097488;95,5531087936899;121,365800108822;214,574281439871;96,0705036265446;119,905546894481
"Nordbahnhof";533,191323490215;269,492431113882;334,276303825257;698,469185015181;320,034871687557;469,920880950482;618,283995249626;295,018761673397;397,697243076977;617,595455248333;294,876492805266;396,091985594368
"Oberer Schlossgarten";105,779822987179;58,7973714227908;78,4175889582079;144,994542134546;70,6478785261625;112,198584591214;125,749055024575;65,210321167366;94,0406238080591;125,739842391281;65,2371544657824;93,4913112986935
"Obertürkheim";1102,96738453829;728,409129596474;996,150214037423;1743,25837413222;861,102368734374;1586,23750259933;1434,11611352465;800,360178271267;1261,52370820408;1439,27533474837;800,385076655183;1250,04698197195
"Österfeld";302,925819932621;211,575119447967;312,712246903898;465,621146028234;248,922985905386;466,055530853107;381,87207181527;231,675616645892;386,452311538838;381,181845785533;231,811386443054;385,502173396009
"Ostheim";4001,54683487;1769,79663857141;1870,26467380803;5725,61166264719;2259,43725251876;3211,75847027955;4832,4024914891;2036,17983330791;2533,41767520299;4828,48392215522;2046,74899093817;2525,82674063021
"Pfaffenwald";1349,55496426335;659,03661502392;752,805768518431;1760,84035851442;780,7126405683;1088,19372214492;1549,8246414334;721,521440080507;917,653918486088;1548,71389339945;721,772636659722;916,433235081059
"Plieningen";1841,43987712346;968,832229739859;1144,47001416713;2694,33244631141;1195,13218498729;1843,9079857877;2251,75166522617;1092,76171292241;1489,48662185142;2246,82004600456;1096,91426178195;1487,23368393929
"Pragstraße";113,081849655908;47,7257589777474;52,3793156190003;145,982458301087;59,2310426599676;77,1964814161115;129,727885327403;53,3373699960025;63,9347446765946;130,053293131869;53,3647604697973;63,4873191822719
"Rathaus";1107,82047306332;550,790463615604;645,226032676949;1546,02912638676;671,927111536471;1008,02867640775;1324,36618870192;615,953462264011;818,680349034071;1320,78823802972;617,401653314421;818,465745981925
"Relenberg";1411,55361782847;781,759244926225;962,195202069119;1987,11468902901;926,647506973649;1452,12963417393;1689,37300661917;856,367224697499;1208,25976868333;1688,72250618101;857,554475417979;1201,78058137817
"Riedenberg";1245,64047012074;713,524451705124;876,530377084342;1913,02506884544;867,340484259563;1444,24271539612;1588,76986387991;798,758115330383;1139,4720207897;1590,58368565367;801,181477004048;1130,17901206195
"Rohr";1599,28751327819;986,745325713984;1190,75517417773;2631,99288641325;1198,94088540034;2098,50582283384;2109,54019556834;1103,42798985089;1619,03181458076;2114,22298550284;1106,57196334028;1605,32391418784
"Rohracker";792,479628367354;429,458295999589;518,805392237144;1171,15140980428;527,07842114083;832,020416748465;980,714423271425;480,882827187662;668,402749540913;981,701749190086;482,793957616935;665,06993640385
"Rosenberg";1945,2323020178;1450,67730662736;2218,77165800791;2989,93870965165;1664,05670717447;3281,90573270627;2482,18600952842;1558,1975897072;2719,61640076438;2483,85239804615;1558,18496708044;2705,6155609017
"Rosental";788,877558062431;420,815726034177;473,692984335606;1239,71848917699;527,766600975168;856,370945321948;1011,81663618794;480,841697451672;658,341666360387;1009,23075569595;483,060241645519;657,203220711317
"Rot";2607,34979762055;1207,51134080842;1343,61914504067;3770,70505279374;1537,11717769667;2223,44866341793;3196,28281664795;1385,0266251085;1760,69055824355;3194,49584267243;1391,47153013411;1751,84467663281
"Rotebühl";2848,91555139738;1687,64894857632;2165,9134359662;4085,83356955674;1966,3201676647;3266,79070869566;3491,38452782311;1829,43674549149;2673,1787266854;3501,80761094982;1828,64856380107;2657,94956795757
"Rotenberg";160,441663029438;98,5951635379425;126,608482082888;250,064718102339;118,54895914642;206,857779265117;208,021892776959;109,328412105021;160,64969511802;208,5741599718;109,572622285839;158,529946133046
"Schmidener Vorstadt";1770,41007695612;742,732193249724;772,159838508339;2454,26067940184;944,733773575466;1284,9246893143;2103,33054848924;848,451784347386;1025,21766716338;2098,83136825307;848,86980331921;1024,90211129404
"Schönberg";288,506490226048;180,083224981235;224,83761277793;473,127756004998;218,643467390996;391,665691102683;381,46313534219;201,425309145233;300,111555512577;380,875178796652;202,078586511123;296,780357881247
"Seelberg";2324,72109899253;971,398824247861;972,773867033836;3414,82231482709;1282,97152138758;1801,10026423006;2872,47896519024;1142,5372665691;1367,98376824066;2875,25223447893;1147,10038998258;1355,92736841134
"Siegelberg";176,571681730535;82,570104291402;94,3346461770967;242,177600202763;102,688949843076;145,323288234049;209,760582953415;92,8423116536902;118,397105392895;210,009475852744;93,2383119345523;117,201667912905
"Sillenbuch";1495,69067383293;956,933799523571;1261,68777016528;2341,48290021176;1145,41151138705;2024,42039988253;1913,81278182522;1056,5685980592;1620,61862011558;1903,64067610194;1058,59129189522;1614,40316168469
"Solitude";20,4735055909535;9,81172100780621;11,016165444916;27,0312573781466;11,6541825125308;16,2647642651327;23,6769054331777;10,7021833209698;13,6209112458525;23,7126787295255;10,6798244324178;13,5974784272445
"Sommerrain";657,339090137385;380,943402949695;425,729784328178;1149,91166129877;482,532492993726;837,31848366627;908,092003518608;438,140324973935;615,767671507457;911,941418651775;441,482439478293;607,168937633603
"Sonnenberg";553,125618555661;443,386968475522;655,727039162194;991,867323852045;524,734960313005;1099,85997897944;772,771748131179;484,893088853656;853,335163015165;776,895470862212;485,062668426398;840,19005783112
"Stammheim-Mitte";2103,43723676783;754,560640769802;703,343409667072;3047,91126591862;1057,52698529113;1374,37228046408;2568,23548298957;922,569357978547;1029,19515903188;2575,62096669236;923,57259974422;1011,91482083659
"Stammheim-Süd";1480,72406562579;575,464731135488;555,902669310279;2212,10222024215;798,097104756452;1097,44501655167;1853,52968400709;696,372396135169;800,09791985774;1856,17488243836;702,102489205207;793,664336457778
"Steckfeld";422,825048394747;291,0930270498;388,014117439443;691,331805412437;340,436028639348;640,3655316947;549,842923362816;316,375398445681;508,781678191503;550,439664533229;316,142747739428;505,984803896156
"Steinhaldenfeld";932,246808647566;358,391559493732;339,239142245071;1396,16211171374;503,380345533245;679,547629829181;1159,07416207492;438,519117417329;499,406720507755;1158,75651906088;441,3772211786;495,125204833329
"Sternhäule";62,2037990565685;32,4575365253468;42,1221357312587;81,6155669873964;38,3496213759257;58,2077935386011;72,2114861711205;35,3859021098713;49,4026117190082;72,4073802164591;35,4226037038777;48,9984261903166
"Stöckach";1376,45585034647;688,559170971636;829,055059468174;1856,5698080198;831,055483842896;1217,1698273633;1618,13439221765;758,016104996553;1013,8495027858;1619,19138223744;758,393989121287;1008,13688805423
"Südheim";1229,41330169975;720,621231607214;956,598011156292;1751,46421020847;852,16542709161;1400,03379345097;1495,05393543734;788,654154092566;1166,29191047009;1494,40518619539;789,309168619674;1161,58519263493
"Tränke";55,8450320548758;32,8108133886655;44,5915978173275;78,6674722569717;38,8064594561047;64,4596404439707;67,8852212917071;35,9335037400022;53,1812749682907;68,0514309217022;35,9422159268757;52,8043103894701
"Uhlandshöhe";631,301310871349;347,529409386669;423,023184356737;936,789556154604;421,374794809253;682,862189876715;785,465236327116;387,576783637208;540,957980035676;787,669856707983;388,062827626685;537,137107910545
"Uhlbach";796,909166164762;327,526519877209;324,219078579439;1191,66397221509;444,75676445519;620,743150185842;989,195994326642;393,33329516189;466,470710511469;991,103343905052;395,841378134258;463,182246870115
"Universität";165,079196703524;100,080850675919;137,800588184026;225,733456422349;115,983802767871;191,379100593913;196,55710013632;107,772737306423;163,670162557256;196,320825854893;107,727733232686;162,810056748649
"Untertürkheim";2114,50171675917;922,752130440458;1012,41290457258;2874,10185789137;1161,88227473155;1602,34822360034;2498,65712536567;1045,4943135894;1294,84856104493;2508,09514513888;1045,81967852017;1284,49571729854
"Vaihingen-Mitte";1055,27323386122;862,39107745149;1381,34206799512;1781,66032740396;1005,85314034439;2146,57162249739;1414,14277776283;936,111330060926;1737,74589217625;1419,54989097309;937,662974349303;1726,88868360931
"Veielbrunnen";744,624938122194;267,273854342403;266,979872103319;960,62239500468;341,960729488751;418,317481160085;846,248880944172;306,318237197766;342,432881858062;846,788131966953;306,823274442202;341,591913886887
"Vogelsang";1795,92490522598;1341,20820222566;2108,31212704579;2723,2074910691;1541,44932098296;3038,63023517985;2265,99698248711;1444,95079600702;2540,05222150586;2266,37785772621;1444,28766136034;2526,11651415552
"Waldau";632,185647810995;382,749954580111;493,763332651987;968,664515438996;462,669131473602;788,704513271586;804,589540853009;424,923539805091;627,4869193419;805,524168381677;426,282389021345;621,202220390331
"Wallgraben-Ost";96,7456914867759;53,2768419790854;69,5664758087231;127,99015470584;62,6438997653892;96,8698783402889;112,244103471435;58,1742829112719;82,5816136172927;112,383941997362;58,230538805446;82,1826683819473
"Wallgraben-West";106,414253218568;60,9675795216242;81,1990858377459;146,223035280735;72,1762275854643;115,91360662198;126,132512345048;66,7590886333382;97,1083990216139;126,494756503206;66,8789644872357;96,4151465500496
"Wangen";2515,89253192678;1070,93312147468;1157,89286232184;3473,04942544313;1363,67587062473;1872,89016079593;2987,60821373289;1228,2422920778;1499,14949418931;2988,04041745289;1231,27232109117;1497,35858089523
"Wasen";21,5585918135903;7,5196130465001;7,69696494843512;27,5543256752738;9,89927301216854;11,8146658936783;24,6815460919607;8,71411144982397;9,60434245821533;24,7450443225302;8,71638052431719;9,5509765711361
"Weilimdorf";4402,9337580237;2059,24452028083;2325,37521708663;6280,94559162983;2603,87620789483;3774,97009939803;5390,83029998;2347,38561720573;2977,78408281427;5385,76980311705;2353,36727683739;2970,33289675478
"Weilimdorf-Nord";175,804713300636;71,6442342625557;70,2900651732914;247,845930361373;92,5104702145701;124,375849325551;212,132292258711;82,6417683461147;96,225939395174;211,914983338926;82,90243564659;95,9185966046052
"Weinsteige";391,784955799099;279,725414498741;396,307269189823;657,488360780626;333,965147555785;654,997669846601;524,361155200663;309,570985164202;512,067859635134;521,994025663398;310,304495255238;508,977271938928
"Weißenhof";624,405151412698;332,853938803233;398,67813850156;903,978502658841;405,399822783231;634,255534457208;761,618515786212;371,551081061577;511,830403152211;760,663213794271;372,074670227517;508,750748671642
"Wildpark";2,38475529314321;1,20512177729885;1,37623906622458;3,37024035680329;1,51784258367998;2,15733052737317;2,8752877601039;1,37373144878287;1,75098079111322;2,86913536133811;1,37830027290673;1,7405285816312
"Winterhalde";1099,85841331855;480,69909871764;499,843273256369;1575,6647690975;614,658271847769;876,811517323089;1339,78937734208;552,808354816875;675,402267841043;1342,76022520297;552,942597136896;670,262575592424
"Wolfbusch";602,765995757297;348,360204748654;384,422177740879;1013,4517805225;435,938798223765;737,561777305524;808,674672426531;396,839024869266;552,486302704202;809,184915398824;398,473075756926;548,762436993357
"Zazenhausen";526,000434164983;256,803264888575;289,089698415196;760,84251286617;320,338746766658;476,422350684981;642,266223512552;292,049414392711;377,684362094737;642,542087162246;293,171453704585;375,754943643742
"Zuffenhausen-Am Stadtpark";809,4537637247;394,374673619103;470,518399820172;1118,0077050372;486,412945609122;719,082323138201;964,296236961049;442,74702427799;581,956738760961;965,910440329473;443,946090634591;577,544873150639
"Zuffenhausen-Elbelen";155,793578951689;71,3240105580916;80,6290886516899;210,431323091305;88,2173919134876;123,956141584884;182,903194306603;80,0811394910313;101,015666202365;182,672282768928;80,1587982769179;100,775882498186
"Zuffenhausen-Frauensteg";419,382855799183;194,406558498172;223,398611890358;569,575612768312;238,298074261251;338,735404814825;497,105281607881;216,908676174729;274,98604221739;497,685822171567;217,381185253101;272,892714163609
"Zuffenhausen-Hohenstein";977,774763478178;460,590070220277;525,823871189257;1342,63714121929;568,081310784399;817,284953066799;1171,6847532597;515,539925115034;654,775321625268;1176,17665821943;516,865285898474;649,557116339465
"Zuffenhausen-Im Raiser";199,438838511623;106,121242525052;123,099080948519;290,792327845723;128,899240353062;199,590241743838;242,957404510573;118,151633277487;159,89096221194;243,025853309467;118,512460133019;158,641725775555
"Zuffenhausen-Mitte";1961,77722963832;883,51234440514;963,422746918467;2730,97549135222;1111,41372073549;1575,25509457139;2349,9323290937;1002,54739947237;1254,52027143394;2345,80400354787;1004,72882888566;1250,30008870466
"Zuffenhausen-Mönchsberg";1040,53932188018;561,004397312517;679,658584776369;1557,02954828622;691,573634077633;1103,36115566567;1310,00714872573;631,192889640303;866,799961633969;1315,14540425014;633,004909066993;860,865917955237
"Zuffenhausen-Schützenbühl";446,474553461883;192,639717721706;204,812663332114;632,152920129946;249,269928582653;345,939027886224;540,513160633332;222,663547944836;271,823291421832;540,693334569167;223,637456159886;270,056790482634
