"Stadtteil";"u_intervall_1";"u_intervall_2";"u_intervall_3";"u_intervall_4";"u_intervall_5";"o_intervall_1";"o_intervall_2";"o_intervall_3";"o_intervall_4";"o_intervall_5";"mean_1";"mean_2";"mean_3";"mean_4";"mean_5";"median_1";"median_2";"median_3";"median_4";"median_5"
"Altenburg";284,445658124944;398,350427298163;141,364460029677;30,4432038308773;8,05139587087502;316,899434340685;414,666827698405;154,603920562571;37,0868241573697;14,8002766259165;296,695712071687;406,316389064495;147,339562523497;33,8265199815;11,8218163588218;292,01708364683;406,090226201213;146,581176908642;33,8988799666488;12,2876753122641
"Am Bismarckturm";121,608300109831;113,946775929859;27,3932724608942;5,86465457250683;2,07579704704778;147,303213686801;128,169216956002;38,8526536614804;8,37256907656912;2,53258437847777;133,042404922327;120,986603488867;33,555061798974;7,07883417858931;2,33709561124272;131,379637891752;120,902611778203;34,0634132551936;7,03203694806147;2,37580725651325
"Am Pragfriedhof";283,346238688242;383,063098495291;107,397893517837;23,6258795550737;9,016479369511;362,488103012129;404,674464418042;155,39779707088;34,5650204533245;9,784186301287;327,457317473309;393,512968674683;128,357554943382;28,2624407396267;9,40971816899862;332,79866644169;393,094365401762;124,780742765763;27,2824298401298;9,42075973793933
"Am Rosensteinpark";8,28470597093984;11,2142717270791;3,01685842709056;0,674965840083097;0,244535132254143;10,8129140033461;12,1287671960095;4,40612460604223;0,945621418804799;0,276518972117485;9,7147370354017;11,6120349859811;3,6310922224191;0,782101929517602;0,260033826680476;9,9099453274708;11,5420532500245;3,53650481753993;0,748935223721901;0,259453561380078
"An der Burg";252,423432207327;294,379402913397;84,524705834768;18,2424229755296;4,78851955522133;283,489830809575;309,969263652485;98,0258021152076;23,0666868808839;7,87956774638461;270,652001898398;300,276257973309;92,2388176044655;19,9944324381324;6,83849008569565;273,82302588657;298,043228197271;93,3724218744391;19,2178177439274;7,43195647968703
"Asemwald";290,892065328955;201,041334685404;46,2739042017322;9,02234978169528;2,32588591114944;314,155225120908;218,448775730321;51,1573869367606;11,0070347092908;3,97628708369682;303,233623678503;208,850594063261;48,7865130505929;9,8224599859839;3,30680922165962;304,068892447411;207,798286834317;48,8698865580593;9,59630438656137;3,49001242664373
"Auf der Prag";943,132352519118;1240,41784498229;336,243353469872;75,2717792218311;29,3520843496384;1239,78518300473;1330,57957236662;506,402545937037;112,533444827588;31,0532838216116;1099,1389135136;1287,77033656803;414,108107215853;90,8398039410732;30,1428387614415;1108,17437910381;1290,44283997223;405,620057230438;87,2365003132655;30,0724324976961
"Bahnhof Feuerbach";507,250777513132;665,641921693502;203,981850616309;47,7502995408464;13,2802954406163;566,370793835112;688,129714254544;244,069944963872;56,6012437045562;20,0852011276434;531,692124675961;674,088610201296;228,675454605707;51,0469378341187;17,4968726829183;525,670170560476;670,797777527499;234,145521447608;49,7188980828451;18,4546660932576
"Benzviertel";34,9529732617095;64,0389483093625;28,1561572412751;6,32885077888012;1,82418065349254;39,7969851944061;65,9122054070266;29,5468414460227;8,04536662671502;3,14839380138181;37,6361462627071;64,8397474796484;28,814959065332;7,16835223038716;2,54079496192533;37,9434015975887;64,6799482107705;28,7719705026063;7,14628579225726;2,60492170838199
"Berg";450,465211803494;832,78958931013;333,50943495057;79,3925828695883;21,4913603499193;554,507218258412;856,74048506999;393,049112834385;104,772828558563;36,7585307242336;503,862196484854;843,270246160149;364,583870116858;89,5539855381549;31,7297016999843;505,480998195326;841,5116684779;366,118689204364;86,579020625307;34,7941207151701
"Bergheim";521,275587223814;653,193933561045;193,522160400209;37,1154323536306;14,515546968861;675,897053095064;723,498531629757;257,779408631912;61,4491060999653;21,9446337216801;580,480157967993;693,839394958303;230,852555636363;52,2144046334382;17,6134868039016;559,178790683939;700,301938914659;236,972286366131;55,6639757000739;16,8880708728793
"Birkach-Nord";532,821306231409;347,072287926908;69,6487535190172;14,575131905691;4,03161461883094;602,12448068794;391,692776619133;89,8705396570168;19,3212981573073;6,32586920480403;564,53514436166;369,790642440152;82,80380398664;16,4122732420701;5,45813596947822;561,07896895223;370,270772048542;86,3851656320789;15,7817534898006;5,7868348608438
"Birkach-Süd";1132,20204779175;779,267782898804;162,538492392323;33,9032340569341;8,73996225600074;1239,66943481229;846,940390465348;200,617411568549;42,2224888929941;14,2434723561414;1184,40825866423;811,376083443516;184,284715976316;36,6605170972281;12,2704248187085;1182,61122026683;809,343138456976;187,469144206763;35,0107001822446;13,1865513041644
"Birkenäcker";784,276633936047;1091,47239640855;391,483077995701;85,3617586600539;22,5769209882493;876,678009625039;1142,48267939246;432,951678353501;102,195586618864;40,461637550951;818,616992764404;1116,97180518941;407,613837313986;93,9375800339653;32,8597846982384;804,663664510124;1116,96506082341;402,197906889734;94,1245299098554;34,436849908401
"Bopser";812,869104714004;776,334555048785;189,559440440755;42,2940732330343;12,3599125799956;919,671331622619;818,347758236985;246,008578613955;48,7809391348264;18,9334654635516;854,834523933952;803,03119477906;221,387830248686;46,0817621150419;15,6646889232598;841,380766011177;809,725357292208;225,627619332604;46,7220632104673;15,6858652779494
"Botnang-Nord";908,797228127874;558,414139925578;105,781906189835;21,6005448618088;6,52881633533751;1135,22576154957;701,982065784386;166,551129566982;36,441016062142;14,3541491143888;1034,14836798959;621,210331568753;136,310451735829;27,1227007134208;9,20814799241076;1048,42704228472;610,63648299672;136,479785685736;24,8896657151213;7,7571659542315
"Botnang-Ost";856,434844873338;582,197886433183;112,619113174662;23,1926926690156;6,99024203743997;1115,63615335285;742,715466199495;184,927478829042;40,8991853036973;16,1509434761855;997,285912134513;655,829876981744;148,114265429543;29,6639563814791;10,1059890727201;1010,52169215971;648,033642470456;147,338935344474;26,8616239051529;8,3829259149641
"Botnang-Süd";1202,05548309825;732,391627524457;137,830904701148;27,2848708329277;8,48770502973109;1506,58544143262;925,702407879801;219,443361734121;48,0248494168912;18,9387416253621;1379,10182109407;812,360908561411;175,749948619703;34,9112069339393;11,8761147908751;1408,25636089246;792,730191925273;172,353260857432;31,6833796504449;9,71481063008521
"Botnang-West";755,239080812959;453,839835059385;84,7329763491709;16,7374045869236;5,20446274503256;946,604521016497;576,927554669412;134,927020211832;29,4168721854954;11,5929391604712;865,178622149965;506,149984176243;108,024778679093;21,3782007920229;7,26841420267647;881,95135301495;495,286795131354;105,900990912729;19,3794506812152;5,93866508494069
"Burgholzhof";554,972723370266;841,186521660213;311,803093386624;71,0913396937885;18,8116438763736;585,468624268309;857,27031300108;341,212678230639;80,3926127420361;32,0876827820384;566,268502697957;848,660057574349;323,532897497404;75,2413912880762;26,2971509422143;561,618889614038;847,991399037528;320,032911248901;74,6524678412101;27,2941951928122
"Büsnau";814,249800195481;647,645988480781;158,029047905652;31,483463996826;8,0978701858676;855,711692710084;677,6898798889;175,84638768829;36,8135168474831;13,8007234150004;831,640087490528;663,42109057803;165,684791275258;33,8161631332693;11,4378675229136;827,709900476112;664,30715692296;164,210760073243;33,4251898522279;12,0126566081837
"Cannstatt-Mitte";816,507478641537;1234,39611227023;464,773707070543;107,553051055437;28,5184182985162;874,863975620939;1270,85049863919;513,653569951659;120,906358821194;48,3187508768702;838,889393400017;1251,36699808043;484,378649651549;113,573208485445;39,791750382563;830,893706657404;1249,88898940479;478,690427463841;112,800859717362;41,407239552998
"Chausseefeld";359,950265462944;326,326598512147;79,9498880902968;17,3189630968151;4,55426101607523;382,34620715095;334,144064902458;93,7809708142711;17,8895653050942;7,08541670971832;371,022782736345;330,993057449123;86,293469677019;17,7068922829378;5,98379785457588;370,875190300342;331,884499498322;85,6205758237661;17,827631202918;6,17669078596307
"Dachswald";1478,39872545517;1170,04643008226;285,739150786747;54,5688218566425;14,036329638405;1554,92259317819;1221,592998007;309,935815266721;65,7017314774195;25,075081460815;1507,1082255897;1198,8195352284;294,849274923981;59,9351795131025;20,2877847448175;1495,87006826385;1202,34873662106;291,333735979565;59,6997710967159;21,1490543862382
"Degerloch";3303,52752822606;1648,6039093362;307,41684063929;57,17822094427;15,3132396513462;3342,05460249996;1682,27135863092;334,83633744494;67,4141653301159;24,902291910921;3322,16801280691;1665,08957341428;323,837926714935;62,2344367392573;20,6700503246196;3321,43500979973;1664,6800903916;327,027735741781;62,1617821534506;21,3315615522502
"Diemershalde";460,824863417035;705,832482581206;243,672844880902;53,2348218314511;18,2522476070242;525,786791965079;718,642868511111;301,11422767627;69,4301536098146;25,1272307423615;504,831402496731;714,307685055806;264,857866836025;61,0629771378174;20,9400684736204;518,390902268113;716,742990361272;255,992373374189;60,7459058639168;20,0581029429469
"Dobel";909,008304511397;1380,63011585824;471,338436744442;102,933067246241;35,0890273242347;1036,94848505182;1403,61989573065;582,102584677565;133,526688990796;48,0577329688615;995,650018904704;1396,54964354148;511,986522832841;117,548532510113;40,2652822108588;1022,32251787305;1401,75509971447;494,652419446767;116,7469494414;38,726343462989
"Dürrlewang";1141,26830724891;898,530211053358;217,728118159429;42,9891825017641;11,060781679852;1203,85470884378;942,998938856507;241,350733726252;50,808805737863;18,9649061718484;1168,26704004438;921,685274931252;227,948923156046;46,4104201369248;15,688341731402;1163,21472474794;922,76845137398;226,077743406876;45,8356272158791;16,4830450320511
"Espan";897,628992076981;1288,66431608985;475,480423045708;104,672240444731;27,7340671102401;986,53557129803;1338,49908872685;518,153850795064;122,899755099843;49,0992102388127;929,369922444207;1313,17665512806;489,896227652807;113,730647396956;39,826547377968;914,414205687385;1312,70012891596;481,753981455655;113,665529308332;41,485263499664
"Fasanenhof";1522,33680069512;1539,52819521562;424,359766830122;78,3004501633322;23,0215024214384;1781,20400326065;1678,71397113713;491,750357791838;115,251212750656;45,9702594145218;1666,48386078427;1606,30670694991;452,000248483489;96,2624205461785;32,9467632361544;1683,7938123212;1602,99567609524;444,876938098205;95,6584077099248;31,1242718457713
"Fasanenhof-Ost";18,1887735025229;18,4338135462721;5,09631754908363;0,942918652472221;0,290866772290938;21,1501308884687;20,0450738986915;5,86344909869209;1,36743123286552;0,544126128881257;19,664180220953;19,2667492249762;5,49568889084933;1,17359310812179;0,399788555099683;19,6579778979615;19,2988733455578;5,51428367550989;1,19526153806641;0,37895573688037
"Feuerbacher Tal";1118,1818934535;1373,68439250877;410,577659856682;94,3755820430658;24,8199450003757;1244,13076259482;1435,64088174804;480,776583410051;112,021804508002;38,8862372591177;1186,96151421464;1396,78934751128;451,648714970157;99,5018541245569;34,0985691793737;1193,79114502696;1387,52665384406;458,674118895793;95,1526315939956;36,7403080612879
"Feuerbach-Mitte";1562,36604671591;1972,47913273751;597,228179490841;139,422000203405;37,182032483325;1740,587440522;2051,95013661053;705,135634281912;163,745668633622;57,5879279186548;1651,28251320843;2000,64037681563;661,173881942017;146,622758694934;50,2804693389912;1651,05400684311;1987,02360286457;672,929146713358;140,786199020135;53,6869271484044
"Feuerbach-Ost";108,616376397625;142,278161905414;44,33933057542;10,473375935068;2,86218818678713;119,621755790118;146,760399973099;53,2838670822958;12,056513406731;4,44020534364206;112,962596780664;143,78184684555;49,376177802003;11,0708702845916;3,80850828719118;111,602044647479;142,914277323542;50,0403883586444;10,8425474771705;3,99358066598716
"Feuersee";2107,68902426124;1783,41471562457;442,279845331345;83,3026300352906;22,3519709382514;2175,83671095278;1837,67117136016;461,314267381659;99,5778529450677;39,310195643932;2150,30252125676;1807,63134430934;451,824679432203;92,1147170074218;31,126737994282;2160,3491726094;1804,20593350577;451,857177168322;92,9082176159426;31,4745670568589
"Flohberg";196,359563085871;318,949944471548;116,921727905738;24,7904832509094;6,79022399271698;245,033835737307;334,184074804852;135,524234050618;35,5511799639289;13,2874957342806;222,515953329106;325,527637184664;125,048871802326;29,5525895722572;10,3549481116467;224,656252055596;324,304846062857;123,66756688956;28,8252460014785;10,7268166388795
"Frauenkopf";120,532085033639;193,924413097608;68,3354960951496;14,9431781632067;4,03472745729833;160,762185186737;206,731942970916;85,3685752299733;22,250466683144;7,2298383626324;141,660312814926;199,805977530871;76,2596000882045;17,9715889990929;6,30252056690496;142,852286585207;199,19162399747;75,5626170595492;17,2360202648782;7,09103545742214
"Freiberg";1095,24614334273;1848,01098721153;569,689149942778;134,284088400767;42,5959740460612;1610,18890445608;1970,4660750803;851,043756389117;225,658800264294;76,2214495314895;1336,06298978021;1899,74910831179;742,071231494611;176,059290790898;61,0573796224878;1316,46942022822;1888,58508144812;779,370970704802;171,456757212507;62,99698883862
"Gablenberg";1711,21381668246;3149,55874009073;1258,7568914689;293,100823141123;79,2484545537735;2125,10503227762;3239,81768613987;1472,80627654965;393,556477346513;136,872240454151;1918,90878596541;3189,06153081232;1367,51931965094;334,856567859074;118,653795712263;1919,7903877129;3182,44190457351;1369,56371452348;324,889412112317;131,116675957324
"Gaisburg";1375,56504872212;2541,56294550873;1011,34240309591;240,955614559956;65,2474924676933;1692,91148306784;2612,34624636084;1197,20811472507;318,646502822064;111,776198268242;1538,94123053557;2572,31972209769;1108,44315994123;271,968366787263;96,3275206382466;1544,47413011273;2566,86692934817;1113,34657291858;262,753435135795;105,522432720928
"Gänsheide";567,313672062518;966,198605927922;358,525662774224;79,6022485667488;21,4711150887443;733,766232065898;1011,11198297004;431,563748853799;113,813806335775;38,0655646471019;653,009404844374;986,272299417547;393,582560467232;94,0229313039987;33,1128039668481;655,914643409276;983,468775851151;391,862389471021;90,86399466016;37,0474676126422
"Gehrenwald";507,323387346733;843,232559806405;319,265701209996;68,1297836932081;18,9331481403932;629,290272009267;881,07143075092;364,956324362884;96,6255097157835;36,4905319381791;572,419885903951;859,96663601106;339,099069105976;81,0414601507349;28,4729488282779;577,25877558154;857,395625107999;335,555605952488;79,4694759698398;29,3683709329741
"Giebel";961,220485944125;1294,92944412661;403,121307078337;78,3872296646577;30,8207184326042;1238,95738720162;1410,47445367462;544,641080506946;127,296259758208;46,5501714607783;1056,76253486405;1363,34859747228;480,041826796156;110,468667631588;37,3783732359328;1005,79029755955;1375,87406638011;487,289630329702;119,441518125888;35,8406418115109
"Hafen";11,6601853608956;17,1634053984332;6,11024891052271;1,37851015318664;0,36180357957444;12,7548029308203;17,6367466168302;6,99688172494398;1,57015261982368;0,619161285288918;12,1775433053364;17,3819071516783;6,44290159952848;1,4803165791575;0,517331364299314;12,14230702237;17,3605320270271;6,31270898987571;1,48735798227789;0,54891834296712
"Haigst";650,12412308679;313,884822242988;58,1275732335164;10,669224000177;2,84387801098084;660,837965238848;324,039114320802;62,6986961960898;12,8503595176446;4,68755648555863;657,241248884388;318,179420326515;61,0001218293162;11,6960675739292;3,88314138585127;659,312077968587;317,258775673128;61,6906949052141;11,6210979445391;4,02128743006483
"Hallschlag";1378,96728073586;2063,81313459276;760,94779290053;180,109659317938;47,7337997367466;1486,2086442922;2132,62108039964;861,035843025738;200,532618196175;78,5047903114018;1427,10525200818;2095,29944070347;805,229934910371;188,438585143992;65,926787233987;1420,65500435424;2091,86689153555;798,451248965944;186,223816187446;69,2297192456492
"Hasenberg";1419,96141753962;1128,26377813253;278,286121650589;50,626817714688;13,7171704982493;1469,80216194178;1168,38176001665;282,602182222042;62,3318994755792;24,1233266575939;1444,13829220037;1150,3463718015;280,459401426634;56,8837013827161;19,1722331887834;1443,26358921174;1152,72708089197;280,477342003479;57,3593987798719;19,4686856721501
"Hauptbahnhof";42,0903886538465;69,8162845549573;24,4153072167522;5,56401856426428;1,85564342855342;50,2052240974309;71,160538739629;31,0327150244375;7,28338171964861;2,64836385687037;46,773979626398;70,5287143724738;27,1699704112925;6,34258549209568;2,18475009773995;47,510654039056;70,5761293432746;26,5181578121134;6,24715649225949;2,1056282801259
"Hausen";673,715991609569;931,435520089502;286,494614439936;55,3359875532003;21,8230775082435;875,225139972585;1005,11526298788;390,595906852139;89,0071493237433;31,6840916247342;749,441300731421;979,016597621649;339,209789039242;77,2974128831375;26,0348997245504;719,99510654359;991,653310660422;339,991587148894;83,3278181121561;25,1893881457993
"Hedelfingen";1090,84829984646;1512,7600692957;538,637849297592;117,029426116062;30,8831512758038;1220,23663470769;1582,62311567191;604,191445418822;140,832354001543;56,4864330883547;1132,96638869456;1549,21414194213;565,095279581256;130,12903135333;45,5951584287258;1106,40629624454;1551,00537659898;557,660729255432;131,538609346892;47,8426481306629
"Heerstraße";1535,83044042602;1215,48287456944;295,436590305188;56,6017052345086;14,5515150341452;1612,81597937303;1266,48801745302;322,184048690826;67,9152548620951;25,7349111189726;1564,67698403647;1244,16726345474;305,215072437955;61,9738699536738;20,9668101171584;1553,32848302111;1247,91057809417;300,985370014364;61,639034548229;21,9357478119813
"Heilbronner Straße";528,297874722639;688,042764491057;187,89457611317;42,0614053741431;15,8654271753524;677,933140525062;733,041622301428;274,931707580854;60,8633682197274;17,1152766602652;608,142518994859;710,918672482934;227,508217874627;49,8531880635967;16,5774025839847;614,056650019574;711,361589055511;222,914189671821;47,9600130831983;16,6798151324269
"Heslach";2956,6238868207;3212,42516936176;823,903507287794;186,368825710852;55,7787266965839;3501,55808414374;3416,68510380424;1116,41026751823;231,169239974406;85,5726608853305;3178,80078677067;3335,56672765919;986,934525154312;209,422333997748;71,2756264180807;3119,63584711002;3360,28624657235;1006,67292250878;210,190923592005;71,9814295088142
"Heumaden";2530,22563406372;1887,27905719861;426,668796390729;80,4051852513258;20,9914469012347;3002,03512199037;2184,0268372974;545,641526669489;121,509027415685;37,8143449853858;2791,07723064321;2018,73204794219;478,582699678686;96,9548345074381;32,6531872284674;2820,42646901518;1998,82510758242;469,673921029954;92,2462794179474;36,4770593286522
"Heusteigviertel";762,852290585255;1197,46333669929;414,861515307206;91,8966416087934;31,3691046193112;882,658254239039;1217,07077622488;519,19177780665;120,539799983708;42,9614567188845;842,453859889627;1210,65734047247;453,814370067716;105,040004052489;36,0344255176943;865,628668686662;1214,64590989646;438,270515374526;103,653866706887;34,7040076925137
"Hofen";707,383453197841;1182,41705758793;365,113839535535;86,0986300284235;25,9294054299728;1029,43148150625;1261,54058017251;539,730766652443;142,570813902481;46,6161008920098;865,782488009929;1216,5796382111;466,694274298083;109,878878546244;38,0647209346405;862,694277019206;1210,22766095331;483,484828655841;104,636709817764;40,1729183154044
"Hoffeld";939,673642905674;424,973837901171;76,9455670356024;14,1063111899919;3,66212798932745;969,711718141976;447,702248415015;83,5279063505713;17,3840258482631;6,18218020949083;958,854699657567;432,62096982093;80,9304863966006;15,4600392346529;5,13380489024881;963,751192756088;428,247942365445;81,7466625183815;15,124593017624;5,38280582064841
"Hohenheim";205,428344870529;213,767123836345;53,8803889921351;11,9977626715332;3,08591217888352;239,793100645752;229,604572955826;70,0958716367024;14,146083490768;5,69025740710084;220,644122885602;223,091106947619;61,9129967166562;12,9085118338989;4,44326161622343;218,330475976734;224,744352302364;61,8246042487004;12,7162633077204;4,50817552590726
"Höhenrand";746,775752245193;584,23767615906;140,053341473228;26,6444552115304;6,84603041461697;784,654341577971;608,336835674796;153,355868394312;32,2577106848451;12,1983935932516;760,775775650626;597,947063056733;144,994102812454;29,3541102952659;9,92894818492062;754,964868284796;599,899777338856;142,981747375612;29,2400248212402;10,4074613390222
"Hohe Warte";961,697518973464;1110,32485097206;322,187377893596;71,096050964029;18,7174363046809;1096,01372345377;1185,21192466312;375,358494025792;89,1338695742192;30,1248763592567;1041,29653085387;1140,32099514352;353,845664768226;77,1487193717202;26,3880898626615;1055,93289513652;1131,55935670345;359,813581013557;73,6590241983038;28,7021293105352
"Hölderlinplatz";1638,94388016042;1286,94644507446;316,502209669944;57,8545966422169;15,5594633684064;1698,71618657179;1333,5582528268;322,722668473818;70,8745801832614;27,4693939069886;1667,9191775321;1310,50525784897;319,012382768279;64,7318569607814;21,8313248898679;1666,84758243327;1310,80279772937;318,306434175806;65,1639376055369;22,2041440100683
"Im Geiger";872,457688465822;1215,12674480993;434,646964980242;94,3233467907709;24,9403541664255;971,187748280379;1268,91531996529;476,893742734453;113,167736068913;44,8742402518812;910,034385680682;1241,50237962831;451,383891956767;103,800975406043;36,2783673282032;896,16575898372;1240,89219991148;446,223348544319;103,866191848632;37,8913909976735
"Kaltental";1595,95590312227;1548,39873586642;382,3422289734;85,640450044925;25,5247736158416;1806,08326088803;1630,19424045853;495,870010945723;100,582243212781;38,029017337398;1677,71795508578;1598,74153851251;447,208706773428;93,5539049852685;31,7778946430087;1650,30427635712;1609,85336245373;456,741161848564;94,0745618751689;31,7790701328779
"Karlshöhe";1449,85018840732;1611,96495481229;415,901194399484;94,2240314536886;28,2453271857099;1735,74006942169;1718,55389758155;569,076530221669;118,228031812618;43,2769024218683;1571,41327757952;1674,11395495688;499,260127849398;106,122058609322;36,0905810048792;1546,25815836189;1684,53104761565;507,226322600953;105,999737404816;36,4781883002794
"Kernerviertel";1165,97118335355;1830,69690733963;628,153179267597;140,741368409269;47,2951833076893;1350,74034512834;1859,44632333866;783,378448333909;180,554943957992;65,4862630716416;1280,49571612338;1849,91237504985;689,851238867498;159,103802836605;54,6368671226603;1306,54271833802;1855,60738647421;671,128209534257;157,286916545987;52,5735070438307
"Killesberg";337,738738486611;346,339082992522;85,4369354744246;18,5513823394446;6,62704276003091;413,033426045473;379,530040864143;122,230592518619;25,7344863273871;7,64416966709339;372,886915943645;364,674769595394;104,070502965188;22,0692219844951;7,29858951127833;369,946720270236;366,722072733113;104,349019398914;21,9825015740001;7,49033456741502
"Kräherwald";1937,10510968922;1431,21001671906;336,998181526791;62,1464926667296;16,3506289504557;2042,1793132493;1502,9401811739;350,701185879767;77,3015333682819;29,2843011681239;1989,51760884241;1464,16195163412;344,554517198923;69,389246209703;23,3766761148362;1989,37101751671;1460,73471950194;345,383733076152;68,9954029064056;24,0345714743025
"Kurpark";1096,97913870027;1620,49286313941;606,327427533019;137,071419395003;36,3343509330059;1185,08825603933;1674,31019216056;663,039035183813;157,270878446174;62,7694050281616;1128,20718158938;1646,15157558564;627,797432723728;146,532380098596;51,3114300026485;1113,11716302419;1644,68104374524;619,696493153506;145,78088736684;53,3814912050777
"Lauchäcker";894,187162147434;732,524825184424;168,353725787911;34,9223187646861;8,9372262678731;937,369371636259;748,182863515041;196,654860014716;39,6260525787015;14,5308689253572;917,253329013794;740,890604456546;181,688908467181;36,7678020079972;12,3993560544821;918,988696216084;741,522086935151;180,729632662318;36,1720565212954;13,1820718872668
"Lederberg";136,282503062193;169,27017942341;53,0347161233959;10,9943347730224;2,90484397189333;162,489477342016;182,306566452382;61,5082968457969;14,9049518159785;5,7238718719754;146,861693088915;176,2791710476;58,2792886333226;13,0390704077628;4,54077682239935;143,891931779281;176,856580588428;59,4649146906474;13,1442787763067;4,80715199941698
"Lehen";3050,84974429797;3286,81135769121;839,827129486238;189,189537509154;56,6179161223324;3591,87620666446;3503,25017741872;1122,05415563658;230,67614514334;86,7476828462902;3269,87946840627;3416,33828799271;998,169025939045;210,88143525345;71,7317824085171;3209,3106365534;3441,40595909595;1018,43771226567;211,997428108982;71,7894093781709
"Lemberg/Föhrich";1672,74324450569;2046,80646496046;606,923914052861;138,583069353128;36,4513486398407;1864,81442590237;2138,77434378035;708,395029922895;166,075605663911;57,1650834568277;1779,55863382327;2080,1526475378;667,378551048064;146,680225817746;50,2299417731165;1792,24074984591;2065,28469832297;678,812761707106;140,034212063894;54,2555014493309
"Lenzhalde";638,977037892712;680,503934470088;172,25943876881;36,9746375165285;13,3127498781576;781,018200923603;739,95894772454;243,784403526094;51,642601610957;15,3090196424651;707,494959015243;712,985195612772;207,567124803365;44,283112968156;14,6696076004636;704,550652670639;716,224906807428;207,03207028091;44,253105208642;15,091634471231
"Lindenschulviertel";176,460786453003;325,711346530312;141,952948172586;31,5215334314644;8,90549117689715;201,038268417395;333,544403013391;148,594153940601;40,3876101875093;16,2226794046915;188,565280257723;329,483033594625;145,232647058692;35,9543386727727;12,764700416187;188,348518872458;329,312632209651;145,184524708221;35,9540643942854;13,0007182107666
"Luginsland";437,460235977634;691,498673064518;246,388609227701;51,9506798631243;14,1980647888481;555,942039607928;731,205424481963;291,872030886634;76,140152182284;27,6362732490786;502,31229722798;709,23580800029;265,441090099521;62,2639393101424;21,7468653620661;508,91366126939;706,746112973291;261,100819561113;60,1680843541875;22,7229787068928
"Möhringen-Mitte";1715,12981846642;1811,30069364037;507,277448249234;94,0546976103089;27,556467059302;2015,01070294727;1965,8665662738;590,027291151431;139,005588600708;55,604502308865;1886,7544438379;1884,33868976396;539,142131411604;115,242271261106;39,5224637254285;1912,2652475215;1879,34464247792;527,953615777805;113,72712791475;37,1012625975992
"Möhringen-Nord";806,407261751289;772,874881634103;205,668308158501;37,5824233258579;10,9116306453155;951,208439008235;850,812505202753;244,825492572757;57,1793320879868;22,7754083852145;885,481188182251;811,317888272634;222,08055441065;47,0270632164195;16,093305918046;893,332173832237;810,699293983465;218,355441522439;46,6108108746514;15,2107016860236
"Möhringen-Ost";1414,12078900916;1403,25018104143;377,724449191064;69,1701440191093;20,157305123728;1675,85500535151;1540,92957566614;450,36273716854;105,517180768976;42,0697173871856;1559,55673625423;1469,9581755048;407,397080478308;86,4710174486261;29,6169903140431;1576,6965469294;1467,4502898001;399,577653770667;85,4443763363712;27,8563774417918
"Möhringen-Süd";800,19364041046;768,835716011656;202,433946408739;36,8341524797432;10,6428426276429;946,534753135422;846,888328301888;242,810924135067;56,5841198060385;22,5229873465465;880,204147100185;807,348723403155;219,303950491761;46,3027788070783;15,8404001978208;888,251147485178;806,744842516546;215,399850750418;45,8247113531812;14,9668533869103
"Mönchfeld";425,425609423559;741,734019293903;236,358940574394;56,2319880928007;17,4285013182465;614,47875330595;780,714031968365;343,515336392718;91,7719038478666;30,628928813517;515,076550658329;757,780825309768;301,32730798081;71,8586042430412;24,9567118080516;509,340514533123;753,730001402279;314,727507389343;69,3370257403441;26,0484726811925
"Mönchhalde";649,741128930684;683,1438895727;172,394791379455;36,9821767647347;13,4009758080033;793,243013013368;745,410239314231;244,946662244965;51,9905518932497;15,4197293504489;717,990751199121;716,470825828777;208,346536891291;44,4691926339876;14,7226934468232;713,871551466292;719,051721576202;207,965136984328;44,4489906398645;15,0901532910551
"Muckensturm";547,088537325077;750,806347554916;266,25118149565;57,781643508054;15,3082472091574;622,218270074176;792,071415780438;293,295162312532;70,4866126525426;27,4327908777331;578,78959001081;770,991467823238;278,016933237779;63,890342677107;22,3116662510662;571,890985671027;770,465098594485;275,950770100941;63,6035363204113;23,4188982600321
"Mühlhausen";537,363396561119;919,060301777999;286,41666762787;67,5989959103641;20,519045269297;775,281943003861;971,328450748707;419,499613267181;111,105183410529;36,7029143736739;650,976391061357;942,275457802269;365,605489875248;86,2508094272902;29,8918518338355;644,686651389437;938,841436083347;380,484724496098;82,6022444471063;31,398760083659
"Münster";1304,06378138973;1715,33707480285;527,211285436853;113,746652231006;30,3104530814567;1592,30440975991;1839,31927192054;644,731781731394;158,403994271151;50,3257817659889;1471,16037702037;1767,56447883029;582,849893263236;129,804775998024;44,6204748880806;1498,19129636808;1756,07777938158;579,177375238662;122,427661582665;49,682071904972
"Neckarvorstadt";772,632824397324;1215,68854308932;466,720180297783;111,687874352935;29,7178032205792;823,206531349213;1248,01251937081;522,835049839741;121,575100412988;49,0421084719369;797,645701107265;1230,47865713519;490,127559899358;116,024869854378;40,7232120038066;797,323375500202;1228,86468761181;484,656906758882;115,311202173691;42,3035133656284
"Neue Vorstadt";285,499799509768;467,39871516883;166,278330699417;38,1658917442364;12,7350201996277;335,526244075702;475,255659066547;211,087759525025;50,1176452025944;17,9033279410508;316,227059777775;472,163949487217;184,298816006746;43,3599066906442;14,9502680376181;322,949457407235;473,148375804308;179,140899412069;42,4400692991486;14,5162609402992
"Neugereut";1261,65823070865;2067,7530473933;620,784202414023;145,109981765412;44,7412464846486;1862,34204522583;2224,26319533698;940,553195772965;247,233234137117;81,8771168067354;1551,58806676933;2136,21433054219;809,531589491537;189,93570556267;65,7303076342767;1539,33857124237;2124,69222369166;843,487931136294;182,599349811383;68,5786911502587
"Neuwirtshaus";135,775863479931;190,815661729859;63,1150690134069;13,5813863111073;3,62398250489484;158,495508848434;200,243591246358;71,8377595811758;17,8665502670585;6,20161637896934;149,175899567022;194,49779304763;66,9652697765377;15,1348599212661;5,22617768754445;151,576150629186;193,283871352949;66,3639232815334;14,4417912532464;5,59485797650018
"Nordbahnhof";429,259526532868;559,066723467171;152,441105928636;34,1872219994006;12,8235299196241;551,545343493097;596,792601564282;222,898486361349;49,2258556218765;13,9615179045908;494,671234236937;578,048955790169;184,493613615208;40,3608250211041;13,4253713365815;499,693350971002;578,189300818925;180,756928286049;38,7776323275341;13,4640153653746
"Oberer Schlossgarten";90,8204780310177;126,299679721184;42,5396909521013;9,02019720526459;3,05841947189826;101,244987859123;129,57887404002;51,2291039275638;11,6423061945869;4,21632859167207;97,6157877276225;128,06143528799;45,4326174477101;10,3515978576168;3,53856167906079;99,4782051188603;128,205151061387;43,7246409863896;10,375534513724;3,42231185232624
"Obertürkheim";1446,70890839434;1436,68654716404;371,899102443977;82,9038251803433;22,6562805457205;1570,86167979096;1501,81857760417;443,166874726694;96,5337379344918;33,9226246438232;1496,31336615352;1466,13164835455;416,048944272432;87,8168473281065;29,6891938913921;1481,64050975455;1462,45998479037;426,067715669015;85,5792776465641;31,3359483580041
"Österfeld";493,453721684943;368,654127097457;85,4620471591074;16,2817437166245;4,18581051698201;524,585359877395;388,759289412203;94,8845439080647;20,1122825982519;7,35458701572994;507,627864904838;378,758049886201;89,5245991757743;18,0123296009477;6,07715643223923;505,990599167978;378,81845180546;88,7614269901135;17,795054828606;6,43828309798423
"Ostheim";2299,31449350433;4284,30047449327;1706,45968176061;412,672212442572;111,852699377595;2806,92306018036;4396,27831273074;2038,79358691112;539,582478427278;191,459536365766;2563,41234411331;4331,52820252313;1880,73678329949;462,479467255837;163,843202808236;2575,52242325563;4321,22091888916;1890,27813502139;446,423139986322;178,180949792419
"Pfaffenwald";1214,39169093075;1336,7277872234;353,03256155308;78,3517195452818;20,0177076323218;1395,95994231529;1417,66564410914;443,995358918538;89,6110830150568;36,0933143917847;1299,08736726934;1382,10386685346;395,944424513969;83,2329467813534;28,6313945818722;1291,92448567678;1387,87698589722;392,921441311805;82,352412076864;29,3089046640121
"Plieningen";2311,61269927092;1878,9377269012;445,506280386718;91,1440964942081;23,8795775072308;2370,25278745616;1905,34794408316;500,703480010044;101,364771817041;38,8832095791575;2343,97165217215;1890,18991127409;471,474520622603;95,9833926257377;32,3805233054183;2347,54683900582;1887,89235337045;469,556450533452;95,6645202376356;33,5559700845056
"Pragstraße";67,0397203405061;113,340658616632;44,2224495644591;11,0738289811335;3,01898264291906;71,7685615305395;115,535292174896;51,0176591314519;11,7038524705445;4,68400380162846;69,8382583179649;114,370672487166;47,4387534716648;11,362979344017;3,98933637918713;70,3489846502497;114,291492594698;47,2254583230876;11,3325541889323;4,1515047990852
"Rathaus";782,487467634702;1247,64698067166;436,718301289624;98,5879767248499;33,2860683916886;911,063505103465;1269,2044977744;553,313715498157;130,033528437253;44,7338860004355;869,741642946052;1259,80261687523;479,429355537566;111,707445769071;38,3189388720815;896,760650683663;1261,42247293664;461,092116883066;108,644731872624;37,505952608575
"Relenberg";1318,64048043275;1572,04756870992;419,327074660786;91,3050945554992;33,4126872731753;1631,35768568836;1680,1115666785;593,14332701707;128,691938598502;37,6390312670555;1481,51703385721;1627,82262192647;500,251732893544;108,371989689747;36,0366216330332;1489,18521126503;1629,87327396441;493,212358840152;106,458428645919;36,6375185305837
"Riedenberg";1635,64039651522;1253,79466658169;284,640705463142;53,6447067967915;14,0078967779731;1920,51864743505;1428,98448757188;358,465177082293;79,8387875352974;25,2521741465949;1790,13032941992;1332,61543480901;318,067649111445;64,4546816198502;21,731905039771;1804,3077499432;1322,29291449398;313,967305392302;61,7640162713863;24,204692777991
"Rohr";2362,19081605391;1779,45237915699;423,159836640293;80,3758782112233;20,7018763712623;2526,33429858745;1890,5340052089;463,557207767428;99,4428348506129;36,870586360065;2435,50687691877;1836,43434207677;440,79706719474;89,1430723651489;30,1186414445731;2425,20607644593;1838,12981254009;437,783590713422;88,241561581891;31,6861827138782
"Rohracker";693,480310207555;929,633417532116;319,052781232304;68,2986342858333;18,0349271443717;792,730851717847;981,293012091168;360,020812952476;85,3060353728317;33,8099940368199;729,472042599371;956,955478986378;339,083902979559;77,4167895402973;27,0717858943946;713,432585701335;958,711083897833;338,551086376229;78,13967743555;28,4239333106286
"Rosenberg";3131,18083563595;2659,55180504947;665,428595065027;124,375145786974;33,6802323041038;3238,96329079288;2746,19237350926;688,607836586764;149,686614878148;59,0675075733229;3195,35104818732;2701,48992121182;678,027830644453;138,385177734616;46,746022221789;3207,44397168485;2699,86384113236;679,215612783932;139,978468795857;47,1838484371721
"Rosental";1047,64732941016;798,493814038772;189,374598186062;36,3807062339872;9,36003954960644;1115,31204508334;843,620819720631;209,703941638604;44,4887363384535;16,402250432794;1078,03249554727;821,384202206883;198,000820738618;40,0527086655716;13,5297728416542;1073,97697590083;821,768773180038;196,190880534248;39,6032820530436;14,2928644304235
"Rot";1819,53938829897;2840,87858912917;1066,96099545273;241,20500634649;69,1994385762886;2038,19195124357;2961,57138274376;1169,27418392311;301,666623403241;110,541042812511;1960,09091965201;2890,99041159096;1129,76857209823;267,795057267628;93,355039391162;1996,82650774701;2878,94973589038;1143,47561022801;263,51181302382;97,4548025638234
"Rotebühl";3713,98596516591;3130,11983712;787,758046671855;145,182962247195;39,7081019881244;3857,02583954576;3239,8158205201;805,395575066854;176,405416652269;69,5356633365483;3790,77862616098;3187,0848319922;798,223232910932;162,918491017143;54,9948179187477;3796,98183063762;3189,57542395943;800,16020001867;165,417669331744;55,4335652792317
"Rotenberg";132,349222872192;213,814858931814;76,3234389514118;16,0123849264167;4,3768241727179;167,13450046194;224,038698799695;90,3800075137626;23,6622522702958;8,79269198459974;150,989993276649;218,325364293127;82,4966277912519;19,3993127933357;6,78870184563617;152,458383405571;217,617817737095;81,4906331543868;18,8840118462527;7,02863568913892
"Schmidener Vorstadt";1200,53524623598;1791,33065185415;678,779127884059;155,64021055144;41,2941945856648;1289,58225611665;1851,05253688638;744,102922640591;175,919879799629;70,676972464011;1230,42773229807;1820,05798422434;703,600145710524;165,055757724367;57,8583800427009;1213,21476891189;1818,72432522914;694,375581531934;164,203654840641;60,0616700637162
"Schönberg";458,233398751657;289,763691821749;57,1204943727375;11,9086390107252;3,212329080237;519,646991024298;329,632887273101;74,2209224536676;16,0315815786747;4,97162930872841;489,475170367655;308,531263804623;67,3070801504057;13,2801476517275;4,40633802558881;490,104553284923;307,158292342503;69,2322233706446;12,4684268952894;4,77617194453716
"Seelberg";1639,12449158828;2424,94044871085;911,619276794134;204,585576290404;54,2155552351129;1771,02015712318;2504,8119842885;992,264138198335;235,184974810899;94,5863791368516;1683,44093119377;2463,14703676818;940,068585804015;219,452412397902;76,8910338361244;1657,99223335617;2461,11270767231;926,100207342581;218,943161629962;79,8205240127623
"Siegelberg";148,864870806331;181,4614050875;52,6982899164829;12,1785752204253;3,30094828609363;169,87297701479;190,679240947993;63,9994299846974;14,8128705819913;5,18141691199012;159,301166448142;184,667212988868;59,4680321812277;13,086659731091;4,47692865067131;159,221451786472;183,016495307835;60,7847053937424;12,6054089427178;4,75427694670594
"Sillenbuch";2142,67798894127;1605,50950419842;359,294161838446;67,3352241995632;17,5622746038837;2540,59611370054;1851,98599898498;462,396020679321;103,07029390436;32,299865140987;2362,20740006394;1714,61535700251;404,689303606047;81,902279144518;27,585660182982;2386,40781034986;1697,989010427;397,447200485062;78,0193616063493;30,7087076071545
"Solitude";19,2923132522734;20,0784518594869;5,42838808203377;1,10246989250018;0,326126236668388;20,7227878146887;20,7888375024977;6,30739178611519;1,31853109029104;0,525691765576454;20,047625210656;20,4568760902559;5,8465720834693;1,23160599160486;0,417320624013956;20,0947718896854;20,4842071599777;5,82149225922792;1,25643599185104;0,407216650945174
"Sommerrain";639,604519448552;855,712389820661;291,727145586147;62,3135609549903;16,4831074895509;733,954256125283;904,224950802608;325,206292994042;78,248381691375;30,300381453575;679,360043520856;879,629529860982;308,344249512984;70,1886087573182;24,4775683478594;670,631403207844;879,230541095508;308,200167422266;70,0799469151248;25,7550082023257
"Sonnenberg";861,319403098255;824,785186856225;216,013317315472;39,2209129427673;11,2565463338602;1015,6926372399;908,448049443167;257,66247676375;59,7958606313227;23,774210063506;946,628686118934;865,649117226784;232,974084346227;48,9966035988558;16,7515087091994;956,184763707001;864,510880846888;228,428422354011;48,394505730398;15,8528387215716
"Stammheim-Mitte";1830,74909171076;1792,57591102448;474,600104433263;92,8509257646504;24,3536166194352;2132,60788814567;1962,40913819023;559,907376955084;129,693923368223;45,4163355700165;1977,62785207729;1876,83461709721;518,811165077623;109,393273342835;37,3330924050409;1972,86239578209;1876,06060826174;520,643429058152;107,182507197422;40,2132292407057
"Stammheim-Süd";1394,34148108881;1267,03398265588;321,641910140413;62,3088782540335;16,374978721268;1680,87460101574;1436,00755872962;400,495680549097;92,3616777673375;31,3615440584931;1538,10751094215;1349,73070907459;360,764499164769;75,629296651454;25,76798416704;1538,69512257729;1347,62475422969;360,406503658904;73,6222597582405;28,0029521401688
"Steckfeld";637,796982220214;547,27959486829;132,081695595803;27,1803356139392;7,08171531071919;656,636605914992;550,747128268594;148,674045061962;29,5274702747511;11,5983178694627;649,438650235776;548,435569039374;139,124192150578;28,403046453308;9,59854212096406;652,05259866892;547,755813122823;137,649276646691;28,4608623462054;9,90268980434421
"Steinhaldenfeld";699,177153134411;912,743746955431;299,427066822004;63,1433286152452;16,6476775645087;803,276621660586;963,627261958671;340,905430641679;80,6438026904311;30,9498903474626;740,897871111498;938,830331951029;320,090383351468;72,0829581343353;25,09845545167;728,746087245616;939,58895253218;320,001129962792;72,3057728184496;26,6274807407105
"Sternhäule";55,7627703091895;65,5933584438175;19,4644295396742;3,68502785295496;1,09351626262994;66,7242877293817;70,6107467649502;22,9600735952382;5,52748066383235;2,23196726289359;62,2429645135125;67,9666997374834;20,722883814429;4,51096828141364;1,5564836531615;63,4187709773088;67,8074610705417;20,1471570461616;4,39886713202539;1,43147411245531
"Stöckach";812,179759625662;1545,59555660824;634,979127652153;153,490689694448;41,5744688963694;985,701070394992;1583,82586650716;749,396960721759;199,116167367455;71,056830034725;900,664695705543;1562,74449838445;693,724004438197;171,836110144805;61,0306913270016;902,693261229326;1560,43130641593;695,531016498481;166,58044145522;66,5777993993008
"Südheim";1355,57894467757;1412,44259836589;358,00808337464;80,6857974841908;24,1283368244763;1573,80003409349;1495,85171750221;475,281165070979;97,6180334261368;36,205930852804;1445,28316746599;1462,06298081396;423,050609570677;89,2637926396199;30,3394495097557;1422,45220050182;1471,37571361385;430,587062921109;89,3954128566271;30,5421738287153
"Tränke";97,7096702625436;46,6184221178907;8,53770713023854;1,5668603417525;0,403779915662714;99,5133623791546;47,8935932384714;9,23782357524234;1,87845205911353;0,688180520196856;98,7738954170733;47,0586574124678;8,89937610844692;1,70193568749538;0,566135374516679;98,9649296479252;46,8264806292756;8,91303582104278;1,6775586134511;0,589847323442437
"Uhlandshöhe";432,178054487754;774,812529605265;303,010936675437;70,1197726627362;18,9492619443251;541,742612212032;801,404898854399;358,045142726555;95,1348474325309;33,1154850916824;487,55702156386;786,326682531129;330,965895050731;80,6124856855426;28,5379151687374;488,25900769794;784,230174650301;331,481018991596;78,2421040830826;31,485611228424
"Uhlbach";807,057678510687;731,545200663962;178,31646285639;38,0701854234943;9,87983512986907;884,720660851239;775,491319953592;208,687708431826;46,3738143268808;15,6806484243674;849,878842902915;748,150027623619;196,57152878562;40,6710975816108;13,7285031062349;854,572576105212;741,834459758727;200,18263836387;38,846506647991;14,8441046699016
"Universität";133,968786632576;213,172529443885;73,2123181667789;16,9665736547235;5,50120129385174;155,752636532428;216,243212104276;91,5825861248621;21,1244797976793;7,87789302183516;146,138049939933;215,156561655579;81,3743050739283;18,8354545373278;6,49562879323196;147,640800948676;215,684433280871;80,170602636408;18,5883107857118;6,26748954074784
"Untertürkheim";1238,31366456356;2186,4549274802;911,045080474278;194,852113575473;56,6121825816697;1475,92170587324;2264,09691730392;985,332264393417;265,863659038018;99,6499502515929;1376,58346710801;2221,02521796139;933,196544815523;227,946186627239;80,2485834878426;1399,48438697813;2216,02438921942;915,558747617495;225,108892886644;82,7397800422089
"Vaihingen-Mitte";1935,12736999511;1578,00730018313;389,080090194493;76,308379488628;19,6252892080326;2016,34604437701;1634,9037714162;424,624767300071;89,372934194879;34,0458597455223;1965,61712575814;1609,22873977426;403,05821099525;82,2597159078665;27,8362075644854;1953,71173584293;1612,49133268555;398,594425404625;81,5762559856465;29,0134229617889
"Veielbrunnen";419,670363706956;683,284953557684;267,21126451792;64,4626467202246;17,1069845982608;447,094630200896;698,921584521984;299,640909386881;69,3606595862954;28,3591483948683;434,63204887759;690,053299711374;280,146520232753;66,7046903189769;23,4634408593052;436,102109964255;688,818041677893;276,288206444932;66,4612046315851;24,3227048154706
"Vogelsang";2913,00230271523;2447,94346392356;610,741597203914;113,108563080101;30,75010219365;3018,05649741012;2530,68675919573;627,813100333084;136,738482182116;53,901348988307;2972,17365055665;2489,50313578497;620,28042268657;126,382972703219;42,6598182685933;2979,99041584367;2489,72434075594;621,460509649008;128,099972788055;43,0528684775518
"Waldau";1165,5918965755;539,956624438875;96,7813278685705;18,019962917358;4,70603967943724;1192,73162705406;559,359001264351;106,362414075363;21,7017944144126;7,76196826723266;1181,70109754308;546,712601355461;102,525993286396;19,5673877235985;6,49292009146723;1184,68855134108;543,247646654106;103,648490126902;19,2221042620846;6,79752728926992
"Wallgraben-Ost";93,302894635812;104,24053516312;30,0051488216818;5,62215176394958;1,64838806394353;110,845524038925;112,714901531923;35,283424037614;8,40832532967835;3,38163167247693;103,743272346561;108,137890875117;31,873883201071;6,87699282284963;2,36796075440191;105,706875886787;107,738093848758;30,9675264615687;6,71435079465629;2,19496179698036
"Wallgraben-West";138,684193066256;109,471420490136;27,083717341977;5,26420375220694;1,35339843761628;146,559687198792;115,102674422189;29,9020540220843;6,2321053932248;2,37421470896546;141,530675326571;112,695178470988;28,094796379576;5,73558033303705;1,94376948982796;140,246834378391;113,175332606077;27,626456023747;5,7207871098855;2,03784350928336
"Wangen";1026,47548138531;2509,51697387485;1403,5797511129;384,633914058264;117,461225989058;1166,00445258976;2565,17770556564;1525,22354109742;469,428753100661;182,866677852749;1116,21855707927;2534,31141194075;1486,02921103731;422,875013629934;155,565806312745;1139,7227807166;2530,73973220016;1511,47340507513;417,985225454018;161,920929126676
"Wasen";12,0714537125976;19,8128448972993;7,09126070143837;1,73912324053045;0,457647299426488;13,4980185209102;20,140354916095;8,5476169898831;1,86608049525705;0,76185443244792;12,878310069962;19,9617829903528;7,73398763415769;1,79747842730228;0,628440878225262;12,9883970737362;19,9443513240654;7,63345679709528;1,79145085013584;0,650429127975919
"Weilimdorf";3462,88560557973;4490,09337768224;1363,8520433983;263,417796675862;103,373617190772;4489,76890058922;4939,64876557432;1835,07710401518;433,067766308291;155,627157356347;3842,51996950255;4749,85963974699;1626,93155893243;371,301769407592;125,387062410432;3685,09963587676;4791,02266106313;1659,24565919795;398,42999048467;120,547856689106
"Weilimdorf-Nord";101,943241705232;173,325894040125;61,0375675652496;12,3201854392837;4,92765981280664;139,018998764747;182,466996894214;84,6517639074021;20,7773238759838;7,25625700480459;117,359880520825;178,516893666248;71,8686506472933;17,3393612402543;5,91521392537887;113,68783379828;179,246832723987;70,7203976013727;18,2694866315725;5,70727923899448
"Weinsteige";581,911381818464;535,623445615017;129,934431443053;28,9202131077513;8,23035597708079;642,517433126979;557,659231492516;163,737909133938;32,4613681463163;12,6138382410634;606,598377816713;549,282422304508;148,809838494311;30,8463325859042;10,4630287985645;599,991284103761;552,389579658322;151,131801089387;31,0293231257517;10,5111837273792
"Weißenhof";617,149324275451;666,781850582789;169,595422077609;36,4043882420092;13,2546598812029;756,195744110761;723,502573393555;241,444736348451;51,386417602881;15,1322178492471;684,71564444616;697,235947369757;204,753782016522;43,7925293786256;14,5020967889356;682,413421214458;699,699165465739;203,852255902984;43,6715016800144;14,8652237580068
"Wildpark";3,35214450346091;1,87625684214132;0,350892785283649;0,0625485964137017;0,0161100560616135;3,69211907401793;2,10353440542147;0,427896751359652;0,0908663710113721;0,0316573834478077;3,50901249372696;1,99440642860344;0,394632063215794;0,0763356841877397;0,0256133302660655;3,49357802900642;1,99971325780584;0,40079358662067;0,0758982729820958;0,0276481661617772
"Winterhalde";784,973305798334;1153,15723839142;430,511550183863;97,3365606219668;25,80422090135;851,298622030297;1193,53107870539;472,273496880316;111,794791258952;44,5806010786115;808,564016811695;1172,55239470826;446,223398911938;104,172271790145;36,48791777796;797,302902573319;1171,62090783751;440,142075829408;103,709443378011;38,0120434108767
"Wolfbusch";573,012858200293;743,149294114695;223,096770484466;42,8293000627481;16,7877013081596;731,528096605491;811,275813224786;299,62739012537;69,5146045217125;24,9500965112045;627,759418056276;785,589886898553;264,706379245706;59,794706391551;20,1496094079137;598,922877648492;795,445573050097;268,64084858781;64,0567700378107;19,3033864646569
"Zazenhausen";389,475841640404;593,96951991184;213,101881083389;46,9098430600638;13,0864288371376;431,991806199945;612,613394527709;233,080826594503;59,2623776110192;21,6080888981106;416,24891963337;601,088591853405;224,461520183557;52,106681163545;18,0942871661233;422,737267531248;598,496985540029;226,073480588981;50,9544115494314;18,9731439878869
"Zuffenhausen-Am Stadtpark";575,851126028435;893,008595369271;333,208796156997;74,6377613064747;21,2215905585128;643,906244583654;928,497028714181;363,343971124701;93,4740199905377;34,4536764694746;618,588106165088;907,398209471582;351,202255298302;82,9113166642987;28,9001124007301;628,834483646315;903,451618212588;354,644457248246;81,5647590358193;30,1500875615964
"Zuffenhausen-Elbelen";104,10119891101;164,701892505078;62,7329038206992;13,8555144216392;3,98691028097779;114,613566442368;170,12935546165;67,1653216053135;17,3562931234859;6,53003146095643;110,629805612587;166,96937107035;65,4791376918397;15,5099428913334;5,41174273389054;112,126773772466;166,444367643274;66,1026964904672;15,3970477369461;5,59206257262398
"Zuffenhausen-Frauensteg";280,664425198066;448,310516121539;171,319985174132;38,7417853292219;11,1590963804647;305,028520393026;462,454571217406;184,081267497385;47,6162727009808;17,855840629001;296,874065311441;453,926479779303;180,339325455118;42,8890497000281;14,9710797541106;301,612409447788;452,213463437926;183,443677360247;42,5478975646478;15,5165047533785
"Zuffenhausen-Hohenstein";640,173736102972;1070,23754586628;418,398723981239;98,035681255525;28,9721054100051;687,929642823998;1097,53451940602;464,353422129222;117,739661371392;43,9989325155127;667,713652550672;1081,62033199601;447,390500488904;107,670132460628;37,6053825037832;672,02184441795;1078,95480183115;454,466297469696;107,414204398474;38,9228690226352
"Zuffenhausen-Im Raiser";150,873061756649;240,863902384446;85,6834915155355;20,143229655109;5,71107494936046;162,038379638953;244,671707383232;97,2689439172613;23,8956884668871;8,5738370519946;155,107160341007;243,393124370531;93,3394358634828;21,6636813132602;7,49659811171918;153,520618744779;244,128794354873;95,5314572129938;21,245119257098;7,91323588941525
"Zuffenhausen-Mitte";1293,81585513308;2091,93667000891;802,665012766457;182,386838029753;52,8551264036595;1402,59740775773;2155,95757783492;865,706571113167;224,496922226088;83,7305437770345;1369,63226151773;2117,05707448799;847,735289061686;202,056074188042;70,519300744554;1394,83888513223;2108,95113397749;863,67587391095;200,425714258774;73,1386721024447
"Zuffenhausen-Mönchsberg";816,487207476838;1257,58264665055;462,583577486951;105,359089286119;29,9360202411997;913,362129169563;1311,24391675393;510,429211936085;130,757086754507;47,463632719248;879,43152839256;1279,28128441828;492,827822362548;116,06804196128;40,3913228653296;896,498422591806;1273,2436405548;500,264796069643;113,726811303595;42,3813186125128
"Zuffenhausen-Schützenbühl";290,971275614453;464,618059755797;178,06572315658;40,9742254994855;12,0442217191779;320,407634262588;483,136290004612;194,97346441636;50,7146162863655;18,6111278641198;311,625602125228;472,333309292888;189,71542048467;45,4603416777535;15,8653264194603;318,609304697825;470,516996837221;193,4752166002;45,0084837775511;16,4978577462973
